tpep_pickup_datetime,tpep_dropoff_datetime,passenger_count,trip_distance,fare_amount,payment_type
2026-03-07 17:02:05,2026-03-07 17:07:44,3,3.24,19.89,No Charge
2026-03-04 03:33:39,2026-03-04 04:14:59,2,20.56,56.11,Credit Card
2026-03-04 20:16:18,2026-03-04 21:05:10,4,15.47,44.62,Credit Card
2026-03-03 08:51:02,2026-03-03 08:59:08,3,14.08,39.48,Dispute
2026-03-06 05:40:04,2026-03-06 06:15:20,3,-4.06,-5.92,Credit Card
2026-03-01 19:33:26,2026-03-01 19:41:58,3,14.12,46.85,Dispute
2026-03-03 20:26:22,2026-03-03 21:08:58,3,14.93,47.58,Dispute
2026-03-07 15:19:06,2026-03-07 15:32:04,2,19.99,58.15,Credit Card
2026-03-07 00:42:24,2026-03-07 00:56:10,6,6.19,20.65,Dispute
2026-03-04 21:05:18,2026-03-04 21:31:01,5,11.63,-8.88,Cash
2026-03-05 16:02:09,2026-03-05 16:31:45,5,5.54,19.03,Cash
2026-03-06 06:37:31,2026-03-06 07:08:16,6,1.31,13.32,No Charge
2026-03-03 14:37:23,2026-03-03 15:02:58,4,8.14,32.7,Dispute
2026-03-01 00:43:08,2026-03-01 01:04:58,1,23.46,71.2,No Charge
2026-03-05 06:44:15,2026-03-05 07:01:10,2,18.79,51.85,Dispute
2026-03-07 06:40:38,2026-03-07 06:52:47,1,23.29,69.34,Dispute
2026-03-02 09:53:47,2026-03-02 10:03:23,5,10.0,36.17,Cash
2026-03-01 06:58:19,2026-03-01 07:51:06,6,8.63,29.78,Cash
2026-03-03 07:49:15,2026-03-03 08:28:42,6,6.16,24.65,Dispute
2026-03-04 00:06:35,2026-03-04 00:56:27,4,13.2,44.96,Credit Card
2026-03-01 20:56:20,2026-03-01 21:24:47,5,6.76,23.45,Credit Card
2026-03-07 20:01:36,2026-03-07 20:39:48,1,3.45,15.12,No Charge
2026-03-05 13:55:13,2026-03-05 14:38:47,5,8.48,26.64,Cash
2026-03-04 12:51:30,2026-03-04 13:00:47,2,12.1,38.72,Dispute
2026-03-03 20:31:36,2026-03-03 21:17:42,3,8.55,25.85,Credit Card
2026-03-01 06:14:38,2026-03-01 06:28:41,3,0.92,7.52,Credit Card
2026-03-07 21:30:29,2026-03-07 22:11:28,5,21.53,60.09,Credit Card
2026-03-02 13:58:13,2026-03-02 14:47:21,4,15.45,45.94,Credit Card
2026-03-04 08:54:27,2026-03-04 09:01:05,1,5.42,21.82,Credit Card
2026-03-02 21:15:24,2026-03-02 21:21:18,1,21.71,58.81,Dispute
2026-03-03 18:45:19,2026-03-03 19:16:03,4,17.58,55.41,Cash
2026-03-01 08:49:38,2026-03-01 09:29:00,5,22.49,-8.5,No Charge
2026-03-02 12:56:44,2026-03-02 13:46:10,6,1.54,14.66,Dispute
2026-03-02 18:23:27,2026-03-02 19:14:05,1,18.49,58.35,Credit Card
2026-03-05 22:18:08,2026-03-05 22:38:56,5,17.37,-7.96,Dispute
2026-03-07 08:14:40,2026-03-07 09:03:06,4,23.8,68.29,No Charge
2026-03-01 18:33:04,2026-03-01 19:25:52,3,12.88,40.87,Cash
2026-03-05 11:43:29,2026-03-05 12:30:37,5,18.57,57.1,No Charge
2026-03-05 14:13:58,2026-03-05 14:31:36,5,19.82,54.75,No Charge
2026-03-07 11:48:55,2026-03-07 12:43:28,2,-1.87,5.23,No Charge
2026-03-06 10:26:21,2026-03-06 10:45:51,3,3.29,15.64,Cash
2026-03-07 04:17:38,2026-03-07 05:09:18,4,8.23,-7.93,Credit Card
2026-03-07 21:43:16,2026-03-07 22:08:01,1,12.1,41.89,Dispute
2026-03-02 14:09:53,2026-03-02 15:07:17,1,24.77,-3.33,No Charge
2026-03-06 15:45:29,2026-03-06 16:08:51,2,0.93,11.62,No Charge
2026-03-03 22:22:43,2026-03-03 22:52:41,2,24.58,73.98,Dispute
2026-03-04 11:08:26,2026-03-04 11:12:59,5,13.56,43.58,Credit Card
2026-03-02 10:20:14,2026-03-02 11:01:36,4,6.26,26.87,Credit Card
2026-03-05 01:52:15,2026-03-05 02:43:45,3,8.22,32.78,No Charge
2026-03-05 22:04:27,2026-03-05 23:03:48,6,24.95,74.03,No Charge
2026-03-05 07:26:33,2026-03-05 07:30:53,5,1.12,13.22,Dispute
2026-03-05 11:49:57,2026-03-05 12:10:49,4,1.05,13.05,Cash
2026-03-04 00:37:46,2026-03-04 00:50:51,6,8.57,31.29,Credit Card
2026-03-05 18:08:43,2026-03-05 18:42:36,6,23.63,71.86,No Charge
2026-03-02 04:55:52,2026-03-02 05:41:28,1,11.84,34.57,Cash
2026-03-05 20:49:14,2026-03-05 21:02:16,4,24.65,68.47,Cash
2026-03-04 05:07:38,2026-03-04 05:49:51,1,10.66,32.47,No Charge
2026-03-05 07:16:45,2026-03-05 07:55:25,1,3.44,12.97,Cash
2026-03-02 06:13:29,2026-03-02 07:10:20,1,8.74,34.81,Credit Card
2026-03-05 17:20:34,2026-03-05 17:50:54,6,17.85,51.82,Credit Card
2026-03-04 01:11:29,2026-03-04 01:41:39,1,9.05,32.75,No Charge
2026-03-04 05:06:47,2026-03-04 05:48:13,6,24.44,70.6,Dispute
2026-03-06 21:04:57,2026-03-06 21:41:28,4,13.06,39.85,Dispute
2026-03-04 00:35:15,2026-03-04 01:06:21,5,8.88,27.56,Credit Card
2026-03-05 11:44:30,2026-03-05 12:05:55,5,23.07,61.8,Cash
2026-03-05 05:16:51,2026-03-05 05:43:43,5,-0.32,6.83,Cash
2026-03-07 09:37:59,2026-03-07 10:12:00,5,3.37,20.9,Cash
2026-03-03 11:29:16,2026-03-03 12:12:13,5,20.2,-3.3,Credit Card
2026-03-07 21:25:30,2026-03-07 21:51:57,5,19.51,56.0,Cash
2026-03-03 14:07:04,2026-03-03 15:04:26,4,-2.96,-1.33,Cash
2026-03-04 06:35:06,2026-03-04 07:02:26,2,13.77,46.25,Cash
2026-03-04 14:22:26,2026-03-04 15:12:18,3,16.79,50.16,Cash
2026-03-03 04:43:14,2026-03-03 05:02:38,6,6.64,29.02,Dispute
2026-03-02 10:10:57,2026-03-02 10:42:45,2,6.28,28.34,Credit Card
2026-03-07 18:12:48,2026-03-07 18:19:02,2,21.87,58.85,No Charge
2026-03-05 06:00:11,2026-03-05 06:46:45,4,5.8,19.23,No Charge
2026-03-04 22:14:41,2026-03-04 22:29:37,4,22.98,68.94,No Charge
2026-03-05 08:44:54,2026-03-05 09:43:17,4,19.32,54.57,Cash
2026-03-05 13:49:54,2026-03-05 14:32:50,3,0.83,13.01,No Charge
2026-03-06 18:31:58,2026-03-06 18:55:31,1,11.54,32.01,Credit Card
2026-03-02 14:39:11,2026-03-02 15:18:49,4,10.72,36.15,No Charge
2026-03-06 07:07:28,2026-03-06 07:25:56,5,18.97,58.1,Credit Card
2026-03-02 13:17:32,2026-03-02 13:42:18,1,1.54,13.13,No Charge
2026-03-07 04:42:19,2026-03-07 04:53:35,2,17.07,50.23,Credit Card
2026-03-03 19:15:35,2026-03-03 19:31:12,6,14.89,42.29,Dispute
2026-03-01 13:16:55,2026-03-01 14:10:49,3,5.22,20.95,Credit Card
2026-03-03 14:17:51,2026-03-03 15:13:26,6,23.41,63.36,No Charge
2026-03-05 04:42:11,2026-03-05 05:03:37,6,19.72,61.6,Credit Card
2026-03-02 01:07:11,2026-03-02 01:20:29,3,3.23,17.31,Cash
2026-03-07 22:38:34,2026-03-07 23:32:23,3,7.93,25.39,Cash
2026-03-01 20:28:29,2026-03-01 21:19:38,2,6.61,28.81,Credit Card
2026-03-06 16:01:50,2026-03-06 16:21:05,2,10.91,33.59,Cash
2026-03-07 10:48:53,2026-03-07 10:57:01,1,11.1,32.93,Credit Card
2026-03-05 16:42:20,2026-03-05 17:23:58,1,13.71,47.01,Credit Card
2026-03-04 01:01:57,2026-03-04 01:05:07,6,17.89,56.85,Cash
2026-03-01 08:13:01,2026-03-01 09:07:01,6,13.79,-4.08,No Charge
2026-03-04 21:47:47,2026-03-04 22:15:08,4,16.56,51.99,No Charge
2026-03-02 09:44:41,2026-03-02 10:28:40,5,16.57,45.56,Credit Card
2026-03-03 12:21:31,2026-03-03 12:29:15,6,6.09,21.89,Cash
2026-03-03 16:25:51,2026-03-03 17:21:26,2,1.59,10.27,Cash
2026-03-05 15:19:41,2026-03-05 16:18:13,4,7.18,24.84,No Charge
2026-03-07 03:03:49,2026-03-07 03:09:40,2,19.58,57.1,No Charge
2026-03-04 10:55:53,2026-03-04 11:10:26,2,1.81,10.29,No Charge
2026-03-04 00:05:53,2026-03-04 00:19:32,2,-1.62,5.99,No Charge
2026-03-01 11:11:34,2026-03-01 11:59:54,3,12.96,43.56,Credit Card
2026-03-04 18:10:06,2026-03-04 18:21:16,1,18.71,59.59,Cash
2026-03-05 04:53:23,2026-03-05 05:47:56,1,23.4,69.52,Credit Card
2026-03-07 12:45:44,2026-03-07 13:25:05,6,6.79,21.21,Credit Card
2026-03-01 01:35:20,2026-03-01 01:43:14,2,16.7,51.65,Dispute
2026-03-04 00:40:36,2026-03-04 00:47:47,1,24.51,73.41,Credit Card
2026-03-04 07:10:39,2026-03-04 07:14:47,5,8.3,29.8,Credit Card
2026-03-06 08:11:57,2026-03-06 08:45:50,4,4.09,22.83,No Charge
2026-03-05 13:10:09,2026-03-05 13:26:05,3,7.21,29.48,Dispute
2026-03-07 15:35:31,2026-03-07 16:07:19,3,8.74,31.35,Cash
2026-03-01 12:28:11,2026-03-01 12:54:52,4,11.48,40.76,Dispute
2026-03-06 18:23:16,2026-03-06 19:19:06,3,0.63,10.71,No Charge
2026-03-02 03:44:06,2026-03-02 04:25:42,4,18.28,58.13,Credit Card
2026-03-07 11:42:31,2026-03-07 12:11:16,6,-0.39,11.46,Credit Card
2026-03-07 02:04:11,2026-03-07 03:01:45,2,23.07,-2.66,No Charge
2026-03-03 02:47:09,2026-03-03 03:31:03,1,5.16,17.74,Cash
2026-03-06 16:55:59,2026-03-06 17:48:43,4,7.49,-5.46,Dispute
2026-03-06 00:29:22,2026-03-06 00:52:47,4,14.13,45.84,Credit Card
2026-03-01 12:23:31,2026-03-01 13:00:31,6,12.6,40.72,Cash
2026-03-05 00:31:32,2026-03-05 01:06:23,6,24.53,69.71,No Charge
2026-03-05 12:44:16,2026-03-05 12:55:09,1,15.23,42.53,Credit Card
2026-03-07 09:20:07,2026-03-07 09:36:04,2,23.41,65.07,Cash
2026-03-07 05:16:59,2026-03-07 06:14:46,1,20.84,59.28,No Charge
2026-03-01 10:09:08,2026-03-01 11:03:36,5,17.66,55.17,Cash
2026-03-02 09:42:59,2026-03-02 10:22:01,6,11.78,32.49,Credit Card
2026-03-02 13:28:06,2026-03-02 13:39:26,2,11.09,30.87,Dispute
2026-03-01 16:38:42,2026-03-01 17:18:55,2,20.12,60.65,Credit Card
2026-03-04 06:45:10,2026-03-04 07:38:36,6,8.59,-4.5,Dispute
2026-03-06 12:32:24,2026-03-06 13:24:47,5,9.05,32.65,Cash
2026-03-05 13:02:50,2026-03-05 13:59:18,4,4.65,22.62,No Charge
2026-03-01 11:39:20,2026-03-01 12:32:04,3,24.77,70.15,Credit Card
2026-03-01 17:32:06,2026-03-01 17:51:01,5,12.64,-6.5,Dispute
2026-03-01 18:34:46,2026-03-01 19:18:23,1,16.91,50.58,Dispute
2026-03-04 19:19:05,2026-03-04 19:52:41,5,1.51,12.15,Credit Card
2026-03-02 01:57:19,2026-03-02 02:37:04,6,19.35,58.85,Credit Card
2026-03-01 02:49:27,2026-03-01 03:10:51,5,24.63,69.91,Credit Card
2026-03-05 12:13:20,2026-03-05 12:16:30,2,19.55,60.98,Dispute
2026-03-04 00:38:53,2026-03-04 00:48:52,2,21.45,58.47,Dispute
2026-03-06 06:07:15,2026-03-06 06:23:59,1,5.38,16.98,Dispute
2026-03-07 20:43:35,2026-03-07 20:55:07,3,1.11,6.33,No Charge
2026-03-06 05:40:17,2026-03-06 06:39:49,2,2.0,15.16,Dispute
2026-03-04 15:35:30,2026-03-04 15:40:07,5,13.8,40.33,Credit Card
2026-03-01 20:07:26,2026-03-01 20:36:12,1,22.39,59.62,No Charge
2026-03-07 16:02:56,2026-03-07 16:21:03,4,4.78,-2.54,Cash
2026-03-05 03:06:31,2026-03-05 03:34:09,4,12.77,38.23,No Charge
2026-03-06 08:48:10,2026-03-06 08:54:20,1,-0.65,6.67,Dispute
2026-03-04 00:53:24,2026-03-04 01:12:53,2,12.96,45.12,Credit Card
2026-03-03 20:50:20,2026-03-03 21:24:55,4,-2.72,4.07,No Charge
2026-03-01 22:53:53,2026-03-01 23:08:17,1,23.67,71.11,Cash
2026-03-04 19:46:24,2026-03-04 20:13:57,2,8.44,29.93,Credit Card
2026-03-01 10:09:58,2026-03-01 10:58:58,5,19.47,57.37,Dispute
2026-03-06 12:35:32,2026-03-06 13:14:13,3,8.32,30.55,No Charge
2026-03-02 18:43:56,2026-03-02 18:58:49,6,5.84,26.59,Cash
2026-03-03 12:37:44,2026-03-03 12:52:10,2,-0.39,6.14,Cash
2026-03-04 21:41:15,2026-03-04 22:19:19,3,19.44,-0.06,No Charge
2026-03-03 15:18:10,2026-03-03 15:51:00,2,23.43,65.11,Credit Card
2026-03-01 19:48:53,2026-03-01 20:46:23,5,24.27,71.66,Cash
2026-03-02 16:58:22,2026-03-02 17:35:31,6,21.06,59.94,Cash
2026-03-02 21:45:06,2026-03-02 22:17:14,1,13.98,42.61,Credit Card
2026-03-05 11:32:40,2026-03-05 12:30:35,5,24.5,64.4,Dispute
2026-03-02 02:41:49,2026-03-02 03:33:00,5,12.63,40.02,Dispute
2026-03-02 19:38:34,2026-03-02 20:12:55,2,18.51,56.47,Credit Card
2026-03-04 03:49:25,2026-03-04 03:58:10,1,19.47,56.35,Credit Card
2026-03-01 02:52:03,2026-03-01 03:04:29,3,23.03,69.82,No Charge
2026-03-06 04:14:01,2026-03-06 04:42:35,1,11.92,38.42,No Charge
2026-03-04 04:06:04,2026-03-04 04:48:45,3,12.73,44.32,Dispute
2026-03-03 10:54:15,2026-03-03 11:03:21,2,1.76,10.35,Credit Card
2026-03-03 23:05:01,2026-03-03 23:41:31,6,8.25,30.53,Dispute
2026-03-02 04:21:57,2026-03-02 04:45:55,5,8.71,34.64,No Charge
2026-03-05 06:04:45,2026-03-05 06:32:29,4,-1.14,6.12,No Charge
2026-03-07 00:11:47,2026-03-07 00:55:13,3,21.09,63.75,Cash
2026-03-04 07:33:16,2026-03-04 07:41:13,5,8.29,28.84,Credit Card
2026-03-02 10:12:40,2026-03-02 10:46:38,3,12.13,39.9,Dispute
2026-03-07 03:47:00,2026-03-07 04:28:37,5,14.74,44.65,Cash
2026-03-05 23:29:00,2026-03-06 00:28:40,4,5.1,17.84,Credit Card
2026-03-02 21:22:46,2026-03-02 21:52:59,3,14.74,41.47,Credit Card
2026-03-01 05:37:23,2026-03-01 06:22:40,2,0.99,9.63,No Charge
2026-03-03 23:33:07,2026-03-04 00:28:41,5,17.36,54.27,Dispute
2026-03-03 17:52:05,2026-03-03 18:13:23,1,-4.06,-0.88,Credit Card
2026-03-07 04:24:45,2026-03-07 04:31:55,5,14.18,43.78,Dispute
2026-03-02 06:20:01,2026-03-02 07:07:45,5,8.81,34.03,Cash
2026-03-04 13:48:22,2026-03-04 14:15:32,2,8.31,32.28,No Charge
2026-03-07 23:34:18,2026-03-07 23:59:00,3,5.15,24.46,Credit Card
2026-03-02 09:18:04,2026-03-02 10:02:39,1,0.99,7.79,Cash
2026-03-02 18:32:25,2026-03-02 19:16:52,5,6.62,-8.31,Dispute
2026-03-07 20:31:00,2026-03-07 20:50:55,2,14.44,45.51,Credit Card
2026-03-01 23:39:36,2026-03-02 00:23:16,3,13.37,38.7,Credit Card
2026-03-02 22:37:41,2026-03-02 23:03:51,1,16.15,45.25,Dispute
2026-03-02 02:07:16,2026-03-02 02:58:37,1,21.75,60.68,Cash
2026-03-02 23:20:55,2026-03-02 23:26:00,3,7.16,22.15,Credit Card
2026-03-04 12:33:43,2026-03-04 12:53:39,6,2.16,11.99,Cash
2026-03-04 08:09:12,2026-03-04 08:25:01,6,3.49,15.13,Credit Card
2026-03-07 13:23:38,2026-03-07 13:40:24,1,14.19,48.01,Cash
2026-03-02 19:23:55,2026-03-02 20:00:15,2,10.04,-0.46,Cash
2026-03-06 21:10:31,2026-03-06 21:59:03,4,22.69,66.3,Credit Card
2026-03-03 20:26:08,2026-03-03 20:55:05,3,11.57,36.59,Cash
2026-03-04 01:31:01,2026-03-04 02:29:50,5,15.78,47.61,Credit Card
2026-03-02 08:05:46,2026-03-02 08:09:34,3,6.87,25.12,Credit Card
2026-03-07 00:55:33,2026-03-07 01:32:57,1,10.81,32.09,Credit Card
2026-03-02 21:39:06,2026-03-02 22:37:02,2,1.89,8.56,Credit Card
2026-03-07 15:29:33,2026-03-07 15:45:02,5,14.45,-1.69,No Charge
2026-03-06 03:38:48,2026-03-06 04:05:57,6,15.48,45.68,Credit Card
2026-03-06 23:52:44,2026-03-07 00:46:26,4,3.86,16.72,No Charge
2026-03-01 07:01:36,2026-03-01 07:52:34,3,17.6,54.79,Cash
2026-03-03 14:49:07,2026-03-03 15:04:22,4,22.88,63.14,Cash
2026-03-04 08:38:59,2026-03-04 09:34:37,5,15.27,48.97,Cash
2026-03-01 15:46:12,2026-03-01 16:06:45,1,1.79,11.55,Dispute
2026-03-04 01:20:50,2026-03-04 01:35:10,2,4.34,14.86,Credit Card
2026-03-04 20:23:11,2026-03-04 20:32:20,1,1.85,8.5,Cash
2026-03-02 00:23:37,2026-03-02 00:47:12,4,1.55,9.55,No Charge
2026-03-05 14:27:21,2026-03-05 14:48:11,4,4.49,-9.65,Dispute
2026-03-01 05:59:42,2026-03-01 06:22:56,2,-2.83,-2.21,No Charge
2026-03-04 17:19:24,2026-03-04 17:23:19,3,13.74,46.28,Cash
2026-03-05 11:25:30,2026-03-05 12:09:06,6,11.44,39.04,Cash
2026-03-02 08:42:57,2026-03-02 09:00:19,5,13.26,42.85,Credit Card
2026-03-07 06:17:15,2026-03-07 06:31:49,2,9.62,34.01,Cash
2026-03-07 21:27:48,2026-03-07 22:07:17,6,11.74,41.2,Credit Card
2026-03-04 10:42:39,2026-03-04 11:00:46,1,0.87,10.01,Credit Card
2026-03-07 17:34:36,2026-03-07 18:02:06,3,3.07,20.17,Credit Card
2026-03-06 22:58:40,2026-03-06 23:09:05,1,-3.7,-1.7,Cash
2026-03-02 13:01:11,2026-03-02 13:57:20,5,23.95,64.62,No Charge
2026-03-04 12:21:53,2026-03-04 12:52:26,2,10.7,39.24,Dispute
2026-03-01 06:39:38,2026-03-01 06:52:03,6,6.31,26.18,Credit Card
2026-03-04 03:55:36,2026-03-04 04:22:30,5,18.89,54.75,Credit Card
2026-03-07 02:33:48,2026-03-07 02:45:21,2,4.61,21.45,Dispute
2026-03-04 00:03:21,2026-03-04 00:47:50,1,3.82,-2.0,Credit Card
2026-03-06 08:11:05,2026-03-06 08:52:38,1,1.98,12.68,Cash
2026-03-03 18:55:52,2026-03-03 19:04:24,5,21.72,61.8,Dispute
2026-03-07 19:37:54,2026-03-07 19:50:41,4,14.47,47.38,No Charge
2026-03-06 01:38:38,2026-03-06 02:34:46,6,4.42,22.23,Cash
2026-03-06 15:52:57,2026-03-06 16:06:16,6,23.62,63.77,No Charge
2026-03-02 00:47:28,2026-03-02 01:46:03,1,2.22,17.16,Dispute
2026-03-02 06:54:13,2026-03-02 07:26:29,1,16.85,47.36,Credit Card
2026-03-03 05:49:36,2026-03-03 06:18:44,4,2.5,18.84,Credit Card
2026-03-02 22:37:35,2026-03-02 22:58:43,2,20.08,58.33,Cash
2026-03-07 22:27:00,2026-03-07 22:36:42,4,20.45,54.77,No Charge
2026-03-01 00:18:04,2026-03-01 01:05:18,6,19.87,55.69,Credit Card
2026-03-06 20:38:50,2026-03-06 21:33:22,5,17.22,46.59,Credit Card
2026-03-06 17:15:52,2026-03-06 17:22:38,5,7.62,25.34,Dispute
2026-03-01 06:12:11,2026-03-01 06:17:54,5,16.75,51.14,Credit Card
2026-03-06 14:47:17,2026-03-06 15:16:38,5,18.46,49.91,Cash
2026-03-07 14:36:37,2026-03-07 15:21:01,4,12.21,42.38,Cash
2026-03-06 14:25:03,2026-03-06 15:18:45,1,1.45,7.1,Credit Card
2026-03-02 17:50:09,2026-03-02 18:36:54,1,17.65,51.79,Credit Card
2026-03-05 03:28:11,2026-03-05 03:49:56,6,3.19,19.52,Dispute
2026-03-05 11:25:12,2026-03-05 12:20:37,1,5.54,22.33,No Charge
2026-03-03 06:48:14,2026-03-03 07:44:21,2,2.07,15.77,No Charge
2026-03-03 08:59:55,2026-03-03 09:41:50,3,1.58,7.89,Cash
2026-03-01 16:08:25,2026-03-01 16:43:07,2,0.96,10.24,Credit Card
2026-03-04 04:14:03,2026-03-04 04:24:31,1,19.26,52.87,Cash
2026-03-02 12:10:33,2026-03-02 13:02:40,6,12.68,38.21,Cash
2026-03-03 13:09:48,2026-03-03 13:15:55,4,2.05,12.06,No Charge
2026-03-02 05:32:08,2026-03-02 05:54:33,1,9.11,33.9,Dispute
2026-03-05 01:23:28,2026-03-05 02:14:44,5,3.96,16.17,Credit Card
2026-03-06 07:40:37,2026-03-06 08:26:10,1,19.93,56.58,Credit Card
2026-03-01 05:38:54,2026-03-01 06:13:10,6,8.65,31.61,Credit Card
2026-03-03 10:05:58,2026-03-03 10:49:56,2,5.64,26.45,Cash
2026-03-07 14:51:13,2026-03-07 15:33:37,5,0.84,12.08,Dispute
2026-03-05 00:28:34,2026-03-05 00:33:30,2,-2.66,-3.14,Credit Card
2026-03-04 19:22:17,2026-03-04 20:00:17,3,15.68,43.08,No Charge
2026-03-03 15:56:00,2026-03-03 16:35:27,1,7.53,24.49,Dispute
2026-03-03 03:31:48,2026-03-03 04:31:21,5,20.85,59.37,Cash
2026-03-05 20:34:52,2026-03-05 21:12:22,1,21.5,57.62,Credit Card
2026-03-02 05:20:38,2026-03-02 05:32:15,4,10.85,30.74,Dispute
2026-03-07 04:50:09,2026-03-07 05:44:04,2,6.11,22.26,Dispute
2026-03-06 11:48:16,2026-03-06 11:51:55,3,13.54,37.71,Cash
2026-03-01 10:43:55,2026-03-01 10:52:56,6,10.05,32.42,Cash
2026-03-04 22:28:21,2026-03-04 22:39:20,2,14.44,48.65,Dispute
2026-03-01 14:25:18,2026-03-01 14:41:57,2,5.41,16.7,Cash
2026-03-06 12:13:34,2026-03-06 12:58:20,6,18.77,56.02,Credit Card
2026-03-07 04:44:00,2026-03-07 05:42:15,4,13.47,43.53,Dispute
2026-03-06 20:41:21,2026-03-06 21:06:18,4,5.92,25.08,No Charge
2026-03-02 19:53:23,2026-03-02 20:40:38,3,14.76,45.23,Dispute
2026-03-05 05:15:03,2026-03-05 05:48:27,1,3.17,19.0,No Charge
2026-03-02 13:34:39,2026-03-02 14:01:42,1,19.02,60.44,Credit Card
2026-03-06 16:11:08,2026-03-06 16:55:38,5,13.08,40.97,Cash
2026-03-07 22:23:33,2026-03-07 23:14:55,4,24.79,68.58,No Charge
2026-03-02 22:01:44,2026-03-02 22:30:28,1,17.83,55.68,Cash
2026-03-06 09:05:24,2026-03-06 09:09:11,4,14.08,43.12,Dispute
2026-03-06 01:37:57,2026-03-06 02:37:30,4,8.6,34.18,No Charge
2026-03-07 05:47:25,2026-03-07 06:01:11,1,19.19,52.58,No Charge
2026-03-02 05:48:50,2026-03-02 05:53:29,2,10.66,-6.4,No Charge
2026-03-02 12:12:32,2026-03-02 12:41:08,1,24.09,71.91,Dispute
2026-03-05 09:53:57,2026-03-05 10:44:59,2,5.25,19.34,No Charge
2026-03-04 09:07:59,2026-03-04 09:47:44,4,16.93,50.48,Cash
2026-03-06 11:08:10,2026-03-06 11:36:30,2,3.76,20.92,No Charge
2026-03-07 11:58:41,2026-03-07 12:08:58,5,20.48,58.6,Dispute
2026-03-07 10:09:23,2026-03-07 10:46:23,6,4.0,19.83,Credit Card
2026-03-06 16:57:47,2026-03-06 17:22:11,4,23.74,70.97,No Charge
2026-03-01 19:00:43,2026-03-01 19:37:45,1,13.29,46.13,Dispute
2026-03-04 13:55:55,2026-03-04 14:49:45,4,2.7,11.68,Cash
2026-03-01 07:37:36,2026-03-01 08:22:01,4,12.22,37.09,No Charge
2026-03-03 23:54:30,2026-03-04 00:37:16,6,15.33,48.9,No Charge
2026-03-05 02:49:09,2026-03-05 03:02:30,4,14.9,49.63,Cash
2026-03-01 13:46:54,2026-03-01 14:02:03,5,12.51,36.16,Dispute
2026-03-07 16:33:23,2026-03-07 17:28:23,4,5.79,24.12,No Charge
2026-03-04 03:26:02,2026-03-04 04:18:33,4,10.33,33.88,No Charge
2026-03-06 10:00:01,2026-03-06 10:19:54,4,13.94,44.95,Cash
2026-03-02 11:03:13,2026-03-02 11:49:15,3,2.65,10.19,Dispute
2026-03-03 12:38:07,2026-03-03 13:18:16,3,17.82,-9.65,Credit Card
2026-03-04 23:13:23,2026-03-04 23:57:52,3,1.42,15.33,Credit Card
2026-03-03 11:57:48,2026-03-03 12:13:01,1,7.51,26.31,No Charge
2026-03-07 16:50:07,2026-03-07 17:08:52,1,21.95,61.85,Credit Card
2026-03-04 14:52:05,2026-03-04 15:41:31,2,1.41,12.5,Dispute
2026-03-03 21:46:54,2026-03-03 22:13:43,2,-1.83,6.74,Credit Card
2026-03-04 00:02:29,2026-03-04 00:52:38,3,3.48,20.59,No Charge
2026-03-03 05:03:05,2026-03-03 05:35:37,6,7.93,22.88,Dispute
2026-03-01 16:53:16,2026-03-01 17:48:25,5,3.82,18.46,Dispute
2026-03-03 15:18:17,2026-03-03 16:11:19,3,3.7,14.1,Cash
2026-03-06 22:58:19,2026-03-06 23:12:40,3,17.04,46.84,Credit Card
2026-03-04 06:16:43,2026-03-04 07:12:05,1,7.65,23.43,Credit Card
2026-03-01 20:07:25,2026-03-01 20:39:25,3,0.85,5.67,No Charge
2026-03-07 13:29:26,2026-03-07 13:55:48,3,0.69,10.63,Credit Card
2026-03-07 00:46:20,2026-03-07 00:58:36,5,13.82,44.2,No Charge
2026-03-06 17:14:20,2026-03-06 18:06:15,2,3.35,12.59,Cash
2026-03-06 00:14:53,2026-03-06 00:50:41,4,5.24,17.76,Credit Card
2026-03-04 21:32:51,2026-03-04 22:12:59,3,2.73,19.46,Credit Card
2026-03-01 21:19:32,2026-03-01 21:51:13,6,12.51,43.87,No Charge
2026-03-02 04:51:25,2026-03-02 05:12:33,1,1.39,11.7,Cash
2026-03-01 05:33:06,2026-03-01 06:06:36,5,8.57,27.65,Dispute
2026-03-04 17:49:02,2026-03-04 18:11:28,3,24.8,69.29,Dispute
2026-03-06 17:55:29,2026-03-06 18:09:17,3,9.78,-9.42,Credit Card
2026-03-07 17:28:01,2026-03-07 17:46:16,1,18.96,52.64,Credit Card
2026-03-02 21:03:09,2026-03-02 21:45:40,4,21.98,65.53,Credit Card
2026-03-02 09:45:27,2026-03-02 10:09:45,1,14.97,49.18,Cash
2026-03-01 08:23:36,2026-03-01 08:49:51,3,13.37,43.87,Credit Card
2026-03-04 09:45:09,2026-03-04 10:42:59,6,20.3,57.99,Cash
2026-03-01 08:23:09,2026-03-01 08:59:45,6,2.34,12.51,Cash
2026-03-02 10:45:39,2026-03-02 11:12:08,2,5.7,24.75,Cash
2026-03-01 07:12:16,2026-03-01 07:26:52,5,21.61,63.14,No Charge
2026-03-05 06:58:05,2026-03-05 07:40:56,3,2.45,11.14,Dispute
2026-03-05 00:55:50,2026-03-05 01:12:07,2,22.92,69.4,No Charge
2026-03-03 17:29:00,2026-03-03 17:46:00,6,20.37,55.26,Dispute
2026-03-05 06:54:18,2026-03-05 07:52:04,6,19.6,56.97,No Charge
2026-03-05 00:43:36,2026-03-05 00:50:20,3,21.74,57.71,Credit Card
2026-03-04 15:38:39,2026-03-04 16:30:43,5,23.63,69.46,Cash
2026-03-01 16:47:25,2026-03-01 17:02:05,2,16.59,46.35,Dispute
2026-03-01 20:48:46,2026-03-01 21:11:36,1,24.51,70.6,No Charge
2026-03-03 14:01:23,2026-03-03 14:54:19,2,10.07,33.8,Credit Card
2026-03-01 02:21:58,2026-03-01 02:29:53,3,15.97,52.55,Credit Card
2026-03-02 14:05:56,2026-03-02 14:50:10,2,5.42,19.63,Dispute
2026-03-02 12:31:01,2026-03-02 13:16:01,5,5.41,25.01,Dispute
2026-03-06 06:27:24,2026-03-06 07:07:57,1,3.32,17.9,Dispute
2026-03-04 14:13:42,2026-03-04 14:32:36,6,8.24,25.96,Cash
2026-03-02 05:58:10,2026-03-02 06:07:39,5,9.13,26.11,Dispute
2026-03-04 07:55:14,2026-03-04 08:32:56,2,6.54,27.93,Dispute
2026-03-02 11:16:26,2026-03-02 12:12:05,1,15.39,46.24,Credit Card
2026-03-07 14:54:28,2026-03-07 15:41:05,5,18.25,57.0,Dispute
2026-03-07 15:02:58,2026-03-07 15:38:45,5,3.79,-2.74,Cash
2026-03-02 10:17:39,2026-03-02 10:50:12,3,18.69,59.14,Cash
2026-03-06 12:24:38,2026-03-06 13:08:28,5,9.32,29.32,Credit Card
2026-03-07 22:50:40,2026-03-07 22:55:39,6,18.54,58.47,Credit Card
2026-03-06 18:06:42,2026-03-06 18:43:58,5,9.32,29.29,No Charge
2026-03-04 17:00:09,2026-03-04 17:11:44,2,17.62,49.32,Cash
2026-03-04 23:21:00,2026-03-04 23:51:24,1,19.05,53.76,Credit Card
2026-03-06 18:48:01,2026-03-06 19:07:03,2,3.89,13.95,No Charge
2026-03-03 11:51:07,2026-03-03 11:59:19,3,22.4,61.13,Cash
2026-03-01 21:47:51,2026-03-01 22:32:13,6,-0.2,8.33,Dispute
2026-03-06 11:47:30,2026-03-06 12:36:02,1,11.37,35.48,No Charge
2026-03-01 14:02:23,2026-03-01 14:40:53,5,19.49,58.32,No Charge
2026-03-07 06:01:30,2026-03-07 06:44:53,1,11.22,40.64,Cash
2026-03-06 11:14:05,2026-03-06 12:10:04,3,5.5,20.09,Credit Card
2026-03-02 19:47:44,2026-03-02 20:20:50,1,20.99,63.82,No Charge
2026-03-07 09:31:02,2026-03-07 09:57:52,1,22.41,66.04,Dispute
2026-03-03 14:32:06,2026-03-03 14:57:55,6,13.38,39.36,No Charge
2026-03-05 07:50:45,2026-03-05 08:38:26,4,24.61,71.36,Dispute
2026-03-01 20:36:30,2026-03-01 20:56:40,4,24.62,73.55,Dispute
2026-03-04 22:51:53,2026-03-04 23:23:35,3,2.31,-2.11,Credit Card
2026-03-02 03:18:23,2026-03-02 03:22:51,2,-1.4,-3.08,No Charge
2026-03-02 19:47:06,2026-03-02 19:50:11,2,14.7,43.23,Cash
2026-03-04 20:51:42,2026-03-04 21:13:12,6,12.69,41.95,Cash
2026-03-07 15:34:01,2026-03-07 16:08:13,1,1.43,-5.82,Credit Card
2026-03-03 06:48:12,2026-03-03 07:39:28,3,17.65,50.91,Credit Card
2026-03-03 02:30:48,2026-03-03 03:18:09,3,9.03,31.87,No Charge
2026-03-06 03:55:36,2026-03-06 04:01:41,4,4.49,21.51,Credit Card
2026-03-02 20:53:41,2026-03-02 21:38:11,5,6.73,27.26,No Charge
2026-03-01 10:18:54,2026-03-01 11:05:51,2,3.69,14.1,Credit Card
2026-03-07 03:33:41,2026-03-07 03:40:25,6,16.85,47.9,Cash
2026-03-03 09:31:01,2026-03-03 09:39:14,1,12.04,35.86,No Charge
2026-03-06 21:26:46,2026-03-06 22:07:13,1,1.4,10.35,Cash
2026-03-07 05:05:32,2026-03-07 05:21:51,3,13.45,43.49,Cash
2026-03-01 07:55:05,2026-03-01 08:13:26,2,6.29,27.53,Dispute
2026-03-01 23:38:24,2026-03-02 00:04:39,2,18.48,53.48,No Charge
2026-03-03 15:43:05,2026-03-03 15:56:21,3,11.22,40.94,Credit Card
2026-03-02 23:41:25,2026-03-03 00:41:04,3,10.92,38.75,No Charge
2026-03-04 00:49:57,2026-03-04 01:40:24,5,21.06,62.58,Dispute
2026-03-04 12:38:29,2026-03-04 12:57:24,4,21.5,61.24,Dispute
2026-03-01 07:44:47,2026-03-01 08:10:02,6,6.62,19.8,Dispute
2026-03-05 15:10:32,2026-03-05 15:29:04,6,21.74,61.64,Credit Card
2026-03-04 11:38:48,2026-03-04 12:05:31,3,9.09,31.12,Dispute
2026-03-05 04:01:16,2026-03-05 04:35:26,2,10.45,37.96,Dispute
2026-03-03 05:07:37,2026-03-03 05:43:44,6,2.73,15.68,Dispute
2026-03-03 08:38:05,2026-03-03 09:17:55,2,15.06,44.99,Cash
2026-03-03 22:41:29,2026-03-03 23:25:00,6,24.63,69.95,Credit Card
2026-03-07 11:26:56,2026-03-07 11:30:47,4,13.93,45.05,Dispute
2026-03-05 12:13:49,2026-03-05 12:44:02,6,24.81,65.03,No Charge
2026-03-02 17:54:07,2026-03-02 18:05:02,6,19.63,57.51,No Charge
2026-03-04 19:30:34,2026-03-04 20:20:38,3,2.96,19.88,No Charge
2026-03-04 13:49:51,2026-03-04 14:26:32,3,17.73,50.24,Dispute
2026-03-02 13:04:16,2026-03-02 14:01:59,5,6.23,21.48,No Charge
2026-03-01 08:02:57,2026-03-01 08:17:17,5,15.88,43.31,No Charge
2026-03-06 22:10:49,2026-03-06 22:47:40,4,22.96,62.37,No Charge
2026-03-06 02:15:26,2026-03-06 02:48:15,2,24.91,74.0,Credit Card
2026-03-06 05:51:21,2026-03-06 06:10:52,6,17.01,52.35,Cash
2026-03-06 22:01:23,2026-03-06 22:10:22,2,-3.88,-5.46,Dispute
2026-03-05 16:04:09,2026-03-05 16:49:30,4,21.12,61.01,Credit Card
2026-03-01 08:11:58,2026-03-01 08:34:52,4,17.41,52.45,Cash
2026-03-01 20:11:48,2026-03-01 20:59:13,1,20.53,56.02,Cash
2026-03-01 10:10:01,2026-03-01 10:14:37,6,9.96,36.17,Credit Card
2026-03-04 13:52:35,2026-03-04 14:02:05,2,-1.66,4.92,Credit Card
2026-03-06 00:50:52,2026-03-06 01:45:07,5,22.48,60.18,Dispute
2026-03-02 12:14:24,2026-03-02 12:22:25,5,18.29,53.99,Credit Card
2026-03-06 22:21:58,2026-03-06 23:20:53,1,5.4,19.26,Credit Card
2026-03-01 22:48:04,2026-03-01 23:26:16,4,8.22,25.92,Credit Card
2026-03-01 19:14:38,2026-03-01 20:05:41,6,22.62,66.9,Cash
2026-03-05 09:59:37,2026-03-05 10:55:54,3,15.7,47.02,Dispute
2026-03-02 00:23:53,2026-03-02 00:30:37,4,24.61,-7.95,Cash
2026-03-04 16:18:06,2026-03-04 17:13:19,4,23.13,63.41,Cash
2026-03-04 01:24:35,2026-03-04 02:21:50,5,18.82,52.81,Credit Card
2026-03-06 23:50:03,2026-03-07 00:24:17,3,24.54,72.4,Cash
2026-03-06 19:49:47,2026-03-06 20:37:35,1,4.65,19.08,Dispute
2026-03-07 05:25:04,2026-03-07 06:23:02,6,4.27,15.3,Dispute
2026-03-03 18:09:05,2026-03-03 18:18:30,5,17.69,51.88,Dispute
2026-03-06 19:53:53,2026-03-06 20:09:15,1,20.23,53.66,Credit Card
2026-03-01 15:35:15,2026-03-01 16:26:59,5,22.06,67.2,Credit Card
2026-03-06 02:48:35,2026-03-06 03:16:16,6,5.05,19.41,Cash
2026-03-03 10:16:59,2026-03-03 11:08:12,3,24.38,72.79,Credit Card
2026-03-03 03:34:14,2026-03-03 03:45:50,4,18.42,57.78,No Charge
2026-03-05 23:34:32,2026-03-06 00:15:19,2,16.03,50.66,Credit Card
2026-03-02 04:38:23,2026-03-02 05:08:01,2,0.89,10.61,Credit Card
2026-03-01 23:00:07,2026-03-01 23:10:46,5,8.94,28.75,Dispute
2026-03-03 07:28:51,2026-03-03 08:05:17,5,14.59,48.28,Cash
2026-03-02 23:11:22,2026-03-02 23:58:03,5,11.26,34.73,Dispute
2026-03-07 14:40:03,2026-03-07 15:38:26,6,14.62,43.47,No Charge
2026-03-03 05:03:19,2026-03-03 05:29:36,4,2.86,14.05,Dispute
2026-03-01 17:42:11,2026-03-01 18:20:05,3,7.49,23.9,Cash
2026-03-07 01:40:52,2026-03-07 02:00:00,2,-2.82,-3.19,Dispute
2026-03-07 03:53:09,2026-03-07 04:04:34,5,16.45,47.31,No Charge
2026-03-03 17:12:01,2026-03-03 17:50:39,6,13.37,36.72,Dispute
2026-03-01 08:55:31,2026-03-01 09:03:32,5,3.75,21.68,Dispute
2026-03-02 20:26:53,2026-03-02 21:09:35,3,10.21,35.96,Dispute
2026-03-02 06:39:48,2026-03-02 06:56:45,4,2.21,16.61,Credit Card
2026-03-07 04:32:51,2026-03-07 05:17:55,3,5.5,25.79,Credit Card
2026-03-06 23:06:32,2026-03-06 23:56:08,6,3.55,17.33,Credit Card
2026-03-02 20:28:54,2026-03-02 20:34:58,4,22.47,63.08,No Charge
2026-03-05 18:40:24,2026-03-05 19:14:56,5,-3.28,3.98,Credit Card
2026-03-03 15:51:18,2026-03-03 16:45:04,2,4.72,21.52,Dispute
2026-03-01 10:10:21,2026-03-01 11:05:58,4,1.62,12.48,Credit Card
2026-03-04 04:13:26,2026-03-04 05:02:33,6,23.35,66.52,No Charge
2026-03-05 16:39:44,2026-03-05 17:08:38,3,11.16,32.42,Credit Card
2026-03-06 03:47:30,2026-03-06 04:05:38,1,19.55,59.9,Dispute
2026-03-05 10:05:37,2026-03-05 10:21:32,4,3.01,19.69,No Charge
2026-03-01 00:46:06,2026-03-01 01:09:13,1,1.72,12.54,Cash
2026-03-05 10:10:03,2026-03-05 10:17:12,2,7.6,22.77,Cash
2026-03-07 14:58:42,2026-03-07 15:26:52,5,14.71,49.28,No Charge
2026-03-06 15:42:56,2026-03-06 16:39:31,3,8.63,30.47,Dispute
2026-03-06 02:30:28,2026-03-06 02:41:08,4,8.45,32.85,Dispute
2026-03-02 08:08:34,2026-03-02 08:45:20,4,22.07,66.37,Credit Card
2026-03-01 07:21:55,2026-03-01 08:17:55,3,22.77,62.34,Dispute
2026-03-04 15:49:52,2026-03-04 16:45:48,4,1.31,7.55,Credit Card
2026-03-06 22:45:23,2026-03-06 22:53:31,2,22.91,70.18,Credit Card
2026-03-04 14:10:32,2026-03-04 15:00:54,6,9.52,35.03,No Charge
2026-03-02 13:56:25,2026-03-02 14:20:11,2,17.44,50.19,Cash
2026-03-03 20:52:05,2026-03-03 21:38:15,5,22.12,60.99,Cash
2026-03-06 02:16:16,2026-03-06 02:40:02,6,4.18,15.94,Cash
2026-03-01 03:41:08,2026-03-01 04:25:57,6,6.57,19.84,Credit Card
2026-03-04 01:24:40,2026-03-04 01:55:32,4,12.66,36.31,Cash
2026-03-05 22:29:27,2026-03-05 23:00:41,2,24.9,69.0,Dispute
2026-03-06 04:46:35,2026-03-06 05:16:43,6,16.94,47.48,Cash
2026-03-05 18:01:42,2026-03-05 18:18:13,4,2.54,12.06,No Charge
2026-03-03 02:02:03,2026-03-03 03:01:00,5,13.74,43.99,Dispute
2026-03-01 09:05:25,2026-03-01 09:55:03,4,7.46,29.94,Dispute
2026-03-04 21:29:58,2026-03-04 22:25:55,2,14.89,43.03,No Charge
2026-03-02 17:55:06,2026-03-02 18:10:00,1,11.66,37.38,No Charge
2026-03-04 04:08:34,2026-03-04 04:45:20,2,3.35,21.03,Dispute
2026-03-03 15:23:04,2026-03-03 15:45:04,4,7.52,24.38,No Charge
2026-03-05 06:39:06,2026-03-05 06:50:25,3,-3.02,-1.49,Credit Card
2026-03-07 02:31:25,2026-03-07 02:59:21,1,22.47,60.6,No Charge
2026-03-04 02:55:24,2026-03-04 03:34:57,2,11.47,38.01,Dispute
2026-03-03 05:57:17,2026-03-03 06:26:08,4,14.56,41.14,Credit Card
2026-03-01 16:58:18,2026-03-01 17:53:09,6,18.69,55.56,Dispute
2026-03-07 10:49:31,2026-03-07 11:17:24,5,3.76,13.18,Dispute
2026-03-03 19:27:12,2026-03-03 20:15:08,3,20.48,55.61,Credit Card
2026-03-05 16:21:07,2026-03-05 16:44:23,1,11.41,37.51,Cash
2026-03-01 04:27:49,2026-03-01 04:50:06,3,10.58,33.33,Credit Card
2026-03-02 04:16:39,2026-03-02 05:11:09,4,20.87,62.12,Dispute
2026-03-03 19:24:29,2026-03-03 20:20:13,5,0.93,8.98,Credit Card
2026-03-04 04:22:09,2026-03-04 05:19:31,5,24.92,65.45,Cash
2026-03-01 16:09:13,2026-03-01 16:20:47,3,14.88,44.3,Cash
2026-03-03 18:12:21,2026-03-03 18:34:37,2,7.83,32.33,Dispute
2026-03-01 06:06:02,2026-03-01 06:35:59,2,4.7,22.73,Credit Card
2026-03-07 05:42:02,2026-03-07 06:20:18,3,0.71,9.23,No Charge
2026-03-07 16:54:23,2026-03-07 17:37:22,2,0.77,11.51,Credit Card
2026-03-04 23:20:15,2026-03-05 00:04:46,2,4.93,20.78,Dispute
2026-03-04 09:53:53,2026-03-04 10:39:30,5,3.37,16.4,Dispute
2026-03-01 23:00:01,2026-03-01 23:56:43,5,16.66,46.97,No Charge
2026-03-02 13:28:30,2026-03-02 13:34:03,1,2.78,18.87,Cash
2026-03-04 20:38:33,2026-03-04 20:47:51,1,22.58,67.56,Credit Card
2026-03-02 09:43:12,2026-03-02 09:59:41,3,13.22,37.39,Dispute
2026-03-06 03:51:48,2026-03-06 04:22:53,1,13.54,39.11,Dispute
2026-03-07 07:20:49,2026-03-07 07:55:07,1,10.14,33.37,Dispute
2026-03-02 08:05:07,2026-03-02 08:25:50,5,20.85,58.67,Dispute
2026-03-04 04:35:06,2026-03-04 05:14:04,2,6.88,30.08,Dispute
2026-03-01 21:30:06,2026-03-01 22:09:53,2,16.04,45.43,Cash
2026-03-03 13:44:16,2026-03-03 13:59:40,5,12.05,35.92,Dispute
2026-03-02 20:50:56,2026-03-02 21:02:55,3,16.36,46.26,Cash
2026-03-02 01:26:50,2026-03-02 02:18:48,2,10.71,39.28,Credit Card
2026-03-04 03:25:34,2026-03-04 03:59:08,3,9.57,35.91,Credit Card
2026-03-07 02:48:32,2026-03-07 03:11:18,4,7.93,23.14,Dispute
2026-03-06 06:59:46,2026-03-06 07:27:48,4,10.89,33.77,Credit Card
2026-03-05 07:34:46,2026-03-05 08:18:26,5,-3.3,-4.37,Credit Card
2026-03-07 02:28:43,2026-03-07 03:04:09,2,16.46,45.92,No Charge
2026-03-07 11:47:28,2026-03-07 11:56:10,6,2.03,9.35,Credit Card
2026-03-06 08:44:02,2026-03-06 09:31:02,1,20.69,55.96,Credit Card
2026-03-01 00:33:24,2026-03-01 00:44:09,3,18.9,59.93,Cash
2026-03-02 13:45:07,2026-03-02 14:22:43,1,5.9,25.23,No Charge
2026-03-06 21:14:13,2026-03-06 22:04:37,2,8.11,24.0,Credit Card
2026-03-03 10:11:49,2026-03-03 11:06:27,4,5.52,25.26,Dispute
2026-03-02 21:01:06,2026-03-02 21:42:41,6,20.87,60.38,No Charge
2026-03-04 21:02:22,2026-03-04 21:50:53,5,17.28,47.46,Cash
2026-03-01 15:58:58,2026-03-01 16:37:47,3,22.98,-0.58,Credit Card
2026-03-04 18:20:46,2026-03-04 18:43:17,5,13.91,-5.08,Dispute
2026-03-03 11:06:17,2026-03-03 11:48:18,2,19.36,54.77,No Charge
2026-03-06 22:13:01,2026-03-06 22:17:33,3,1.76,8.24,Dispute
2026-03-06 13:39:19,2026-03-06 13:51:13,3,3.38,17.34,No Charge
2026-03-04 10:17:57,2026-03-04 11:03:18,6,-1.98,1.24,No Charge
2026-03-06 19:39:11,2026-03-06 20:37:53,6,0.76,9.61,Credit Card
2026-03-07 09:17:10,2026-03-07 09:56:46,6,16.4,45.26,No Charge
2026-03-05 03:04:04,2026-03-05 03:26:10,5,4.27,20.75,Credit Card
2026-03-06 06:22:13,2026-03-06 06:26:31,3,20.46,58.2,Dispute
2026-03-07 18:09:32,2026-03-07 18:27:48,3,19.83,56.38,No Charge
2026-03-06 15:23:42,2026-03-06 16:13:26,4,1.95,10.01,Dispute
2026-03-01 15:28:37,2026-03-01 16:14:43,4,1.7,7.92,Cash
2026-03-01 20:59:58,2026-03-01 21:18:56,4,5.79,25.6,Credit Card
2026-03-03 07:38:24,2026-03-03 08:17:47,6,20.21,55.06,Credit Card
2026-03-06 12:02:47,2026-03-06 12:48:46,2,10.17,33.0,Dispute
2026-03-02 03:47:48,2026-03-02 04:10:50,1,24.72,72.37,Dispute
2026-03-06 02:56:15,2026-03-06 03:55:18,2,18.69,58.52,Cash
2026-03-01 03:05:54,2026-03-01 03:25:23,3,22.86,62.6,No Charge
2026-03-02 20:25:42,2026-03-02 21:15:32,6,11.99,37.58,No Charge
2026-03-02 17:42:16,2026-03-02 18:19:19,4,7.86,28.76,Credit Card
2026-03-04 23:30:38,2026-03-04 23:49:05,2,5.29,-2.26,No Charge
2026-03-05 01:21:14,2026-03-05 01:29:43,6,17.72,-5.52,Dispute
2026-03-03 06:52:23,2026-03-03 07:43:18,2,21.43,63.14,Cash
2026-03-07 18:24:15,2026-03-07 18:58:02,6,11.62,32.13,Credit Card
2026-03-01 10:37:29,2026-03-01 10:48:04,3,5.29,23.97,Cash
2026-03-06 01:36:56,2026-03-06 01:56:18,3,22.14,67.16,Cash
2026-03-05 14:15:40,2026-03-05 14:41:46,5,21.79,65.91,No Charge
2026-03-06 00:46:59,2026-03-06 01:30:53,6,14.95,50.2,Dispute
2026-03-04 00:43:44,2026-03-04 01:33:37,5,9.86,31.7,Cash
2026-03-05 02:06:20,2026-03-05 02:47:33,2,7.9,26.56,Cash
2026-03-03 18:10:42,2026-03-03 19:04:58,3,15.58,43.2,No Charge
2026-03-03 00:47:27,2026-03-03 01:07:32,6,21.5,60.71,Credit Card
2026-03-05 03:03:39,2026-03-05 03:34:08,4,10.22,36.65,Credit Card
2026-03-02 04:25:27,2026-03-02 04:52:02,4,16.04,43.24,Dispute
2026-03-02 23:50:38,2026-03-03 00:44:49,3,4.1,23.14,Dispute
2026-03-04 22:59:43,2026-03-04 23:30:23,2,24.41,72.98,Credit Card
2026-03-06 23:40:43,2026-03-07 00:10:55,1,23.96,71.59,Cash
2026-03-04 08:39:56,2026-03-04 09:08:32,3,7.61,-9.6,Dispute
2026-03-01 15:30:47,2026-03-01 16:05:31,6,8.01,25.42,Cash
2026-03-04 13:48:52,2026-03-04 14:25:40,2,20.83,60.27,Dispute
2026-03-04 08:15:47,2026-03-04 08:31:16,5,3.56,20.78,Dispute
2026-03-03 18:25:38,2026-03-03 19:10:43,2,21.74,60.64,No Charge
2026-03-03 13:19:18,2026-03-03 13:37:49,2,2.85,17.31,Credit Card
2026-03-07 02:54:23,2026-03-07 03:33:40,5,12.39,36.09,Credit Card
2026-03-05 15:25:43,2026-03-05 15:50:48,1,11.84,41.2,Credit Card
2026-03-07 02:30:59,2026-03-07 02:56:46,2,4.65,21.47,Cash
2026-03-01 00:37:14,2026-03-01 01:31:07,3,4.63,15.03,No Charge
2026-03-03 06:05:48,2026-03-03 06:35:47,6,22.94,67.93,Credit Card
2026-03-07 09:09:08,2026-03-07 09:42:33,1,12.86,39.46,No Charge
2026-03-05 03:38:09,2026-03-05 03:48:55,1,20.28,61.49,Dispute
2026-03-01 06:48:27,2026-03-01 07:23:40,6,6.85,28.53,Cash
2026-03-07 03:04:09,2026-03-07 03:38:32,2,10.17,33.76,Credit Card
2026-03-07 04:32:42,2026-03-07 05:22:05,1,-4.19,-1.51,No Charge
2026-03-05 22:58:52,2026-03-05 23:26:02,3,0.89,8.79,Dispute
2026-03-02 11:07:59,2026-03-02 11:48:47,1,20.76,57.32,Credit Card
2026-03-05 14:36:58,2026-03-05 15:08:56,2,13.14,37.64,Dispute
2026-03-04 04:59:04,2026-03-04 05:50:19,5,16.83,47.34,No Charge
2026-03-01 08:56:43,2026-03-01 09:15:18,1,22.54,66.45,Cash
2026-03-05 23:28:14,2026-03-06 00:12:00,6,23.46,62.72,Cash
2026-03-06 19:45:38,2026-03-06 20:15:04,5,15.27,43.49,Credit Card
2026-03-02 07:25:00,2026-03-02 07:49:07,5,0.6,5.7,Credit Card
2026-03-01 21:57:37,2026-03-01 22:14:02,1,17.53,46.83,Dispute
2026-03-05 06:20:35,2026-03-05 06:59:46,2,20.86,58.75,No Charge
2026-03-01 10:57:13,2026-03-01 11:17:09,6,18.74,59.14,Cash
2026-03-06 06:54:55,2026-03-06 07:54:17,1,10.61,-3.05,No Charge
2026-03-07 07:31:45,2026-03-07 08:14:50,5,22.74,67.6,Cash
2026-03-07 12:51:49,2026-03-07 13:47:53,3,22.53,66.62,No Charge
2026-03-07 06:56:07,2026-03-07 07:18:50,2,19.58,59.21,Credit Card
2026-03-01 00:53:24,2026-03-01 01:30:13,2,6.67,27.18,Cash
2026-03-07 22:17:03,2026-03-07 22:30:12,1,1.6,7.92,Dispute
2026-03-01 02:16:06,2026-03-01 02:31:54,3,20.62,58.8,Credit Card
2026-03-01 04:47:48,2026-03-01 05:11:27,3,2.68,18.65,Credit Card
2026-03-06 00:09:48,2026-03-06 00:42:45,2,18.68,59.37,Cash
2026-03-05 03:56:15,2026-03-05 04:05:43,6,17.09,51.46,Cash
2026-03-07 22:53:34,2026-03-07 23:17:21,2,15.34,43.56,Dispute
2026-03-05 16:55:42,2026-03-05 17:46:38,4,16.55,46.56,Credit Card
2026-03-04 13:32:39,2026-03-04 13:47:57,1,13.84,-3.23,Credit Card
2026-03-07 11:27:12,2026-03-07 12:15:54,3,19.84,60.63,Dispute
2026-03-01 18:46:45,2026-03-01 19:14:30,3,24.4,66.5,Credit Card
2026-03-05 22:56:59,2026-03-05 23:01:10,6,12.15,40.27,Dispute
2026-03-04 09:39:22,2026-03-04 09:52:02,4,5.08,21.32,Credit Card
2026-03-04 01:19:32,2026-03-04 01:40:33,5,16.06,49.8,Cash
2026-03-07 22:34:15,2026-03-07 23:28:08,2,4.03,20.11,Credit Card
2026-03-07 15:38:35,2026-03-07 15:47:03,5,18.64,50.26,Dispute
2026-03-03 01:36:09,2026-03-03 02:35:42,6,11.52,36.98,Cash
2026-03-06 03:20:43,2026-03-06 04:20:08,5,3.41,19.88,Credit Card
2026-03-05 10:50:46,2026-03-05 11:24:03,6,12.93,37.21,Cash
2026-03-03 13:54:23,2026-03-03 14:07:35,2,24.3,63.88,Credit Card
2026-03-03 13:02:50,2026-03-03 13:26:24,3,20.26,56.59,Cash
2026-03-05 08:23:28,2026-03-05 08:45:51,3,12.81,37.11,Cash
2026-03-03 12:06:26,2026-03-03 12:16:25,4,19.77,62.33,No Charge
2026-03-01 16:09:11,2026-03-01 16:49:09,2,16.44,49.43,Dispute
2026-03-07 09:09:44,2026-03-07 09:57:26,3,24.39,70.22,Cash
2026-03-07 19:07:40,2026-03-07 19:29:07,1,22.98,63.16,Dispute
2026-03-01 10:15:23,2026-03-01 10:42:54,3,-0.67,4.62,No Charge
2026-03-06 19:03:44,2026-03-06 19:26:41,4,19.69,58.99,Cash
2026-03-01 01:13:01,2026-03-01 01:39:13,5,0.76,5.55,Credit Card
2026-03-07 11:27:50,2026-03-07 11:31:06,4,20.0,62.8,Dispute
2026-03-02 17:39:50,2026-03-02 18:21:39,3,9.21,29.78,Cash
2026-03-07 20:06:42,2026-03-07 20:17:39,6,8.7,31.15,Cash
2026-03-01 22:19:07,2026-03-01 22:56:33,4,5.23,16.95,Dispute
2026-03-07 18:43:40,2026-03-07 19:12:10,5,4.03,22.6,No Charge
2026-03-05 10:55:23,2026-03-05 11:15:51,1,6.21,24.67,Dispute
2026-03-05 07:02:11,2026-03-05 07:14:15,6,1.43,7.58,Cash
2026-03-06 23:00:46,2026-03-06 23:33:25,2,13.14,44.48,No Charge
2026-03-07 04:40:45,2026-03-07 04:49:15,3,12.64,-4.93,No Charge
2026-03-03 04:37:51,2026-03-03 05:35:47,1,-2.56,6.21,No Charge
2026-03-04 05:44:39,2026-03-04 06:08:55,1,1.22,6.65,No Charge
2026-03-04 21:15:54,2026-03-04 22:03:34,3,3.28,18.41,Credit Card
2026-03-02 19:55:42,2026-03-02 20:20:23,5,7.02,25.58,No Charge
2026-03-04 15:57:42,2026-03-04 16:29:05,4,18.49,52.4,Credit Card
2026-03-01 23:26:37,2026-03-01 23:56:25,6,14.32,44.43,No Charge
2026-03-04 18:34:41,2026-03-04 18:41:20,6,7.57,24.75,Credit Card
2026-03-06 14:30:40,2026-03-06 14:47:20,6,23.29,71.17,Credit Card
2026-03-05 21:09:19,2026-03-05 21:48:30,2,7.36,29.89,Cash
2026-03-02 16:44:42,2026-03-02 17:40:52,2,13.2,37.6,Cash
2026-03-06 02:47:40,2026-03-06 02:56:03,3,12.61,44.23,Dispute
2026-03-05 01:19:51,2026-03-05 02:17:33,1,10.12,36.02,No Charge
2026-03-03 16:35:00,2026-03-03 17:26:56,4,9.5,33.59,Dispute
2026-03-04 13:15:26,2026-03-04 13:26:52,5,19.87,59.89,No Charge
2026-03-07 10:40:55,2026-03-07 11:36:35,6,18.36,54.77,Cash
2026-03-01 20:25:13,2026-03-01 21:24:53,1,8.7,26.08,No Charge
2026-03-06 15:09:03,2026-03-06 16:03:53,3,24.41,68.89,Credit Card
2026-03-05 17:56:23,2026-03-05 18:53:49,4,-3.28,-4.7,Credit Card
2026-03-04 17:57:11,2026-03-04 18:55:26,4,15.87,45.01,Cash
2026-03-01 00:51:46,2026-03-01 01:23:04,5,2.91,19.78,Cash
2026-03-05 14:00:41,2026-03-05 14:07:50,6,13.29,38.51,Cash
2026-03-01 12:36:21,2026-03-01 13:36:18,1,17.8,52.23,Credit Card
2026-03-01 01:09:13,2026-03-01 01:31:39,4,10.35,36.05,Credit Card
2026-03-05 05:30:49,2026-03-05 05:50:09,6,19.05,51.13,Cash
2026-03-01 07:11:47,2026-03-01 07:36:32,1,13.75,44.57,Credit Card
2026-03-04 12:26:23,2026-03-04 13:18:33,5,21.57,66.05,No Charge
2026-03-01 00:42:14,2026-03-01 00:58:53,3,6.61,20.07,Cash
2026-03-02 13:05:49,2026-03-02 13:37:32,1,19.48,58.94,Dispute
2026-03-04 04:56:43,2026-03-04 05:19:36,5,16.9,-3.82,No Charge
2026-03-02 16:02:49,2026-03-02 16:38:51,4,22.44,59.88,No Charge
2026-03-03 23:01:59,2026-03-03 23:45:30,5,7.71,-7.7,No Charge
2026-03-01 14:21:01,2026-03-01 15:05:02,2,3.78,17.47,No Charge
2026-03-02 07:26:45,2026-03-02 07:44:22,1,10.89,32.41,Dispute
2026-03-04 13:06:38,2026-03-04 13:30:22,3,11.32,34.71,No Charge
2026-03-03 09:00:30,2026-03-03 09:29:07,6,15.87,51.96,No Charge
2026-03-02 02:57:16,2026-03-02 03:26:06,4,0.87,14.69,Dispute
2026-03-03 16:49:08,2026-03-03 17:15:05,5,4.22,13.96,Cash
2026-03-01 14:53:38,2026-03-01 15:47:52,6,5.36,17.82,No Charge
2026-03-02 10:11:16,2026-03-02 10:25:27,1,-2.03,0.93,Credit Card
2026-03-04 07:09:11,2026-03-04 08:06:45,1,1.71,9.1,No Charge
2026-03-06 15:46:32,2026-03-06 15:50:59,5,9.93,28.1,Credit Card
2026-03-07 13:25:28,2026-03-07 13:43:51,4,5.62,20.05,Dispute
2026-03-03 17:14:59,2026-03-03 18:03:23,2,22.75,66.12,Dispute
2026-03-03 11:20:54,2026-03-03 11:54:08,6,7.99,28.35,Credit Card
2026-03-06 14:25:22,2026-03-06 14:45:13,3,11.05,30.94,Cash
2026-03-03 07:46:29,2026-03-03 08:22:27,5,7.35,23.46,Dispute
2026-03-01 14:49:23,2026-03-01 15:05:03,3,-1.67,5.92,No Charge
2026-03-03 07:38:20,2026-03-03 07:56:33,3,13.32,38.46,Cash
2026-03-01 02:11:32,2026-03-01 02:36:54,4,0.87,14.42,Dispute
2026-03-04 02:43:27,2026-03-04 02:58:49,4,20.18,57.93,Dispute
2026-03-07 03:00:02,2026-03-07 03:18:22,5,13.35,37.17,No Charge
2026-03-01 02:09:21,2026-03-01 02:41:31,6,24.71,72.8,No Charge
2026-03-05 09:24:41,2026-03-05 09:35:39,6,15.67,49.1,Dispute
2026-03-05 20:17:47,2026-03-05 21:03:29,5,4.65,18.88,Credit Card
2026-03-01 00:20:37,2026-03-01 01:10:07,4,0.86,13.37,No Charge
2026-03-04 19:15:43,2026-03-04 20:07:04,5,13.29,46.1,No Charge
2026-03-06 19:52:11,2026-03-06 20:05:53,4,23.38,67.49,No Charge
2026-03-07 10:55:32,2026-03-07 11:41:46,3,13.72,45.27,No Charge
2026-03-04 06:52:19,2026-03-04 07:21:08,6,0.67,8.51,Credit Card
2026-03-05 06:20:42,2026-03-05 07:00:48,6,10.41,29.53,Dispute
2026-03-01 05:35:26,2026-03-01 06:01:46,1,2.22,17.8,No Charge
2026-03-04 10:56:30,2026-03-04 11:08:48,6,11.93,42.29,Dispute
2026-03-01 08:48:25,2026-03-01 09:39:17,1,10.51,31.94,Credit Card
2026-03-03 13:59:01,2026-03-03 14:35:39,3,21.42,58.97,Credit Card
2026-03-04 13:14:19,2026-03-04 13:57:03,4,4.52,20.89,Cash
2026-03-03 18:32:27,2026-03-03 19:05:22,4,15.08,48.58,Credit Card
2026-03-03 07:56:00,2026-03-03 08:40:00,2,5.75,21.77,Credit Card
2026-03-04 00:21:50,2026-03-04 00:37:55,2,16.84,52.55,Credit Card
2026-03-02 07:44:46,2026-03-02 08:32:29,2,2.95,12.38,Cash
2026-03-04 14:38:20,2026-03-04 14:48:24,5,6.8,20.35,Dispute
2026-03-04 03:14:38,2026-03-04 03:58:58,1,-4.34,-0.33,Cash
2026-03-07 12:52:30,2026-03-07 13:10:07,4,13.82,43.33,Cash
2026-03-06 18:21:20,2026-03-06 19:03:24,3,10.78,35.48,Dispute
2026-03-05 04:25:29,2026-03-05 04:39:32,5,21.76,62.59,No Charge
2026-03-05 20:21:24,2026-03-05 21:17:16,2,21.55,66.78,Credit Card
2026-03-07 11:38:34,2026-03-07 12:29:52,4,17.9,56.87,Cash
2026-03-04 05:50:49,2026-03-04 06:35:04,3,23.44,70.44,Cash
2026-03-04 10:15:12,2026-03-04 10:51:29,5,12.57,36.7,Credit Card
2026-03-02 01:14:13,2026-03-02 01:19:04,4,15.36,46.26,Dispute
2026-03-07 20:47:55,2026-03-07 21:47:05,2,-2.46,3.61,Dispute
2026-03-05 13:14:41,2026-03-05 13:39:45,3,16.2,50.51,Credit Card
2026-03-03 10:29:14,2026-03-03 10:56:16,1,8.3,24.39,Dispute
2026-03-05 00:02:39,2026-03-05 00:43:06,6,5.66,24.65,Dispute
2026-03-07 01:04:20,2026-03-07 01:42:56,3,1.46,8.41,No Charge
2026-03-01 18:42:44,2026-03-01 19:31:30,2,6.06,21.79,Cash
2026-03-06 02:01:44,2026-03-06 02:49:00,1,23.37,69.92,No Charge
2026-03-06 18:53:58,2026-03-06 19:45:10,4,20.19,59.8,Cash
2026-03-07 20:13:15,2026-03-07 20:45:54,5,8.84,30.0,No Charge
2026-03-06 17:24:02,2026-03-06 17:43:34,4,10.07,33.59,Cash
2026-03-03 15:43:12,2026-03-03 16:04:43,4,21.27,60.26,Credit Card
2026-03-02 01:11:42,2026-03-02 02:07:43,2,20.12,-3.3,No Charge
2026-03-05 05:24:02,2026-03-05 05:33:07,2,11.76,38.98,Credit Card
2026-03-04 08:15:47,2026-03-04 08:29:49,6,17.32,47.27,No Charge
2026-03-06 22:33:13,2026-03-06 22:36:38,3,14.16,47.16,No Charge
2026-03-06 07:42:11,2026-03-06 07:52:36,5,21.81,59.76,Cash
2026-03-07 07:30:35,2026-03-07 08:08:43,3,22.97,63.3,Dispute
2026-03-07 09:49:21,2026-03-07 10:45:10,4,17.87,48.86,No Charge
2026-03-06 04:38:35,2026-03-06 04:59:52,5,7.63,30.57,Dispute
2026-03-04 17:48:27,2026-03-04 18:06:14,4,19.07,56.42,No Charge
2026-03-02 20:13:26,2026-03-02 20:32:54,4,1.19,15.97,Cash
2026-03-06 14:11:58,2026-03-06 15:06:19,4,8.53,24.73,Cash
2026-03-04 08:06:03,2026-03-04 09:01:40,6,9.52,29.53,No Charge
2026-03-07 15:04:11,2026-03-07 15:53:38,2,6.66,25.79,No Charge
2026-03-01 21:25:53,2026-03-01 22:13:52,6,10.55,36.76,Credit Card
2026-03-06 19:46:15,2026-03-06 20:37:56,4,5.73,-9.2,No Charge
2026-03-03 06:24:48,2026-03-03 06:33:58,2,12.82,35.32,No Charge
2026-03-01 19:09:44,2026-03-01 19:48:02,3,19.4,59.09,No Charge
2026-03-06 12:26:00,2026-03-06 12:45:22,2,4.63,19.96,No Charge
2026-03-05 17:04:12,2026-03-05 17:09:03,2,-4.08,1.86,Cash
2026-03-06 10:22:46,2026-03-06 10:45:09,2,8.83,32.54,No Charge
2026-03-02 10:03:08,2026-03-02 10:15:47,6,-0.73,4.18,Dispute
2026-03-01 12:22:43,2026-03-01 13:05:51,2,16.44,51.99,No Charge
2026-03-04 07:39:48,2026-03-04 08:27:31,4,23.29,64.65,Dispute
2026-03-04 18:04:10,2026-03-04 18:17:24,5,-2.37,2.52,Credit Card
2026-03-03 20:59:43,2026-03-03 21:07:19,1,16.47,53.57,Dispute
2026-03-07 13:04:16,2026-03-07 13:54:40,6,24.3,68.4,Cash
2026-03-04 05:57:52,2026-03-04 06:45:41,2,17.21,-9.63,No Charge
2026-03-02 17:05:54,2026-03-02 18:02:48,5,13.48,40.34,No Charge
2026-03-01 00:31:27,2026-03-01 01:06:53,3,10.45,38.61,Dispute
2026-03-03 19:53:04,2026-03-03 20:19:20,2,10.45,35.22,Dispute
2026-03-06 09:48:41,2026-03-06 10:38:44,3,19.89,53.8,Credit Card
2026-03-02 06:36:56,2026-03-02 06:41:43,2,15.68,49.37,Credit Card
2026-03-05 03:56:33,2026-03-05 04:45:43,1,13.68,37.69,Cash
2026-03-02 08:14:35,2026-03-02 09:05:38,4,22.86,63.35,No Charge
2026-03-06 05:26:56,2026-03-06 06:18:45,5,9.68,31.07,No Charge
2026-03-03 11:40:05,2026-03-03 11:45:36,4,16.39,52.1,Cash
2026-03-03 02:37:54,2026-03-03 02:42:58,5,23.13,65.81,Credit Card
2026-03-04 18:36:38,2026-03-04 19:26:25,3,22.49,68.27,No Charge
2026-03-03 22:16:20,2026-03-03 23:11:11,4,1.44,12.29,Dispute
2026-03-06 23:09:16,2026-03-06 23:50:41,6,15.35,44.71,Cash
2026-03-06 19:26:03,2026-03-06 19:29:37,1,3.03,12.43,No Charge
2026-03-02 20:22:48,2026-03-02 21:00:20,5,19.51,53.38,Cash
2026-03-05 08:13:08,2026-03-05 08:48:47,1,3.04,18.27,No Charge
2026-03-02 21:42:33,2026-03-02 22:12:45,4,14.37,39.45,Dispute
2026-03-03 02:31:59,2026-03-03 02:54:45,5,21.06,64.66,Cash
2026-03-03 15:56:06,2026-03-03 16:36:27,6,17.2,49.82,Credit Card
2026-03-01 04:29:15,2026-03-01 05:16:41,6,15.22,50.24,Cash
2026-03-04 12:51:20,2026-03-04 12:59:31,3,21.91,65.35,Cash
2026-03-01 15:21:22,2026-03-01 15:30:05,5,4.43,22.44,Dispute
2026-03-01 14:26:42,2026-03-01 15:14:37,3,17.62,51.17,Cash
2026-03-01 08:46:40,2026-03-01 09:05:59,5,6.82,-8.45,Cash
2026-03-02 20:00:55,2026-03-02 20:32:57,6,14.92,47.67,Cash
2026-03-07 14:53:17,2026-03-07 15:30:26,3,18.01,57.81,Credit Card
2026-03-03 18:30:57,2026-03-03 19:30:18,5,0.65,10.86,Credit Card
2026-03-03 07:29:50,2026-03-03 08:12:10,2,9.23,26.82,Credit Card
2026-03-06 23:54:51,2026-03-07 00:47:43,2,13.02,38.03,No Charge
2026-03-03 03:30:35,2026-03-03 03:54:44,4,0.91,7.79,Cash
2026-03-07 21:53:24,2026-03-07 22:05:25,5,21.76,57.61,Dispute
2026-03-03 22:06:41,2026-03-03 22:47:43,3,11.27,31.47,Dispute
2026-03-03 15:11:51,2026-03-03 16:08:41,4,7.41,26.4,No Charge
2026-03-03 18:18:09,2026-03-03 18:28:07,5,18.81,50.97,Dispute
2026-03-07 14:36:46,2026-03-07 15:23:55,5,9.67,28.12,Cash
2026-03-05 02:56:20,2026-03-05 03:37:20,6,14.96,47.24,Cash
2026-03-03 01:40:11,2026-03-03 02:27:57,4,6.7,21.32,Cash
2026-03-02 01:30:39,2026-03-02 02:28:58,3,24.04,71.72,Dispute
2026-03-07 03:20:51,2026-03-07 03:42:45,4,7.71,29.93,Cash
2026-03-04 07:58:18,2026-03-04 08:40:26,5,20.46,56.37,Cash
2026-03-01 04:10:31,2026-03-01 04:57:02,5,15.39,45.93,No Charge
2026-03-02 02:10:35,2026-03-02 03:01:45,1,-4.62,-6.72,Credit Card
2026-03-01 21:02:37,2026-03-01 21:46:21,5,22.62,59.84,Cash
2026-03-02 20:00:19,2026-03-02 20:10:56,6,24.88,67.19,No Charge
2026-03-03 13:15:21,2026-03-03 14:13:39,4,16.95,49.59,Credit Card
2026-03-02 16:32:42,2026-03-02 16:46:51,5,18.84,53.54,Dispute
2026-03-01 19:43:47,2026-03-01 19:54:09,2,16.64,49.93,No Charge
2026-03-07 02:14:46,2026-03-07 03:14:19,3,6.52,-4.56,Credit Card
2026-03-06 05:28:01,2026-03-06 05:45:17,5,7.48,28.51,Credit Card
2026-03-04 19:37:47,2026-03-04 19:41:50,1,9.36,28.07,Cash
2026-03-06 19:08:47,2026-03-06 19:27:48,6,21.59,64.52,No Charge
2026-03-05 22:14:35,2026-03-05 22:21:05,3,24.66,68.05,No Charge
2026-03-01 02:57:10,2026-03-01 03:35:12,4,7.38,24.4,Credit Card
2026-03-01 12:37:12,2026-03-01 13:33:45,5,11.42,33.92,Credit Card
2026-03-02 00:50:58,2026-03-02 01:47:38,3,23.6,67.43,Dispute
2026-03-06 21:51:11,2026-03-06 22:47:58,3,-0.14,8.25,Dispute
2026-03-06 02:31:00,2026-03-06 03:07:27,2,1.64,14.36,Dispute
2026-03-07 02:24:24,2026-03-07 02:48:31,4,23.09,68.42,No Charge
2026-03-03 09:11:34,2026-03-03 09:43:38,2,12.31,41.79,No Charge
2026-03-02 05:55:41,2026-03-02 06:38:09,4,20.21,59.76,Dispute
2026-03-03 03:35:16,2026-03-03 04:12:27,2,3.6,14.47,Cash
2026-03-02 21:45:17,2026-03-02 22:14:39,4,1.2,10.84,No Charge
2026-03-02 05:06:12,2026-03-02 05:44:44,3,2.33,9.36,Credit Card
2026-03-04 00:35:57,2026-03-04 01:10:26,1,4.98,19.01,Credit Card
2026-03-06 07:40:04,2026-03-06 08:15:40,6,10.9,31.29,Dispute
2026-03-03 11:19:13,2026-03-03 11:53:05,5,6.96,25.48,Credit Card
2026-03-07 16:01:22,2026-03-07 16:49:37,5,14.07,41.52,No Charge
2026-03-04 04:54:23,2026-03-04 05:42:37,3,11.24,34.18,Cash
2026-03-02 01:39:12,2026-03-02 01:45:12,2,17.88,49.9,No Charge
2026-03-01 11:09:01,2026-03-01 11:16:13,3,17.27,46.99,Cash
2026-03-03 16:18:50,2026-03-03 17:01:55,4,2.14,11.22,Cash
2026-03-02 08:59:17,2026-03-02 09:37:31,3,2.58,-1.15,No Charge
2026-03-07 18:51:40,2026-03-07 19:38:02,2,13.69,40.3,Cash
2026-03-05 14:03:12,2026-03-05 14:53:18,4,9.94,32.35,Cash
2026-03-02 10:35:35,2026-03-02 10:50:06,2,9.94,37.39,No Charge
2026-03-01 18:16:57,2026-03-01 18:39:05,4,7.45,22.43,Dispute
2026-03-03 01:28:13,2026-03-03 01:35:01,3,7.34,25.69,Credit Card
2026-03-06 15:03:42,2026-03-06 15:53:11,1,22.17,58.73,Credit Card
2026-03-04 05:28:04,2026-03-04 06:21:20,1,14.86,45.47,Credit Card
2026-03-06 22:26:33,2026-03-06 22:44:43,3,8.29,31.68,Dispute
2026-03-02 21:20:03,2026-03-02 21:25:26,6,23.64,66.8,Cash
2026-03-06 01:18:44,2026-03-06 01:52:48,1,15.86,48.19,Credit Card
2026-03-04 02:45:14,2026-03-04 02:52:41,6,7.98,24.33,Cash
2026-03-06 11:12:33,2026-03-06 11:28:56,2,22.89,62.7,Dispute
2026-03-05 16:08:41,2026-03-05 16:37:04,5,10.33,28.86,No Charge
2026-03-06 08:44:23,2026-03-06 09:02:30,6,9.44,28.58,Credit Card
2026-03-01 02:58:15,2026-03-01 03:15:10,6,24.3,70.81,Credit Card
2026-03-07 04:14:11,2026-03-07 04:30:51,3,13.18,37.09,Dispute
2026-03-02 15:12:58,2026-03-02 15:22:21,6,5.36,22.82,Cash
2026-03-05 06:22:54,2026-03-05 06:50:55,2,19.33,59.79,No Charge
2026-03-01 13:01:07,2026-03-01 13:16:11,6,7.51,28.19,Dispute
2026-03-05 12:54:02,2026-03-05 13:32:46,1,11.85,41.28,Cash
2026-03-03 04:32:39,2026-03-03 04:44:10,2,4.32,22.78,Cash
2026-03-02 11:01:02,2026-03-02 11:13:48,1,8.32,28.91,Cash
2026-03-02 18:45:38,2026-03-02 19:29:33,6,24.97,70.78,Dispute
2026-03-03 16:21:00,2026-03-03 16:54:31,2,5.51,20.65,No Charge
2026-03-01 04:35:43,2026-03-01 04:59:41,2,22.59,62.72,Dispute
2026-03-06 04:22:28,2026-03-06 05:14:15,3,17.51,50.79,No Charge
2026-03-01 10:00:05,2026-03-01 10:15:52,5,14.2,39.36,Credit Card
2026-03-02 18:20:26,2026-03-02 18:27:21,5,23.83,-4.9,Cash
2026-03-01 21:41:34,2026-03-01 22:21:34,3,6.72,28.09,Credit Card
2026-03-01 15:04:53,2026-03-01 15:30:44,1,15.14,48.41,No Charge
2026-03-04 14:17:48,2026-03-04 15:15:44,1,1.52,12.79,No Charge
2026-03-02 20:10:12,2026-03-02 20:18:32,4,22.18,67.2,Dispute
2026-03-04 23:29:52,2026-03-04 23:58:59,5,7.53,26.61,No Charge
2026-03-03 04:40:51,2026-03-03 05:11:44,6,16.26,47.51,Dispute
2026-03-04 15:21:54,2026-03-04 16:05:34,1,15.22,41.45,Credit Card
2026-03-02 08:10:47,2026-03-02 08:19:25,6,13.14,36.76,Credit Card
2026-03-07 13:31:26,2026-03-07 14:10:34,5,21.09,61.59,Dispute
2026-03-05 09:01:18,2026-03-05 09:15:49,1,18.2,58.08,Credit Card
2026-03-01 10:51:05,2026-03-01 10:59:41,4,9.73,36.73,No Charge
2026-03-04 20:22:35,2026-03-04 20:40:05,6,17.89,56.53,Dispute
2026-03-04 13:55:22,2026-03-04 14:30:43,3,22.5,64.87,Credit Card
2026-03-01 20:48:32,2026-03-01 21:17:22,1,14.65,39.87,No Charge
2026-03-01 15:13:25,2026-03-01 15:22:36,5,-2.4,2.07,Dispute
2026-03-03 12:16:16,2026-03-03 13:02:18,4,6.54,29.2,Dispute
2026-03-02 03:59:28,2026-03-02 04:26:55,5,17.32,55.25,No Charge
2026-03-01 11:40:32,2026-03-01 12:33:19,2,16.3,45.6,Credit Card
2026-03-01 11:16:41,2026-03-01 11:57:34,5,10.37,37.95,Credit Card
2026-03-05 05:45:36,2026-03-05 06:40:01,2,13.74,39.73,Cash
2026-03-04 04:57:45,2026-03-04 05:31:28,3,6.71,25.99,Credit Card
2026-03-05 08:34:19,2026-03-05 09:03:06,4,16.75,52.54,Dispute
2026-03-05 00:45:13,2026-03-05 01:39:50,3,2.45,-6.24,Cash
2026-03-04 22:03:07,2026-03-04 22:16:55,6,9.64,36.28,Credit Card
2026-03-06 07:48:25,2026-03-06 08:04:00,4,0.57,5.59,Cash
2026-03-04 10:41:31,2026-03-04 11:32:43,4,11.51,37.87,No Charge
2026-03-05 11:42:10,2026-03-05 11:47:35,3,3.73,18.31,Credit Card
2026-03-07 17:06:08,2026-03-07 17:25:10,5,17.29,55.57,No Charge
2026-03-02 10:02:20,2026-03-02 10:30:28,4,0.76,6.35,Credit Card
2026-03-05 06:26:02,2026-03-05 06:52:19,4,20.16,63.15,No Charge
2026-03-05 12:53:04,2026-03-05 13:32:55,2,17.66,47.28,Dispute
2026-03-05 01:37:46,2026-03-05 01:52:39,6,14.31,46.76,Credit Card
2026-03-02 16:00:14,2026-03-02 16:56:46,1,19.62,58.03,No Charge
2026-03-02 16:11:31,2026-03-02 16:47:30,4,24.14,63.73,Cash
2026-03-04 01:38:56,2026-03-04 02:32:35,1,6.54,27.72,No Charge
2026-03-03 23:50:39,2026-03-04 00:03:21,1,13.14,39.21,Credit Card
2026-03-02 15:43:32,2026-03-02 15:56:55,5,6.32,24.26,Dispute
2026-03-06 14:27:48,2026-03-06 15:12:53,6,18.58,54.72,Credit Card
2026-03-07 09:09:57,2026-03-07 09:45:25,2,23.47,64.07,No Charge
2026-03-05 03:10:18,2026-03-05 03:46:09,6,15.02,48.57,Cash
2026-03-03 11:02:28,2026-03-03 11:44:46,3,4.29,14.49,Credit Card
2026-03-04 07:23:38,2026-03-04 08:18:16,2,9.65,29.77,No Charge
2026-03-05 12:22:26,2026-03-05 12:38:56,4,19.99,55.36,Cash
2026-03-01 04:46:25,2026-03-01 05:46:06,3,21.52,62.02,Credit Card
2026-03-01 15:30:24,2026-03-01 16:07:54,2,8.33,33.0,Cash
2026-03-07 04:14:17,2026-03-07 04:44:09,2,13.64,45.85,No Charge
2026-03-02 15:39:34,2026-03-02 16:32:32,1,8.22,32.92,Credit Card
2026-03-05 16:58:45,2026-03-05 17:01:58,4,1.46,7.79,Cash
2026-03-02 09:23:34,2026-03-02 10:03:43,5,15.2,50.37,Dispute
2026-03-07 18:09:47,2026-03-07 18:13:32,5,18.1,52.79,No Charge
2026-03-04 19:39:25,2026-03-04 20:31:13,1,15.36,41.64,Dispute
2026-03-06 21:03:02,2026-03-06 21:31:30,6,24.78,74.62,Credit Card
2026-03-03 23:56:44,2026-03-04 00:27:39,6,10.75,37.61,Dispute
2026-03-07 10:23:50,2026-03-07 10:30:35,5,1.67,7.34,Cash
2026-03-02 13:59:40,2026-03-02 14:57:05,3,12.19,39.58,No Charge
2026-03-02 03:57:47,2026-03-02 04:22:39,1,2.0,15.84,Cash
2026-03-02 00:18:06,2026-03-02 01:00:51,4,4.87,16.7,Credit Card
2026-03-06 16:02:38,2026-03-06 16:23:17,6,0.72,5.32,Cash
2026-03-04 02:46:25,2026-03-04 03:26:45,3,20.3,57.4,No Charge
2026-03-07 18:45:15,2026-03-07 19:02:28,5,5.79,25.86,Dispute
2026-03-02 21:15:27,2026-03-02 21:55:16,1,11.75,37.29,Credit Card
2026-03-04 06:23:10,2026-03-04 06:40:40,2,21.78,59.61,Dispute
2026-03-07 09:45:46,2026-03-07 10:07:19,5,22.18,59.82,No Charge
2026-03-03 01:04:06,2026-03-03 01:47:12,4,1.26,7.44,Credit Card
2026-03-07 22:40:43,2026-03-07 23:07:42,2,3.42,16.53,Credit Card
2026-03-06 22:00:15,2026-03-06 22:40:37,2,23.18,70.04,No Charge
2026-03-04 19:29:01,2026-03-04 20:06:18,2,15.49,48.44,Cash
2026-03-07 02:58:50,2026-03-07 03:32:17,2,20.49,62.49,Cash
2026-03-07 10:01:54,2026-03-07 10:27:33,3,3.94,17.65,No Charge
2026-03-07 23:16:53,2026-03-07 23:54:31,3,8.14,33.05,Cash
2026-03-02 18:20:09,2026-03-02 18:58:16,4,23.97,64.91,No Charge
2026-03-04 13:22:33,2026-03-04 13:54:56,3,13.52,42.65,Cash
2026-03-02 10:21:23,2026-03-02 11:04:45,2,4.72,23.33,Cash
2026-03-02 01:11:14,2026-03-02 01:28:29,1,12.53,35.39,Dispute
2026-03-03 14:32:16,2026-03-03 14:47:47,5,16.22,52.51,Dispute
2026-03-07 10:15:59,2026-03-07 10:26:18,5,-0.86,10.55,No Charge
2026-03-07 00:15:00,2026-03-07 00:35:04,1,6.48,25.83,Credit Card
2026-03-02 01:03:29,2026-03-02 01:31:19,6,-0.82,0.97,Cash
2026-03-03 01:19:49,2026-03-03 02:10:18,1,15.47,42.42,No Charge
2026-03-06 12:14:03,2026-03-06 12:34:13,1,16.05,51.11,Cash
2026-03-03 18:15:16,2026-03-03 18:34:27,1,15.43,43.24,Dispute
2026-03-07 05:15:06,2026-03-07 05:25:02,4,11.44,36.15,Credit Card
2026-03-06 18:48:52,2026-03-06 18:52:29,5,17.74,51.39,Cash
2026-03-05 10:17:09,2026-03-05 10:41:22,1,12.37,34.34,No Charge
2026-03-06 00:34:32,2026-03-06 00:46:23,5,13.83,46.47,No Charge
2026-03-07 22:28:50,2026-03-07 23:11:03,5,8.62,33.3,Credit Card
2026-03-01 09:46:33,2026-03-01 10:03:41,5,1.45,15.7,No Charge
2026-03-03 03:48:05,2026-03-03 03:53:21,3,13.03,43.63,Cash
2026-03-06 06:53:22,2026-03-06 07:27:59,4,24.72,68.03,Credit Card
2026-03-01 16:00:48,2026-03-01 16:13:44,4,22.12,64.94,Credit Card
2026-03-05 03:56:22,2026-03-05 04:19:31,4,13.98,40.39,Credit Card
2026-03-01 00:39:45,2026-03-01 00:55:17,5,9.3,30.18,Cash
2026-03-04 21:47:05,2026-03-04 22:19:33,2,14.76,39.97,Credit Card
2026-03-01 09:28:37,2026-03-01 10:16:26,3,-0.11,10.37,Dispute
2026-03-02 17:56:35,2026-03-02 18:14:26,4,13.53,45.46,Credit Card
2026-03-05 21:16:24,2026-03-05 21:57:05,3,6.11,21.99,Credit Card
2026-03-04 09:25:58,2026-03-04 09:30:30,1,18.59,55.89,Cash
2026-03-01 09:00:30,2026-03-01 09:36:41,3,24.31,72.5,Cash
2026-03-03 11:48:25,2026-03-03 12:10:45,5,22.27,61.04,No Charge
2026-03-02 20:34:51,2026-03-02 20:48:37,2,-4.54,-2.08,Dispute
2026-03-05 10:16:15,2026-03-05 10:46:25,4,2.57,18.0,No Charge
2026-03-06 12:46:48,2026-03-06 13:20:15,1,2.98,10.85,Cash
2026-03-03 00:33:02,2026-03-03 01:27:17,6,12.85,38.0,Dispute
2026-03-06 05:58:51,2026-03-06 06:05:12,2,12.17,34.35,No Charge
2026-03-01 23:36:02,2026-03-02 00:19:43,3,17.35,48.16,Dispute
2026-03-06 09:27:48,2026-03-06 09:56:11,2,14.31,41.74,Dispute
2026-03-06 08:51:59,2026-03-06 09:24:58,2,16.5,45.11,Cash
2026-03-06 02:51:40,2026-03-06 03:40:52,1,6.56,27.67,Dispute
2026-03-06 14:00:57,2026-03-06 14:52:54,1,19.87,61.48,Credit Card
2026-03-07 21:06:01,2026-03-07 21:36:05,2,3.32,18.94,Dispute
2026-03-01 06:06:58,2026-03-01 06:39:39,5,20.39,57.23,Cash
2026-03-07 09:16:42,2026-03-07 09:58:59,2,0.98,6.42,Credit Card
2026-03-04 15:38:23,2026-03-04 16:33:10,1,2.15,10.76,Dispute
2026-03-01 17:50:04,2026-03-01 18:05:38,6,14.27,47.88,No Charge
2026-03-02 18:40:48,2026-03-02 19:34:41,4,18.62,52.85,Credit Card
2026-03-02 02:25:37,2026-03-02 02:48:19,5,16.84,51.95,Credit Card
2026-03-02 09:51:41,2026-03-02 10:44:55,1,24.53,68.95,Cash
2026-03-07 21:28:05,2026-03-07 21:44:12,2,-3.83,-1.78,Credit Card
2026-03-04 01:29:20,2026-03-04 01:36:47,1,23.38,65.37,Dispute
2026-03-02 03:10:23,2026-03-02 03:20:52,2,6.23,19.47,Dispute
2026-03-03 14:46:02,2026-03-03 15:45:47,4,13.27,40.58,Cash
2026-03-06 08:17:30,2026-03-06 08:41:20,1,12.25,38.02,Cash
2026-03-03 08:51:16,2026-03-03 09:13:48,2,1.92,9.28,Credit Card
2026-03-06 23:34:32,2026-03-06 23:51:01,4,22.75,61.74,Dispute
2026-03-07 07:10:55,2026-03-07 08:05:14,2,10.67,-5.63,Cash
2026-03-02 17:44:09,2026-03-02 18:02:26,4,14.75,46.1,Cash
2026-03-01 15:34:33,2026-03-01 15:59:22,3,10.12,31.8,Credit Card
2026-03-01 00:58:33,2026-03-01 01:25:40,5,-3.64,-2.8,No Charge
2026-03-02 02:18:45,2026-03-02 02:36:20,2,14.84,48.38,No Charge
2026-03-06 07:27:36,2026-03-06 07:55:50,2,17.01,47.28,Dispute
2026-03-04 17:09:52,2026-03-04 18:01:59,5,17.76,53.83,Cash
2026-03-04 09:13:37,2026-03-04 09:51:07,6,7.02,23.83,Cash
2026-03-07 16:22:46,2026-03-07 17:05:48,2,1.94,12.61,No Charge
2026-03-04 11:48:53,2026-03-04 12:42:24,2,0.99,9.35,No Charge
2026-03-01 18:42:55,2026-03-01 19:19:48,1,3.6,12.22,Credit Card
2026-03-02 04:46:00,2026-03-02 04:58:58,1,2.33,18.7,Dispute
2026-03-02 03:36:11,2026-03-02 04:07:40,2,16.0,45.98,No Charge
2026-03-02 01:28:03,2026-03-02 02:23:42,5,18.45,-3.12,Credit Card
2026-03-01 15:58:06,2026-03-01 16:44:20,5,-0.18,-0.98,Credit Card
2026-03-03 13:42:34,2026-03-03 14:38:17,6,15.68,50.61,No Charge
2026-03-03 05:38:19,2026-03-03 06:32:18,3,-0.81,10.23,Cash
2026-03-06 10:14:47,2026-03-06 10:38:21,3,4.59,20.42,Credit Card
2026-03-02 18:01:57,2026-03-02 18:29:31,2,8.6,28.66,No Charge
2026-03-06 02:20:21,2026-03-06 02:27:49,3,10.07,29.51,Cash
2026-03-01 21:04:46,2026-03-01 21:31:48,3,17.12,46.24,Credit Card
2026-03-05 19:03:42,2026-03-05 19:08:10,4,21.65,64.5,No Charge
2026-03-05 10:42:46,2026-03-05 11:17:39,4,18.08,56.86,Credit Card
2026-03-07 00:17:24,2026-03-07 01:04:13,2,4.52,20.26,Cash
2026-03-05 16:07:43,2026-03-05 16:45:55,3,22.7,67.0,Cash
2026-03-06 12:20:41,2026-03-06 12:31:10,5,0.79,9.33,Credit Card
2026-03-02 19:14:42,2026-03-02 19:17:47,5,14.46,-4.36,No Charge
2026-03-02 08:17:40,2026-03-02 08:33:27,5,-1.66,3.02,Dispute
2026-03-05 19:31:59,2026-03-05 19:41:06,2,23.16,62.91,No Charge
2026-03-01 12:04:38,2026-03-01 12:19:58,2,7.96,30.96,Credit Card
2026-03-05 03:46:37,2026-03-05 03:54:05,2,11.06,32.83,No Charge
2026-03-04 07:12:23,2026-03-04 08:02:02,3,17.85,50.2,Credit Card
2026-03-06 16:35:47,2026-03-06 16:39:48,6,11.97,35.56,Credit Card
2026-03-01 10:34:56,2026-03-01 11:05:27,1,7.28,26.49,Cash
2026-03-03 19:54:12,2026-03-03 20:35:39,6,2.0,12.73,No Charge
2026-03-04 20:25:08,2026-03-04 20:56:30,4,24.77,67.63,Credit Card
2026-03-05 20:01:37,2026-03-05 20:32:09,6,2.38,9.25,Dispute
2026-03-06 12:11:54,2026-03-06 12:23:17,5,-4.82,-2.42,Dispute
2026-03-07 06:38:23,2026-03-07 07:13:03,3,23.75,-5.13,Credit Card
2026-03-01 20:09:03,2026-03-01 20:19:53,6,20.27,60.18,Credit Card
2026-03-01 14:36:45,2026-03-01 15:33:44,3,-0.63,4.46,Cash
2026-03-05 19:39:01,2026-03-05 20:10:16,4,24.07,64.65,Credit Card
2026-03-01 09:58:15,2026-03-01 10:14:40,4,5.02,17.55,Credit Card
2026-03-03 07:40:19,2026-03-03 08:02:52,5,18.62,57.55,Cash
2026-03-03 23:59:58,2026-03-04 00:30:39,4,19.68,53.12,Credit Card
2026-03-03 05:13:57,2026-03-03 06:11:32,5,20.45,62.87,No Charge
2026-03-04 01:01:10,2026-03-04 01:26:34,1,8.23,27.1,No Charge
2026-03-07 20:08:40,2026-03-07 20:55:54,5,12.9,44.29,No Charge
2026-03-03 20:51:35,2026-03-03 21:35:54,1,5.82,22.67,Credit Card
2026-03-01 04:13:04,2026-03-01 05:13:03,1,11.88,34.92,Cash
2026-03-05 16:54:18,2026-03-05 17:28:41,5,24.53,72.4,Credit Card
2026-03-01 17:41:36,2026-03-01 17:49:24,3,19.56,55.34,Cash
2026-03-06 06:20:43,2026-03-06 06:44:35,1,4.12,17.64,Cash
2026-03-05 13:41:25,2026-03-05 13:46:34,6,8.98,31.54,Dispute
2026-03-07 19:40:50,2026-03-07 20:17:47,2,2.46,9.25,Dispute
2026-03-03 09:34:00,2026-03-03 10:17:40,1,3.46,15.06,No Charge
2026-03-01 04:44:12,2026-03-01 05:29:22,6,11.71,41.22,Cash
2026-03-01 13:29:59,2026-03-01 14:06:45,3,20.02,58.24,Credit Card
2026-03-04 21:28:50,2026-03-04 21:55:18,6,6.01,24.92,No Charge
2026-03-05 00:40:29,2026-03-05 00:45:10,6,23.37,62.43,Dispute
2026-03-05 04:49:29,2026-03-05 05:01:33,3,3.71,20.11,Dispute
2026-03-05 22:38:41,2026-03-05 23:21:09,6,4.25,17.56,Credit Card
2026-03-01 01:49:17,2026-03-01 02:40:31,4,19.67,57.21,Cash
2026-03-04 14:13:34,2026-03-04 14:31:00,4,16.75,49.36,No Charge
2026-03-01 10:26:16,2026-03-01 10:49:53,6,19.52,59.95,No Charge
2026-03-05 15:04:41,2026-03-05 15:13:57,1,23.95,-3.07,Cash
2026-03-03 09:27:37,2026-03-03 10:25:51,2,24.65,72.61,Cash
2026-03-01 13:57:36,2026-03-01 14:39:02,3,15.38,46.29,Cash
2026-03-03 20:45:42,2026-03-03 21:27:44,1,4.21,21.25,No Charge
2026-03-02 05:48:59,2026-03-02 05:59:58,3,14.81,42.96,Dispute
2026-03-01 03:10:40,2026-03-01 03:16:21,6,17.36,54.51,Dispute
2026-03-02 08:08:38,2026-03-02 08:43:17,4,17.34,53.16,Dispute
2026-03-06 02:44:42,2026-03-06 03:15:16,2,16.91,48.53,No Charge
2026-03-04 00:00:05,2026-03-04 00:57:05,1,1.89,14.46,Cash
2026-03-07 04:43:19,2026-03-07 04:50:32,2,7.29,28.05,Credit Card
2026-03-01 15:05:36,2026-03-01 15:19:58,2,20.55,61.54,Credit Card
2026-03-06 04:26:05,2026-03-06 05:04:50,5,19.72,58.76,Credit Card
2026-03-01 22:21:46,2026-03-01 22:37:37,2,11.41,39.33,Cash
2026-03-05 22:43:37,2026-03-05 23:12:33,5,14.99,46.08,No Charge
2026-03-03 20:01:54,2026-03-03 20:44:31,6,10.59,32.96,No Charge
2026-03-06 16:03:07,2026-03-06 16:29:00,1,21.44,66.14,Cash
2026-03-03 05:46:53,2026-03-03 05:57:55,2,3.02,13.85,No Charge
2026-03-06 18:46:36,2026-03-06 19:21:04,2,21.87,59.96,Dispute
2026-03-03 06:00:17,2026-03-03 06:37:28,5,6.69,22.53,Credit Card
2026-03-04 13:43:05,2026-03-04 14:17:07,3,17.0,46.67,No Charge
2026-03-02 10:25:48,2026-03-02 10:32:30,1,18.05,51.83,Dispute
2026-03-03 06:55:50,2026-03-03 07:36:24,2,22.8,64.9,Dispute
2026-03-04 20:48:27,2026-03-04 20:59:26,3,-3.46,-0.15,Dispute
2026-03-03 21:24:12,2026-03-03 21:40:41,4,11.92,37.83,No Charge
2026-03-03 11:59:00,2026-03-03 12:47:40,5,20.75,61.18,Cash
2026-03-06 16:41:37,2026-03-06 17:21:56,4,1.19,9.82,Cash
2026-03-06 23:08:20,2026-03-06 23:57:56,3,2.16,16.65,Cash
2026-03-02 14:23:27,2026-03-02 14:42:25,6,16.04,47.45,Dispute
2026-03-07 22:35:25,2026-03-07 23:28:48,5,24.22,-0.45,Credit Card
2026-03-02 03:25:36,2026-03-02 03:50:35,2,9.57,31.38,Dispute
2026-03-06 09:18:30,2026-03-06 09:53:04,2,5.4,21.21,No Charge
2026-03-01 02:59:00,2026-03-01 03:42:55,2,16.26,44.49,Credit Card
2026-03-07 23:47:38,2026-03-07 23:59:46,4,8.58,32.17,Credit Card
2026-03-07 04:02:56,2026-03-07 04:37:08,1,12.41,34.82,Credit Card
2026-03-01 22:55:16,2026-03-01 23:21:02,2,2.35,-0.58,Credit Card
2026-03-04 14:48:15,2026-03-04 15:42:02,6,18.47,54.75,Cash
2026-03-07 12:46:48,2026-03-07 13:35:26,2,-4.24,-0.52,Credit Card
2026-03-05 08:57:48,2026-03-05 09:48:54,5,1.26,15.77,Dispute
2026-03-04 17:50:37,2026-03-04 17:57:06,1,11.92,42.18,Cash
2026-03-04 17:18:49,2026-03-04 17:46:33,2,2.83,11.81,Cash
2026-03-05 03:11:10,2026-03-05 03:22:32,4,12.2,39.8,Dispute
2026-03-07 09:45:35,2026-03-07 10:32:39,6,2.97,15.38,No Charge
2026-03-06 09:14:09,2026-03-06 10:13:13,3,1.01,8.42,Cash
2026-03-04 02:42:11,2026-03-04 03:05:56,5,-0.22,4.4,No Charge
2026-03-07 19:15:42,2026-03-07 19:20:07,5,12.21,41.97,Dispute
2026-03-04 23:22:19,2026-03-05 00:05:12,3,5.51,18.3,Credit Card
2026-03-07 21:16:51,2026-03-07 21:59:06,1,20.46,63.86,No Charge
2026-03-03 02:15:13,2026-03-03 03:06:16,2,6.3,28.13,Credit Card
2026-03-01 15:28:42,2026-03-01 15:52:13,3,22.4,59.19,Cash
2026-03-04 00:38:41,2026-03-04 01:28:36,5,12.12,35.75,No Charge
2026-03-04 21:52:53,2026-03-04 22:48:51,1,16.9,53.41,Cash
2026-03-02 05:21:10,2026-03-02 05:36:42,5,5.51,26.37,Dispute
2026-03-05 06:29:16,2026-03-05 06:50:23,4,19.0,54.05,Credit Card
2026-03-04 13:55:20,2026-03-04 14:39:38,2,-1.43,6.37,Cash
2026-03-02 10:43:14,2026-03-02 10:54:21,3,23.6,65.62,No Charge
2026-03-02 17:18:42,2026-03-02 17:55:51,3,13.32,-0.0,Cash
2026-03-04 05:32:17,2026-03-04 06:09:38,4,15.23,41.56,No Charge
2026-03-04 23:58:14,2026-03-05 00:12:33,1,19.84,56.02,Dispute
2026-03-02 15:58:05,2026-03-02 16:27:28,3,20.37,60.31,No Charge
2026-03-07 14:58:09,2026-03-07 15:11:40,6,13.64,42.8,Cash
2026-03-02 22:41:34,2026-03-02 23:09:08,2,14.84,40.99,No Charge
2026-03-03 01:02:53,2026-03-03 01:19:22,3,18.04,57.71,Cash
2026-03-01 01:44:50,2026-03-01 02:23:12,1,14.01,44.71,No Charge
2026-03-02 21:41:11,2026-03-02 22:32:06,3,-4.83,-7.54,Credit Card
2026-03-07 23:06:41,2026-03-07 23:34:36,4,4.26,22.49,No Charge
2026-03-02 22:54:28,2026-03-02 23:27:36,4,10.72,39.48,Credit Card
2026-03-03 01:33:16,2026-03-03 02:32:07,6,5.7,18.23,No Charge
2026-03-06 00:09:41,2026-03-06 00:30:09,1,8.83,30.79,Credit Card
2026-03-03 09:36:34,2026-03-03 10:23:23,1,23.16,64.02,Cash
2026-03-04 17:32:28,2026-03-04 17:49:50,2,8.96,30.96,No Charge
2026-03-05 02:35:04,2026-03-05 03:12:55,6,-2.45,4.55,Credit Card
2026-03-06 00:00:00,2026-03-06 00:18:45,2,18.78,54.53,Dispute
2026-03-04 15:20:42,2026-03-04 16:12:32,6,11.26,31.53,Cash
2026-03-04 00:47:47,2026-03-04 01:34:25,3,17.58,47.07,No Charge
2026-03-05 12:36:48,2026-03-05 12:59:39,1,11.89,35.17,Cash
2026-03-06 08:31:53,2026-03-06 09:03:08,2,9.31,33.97,Cash
2026-03-01 02:45:00,2026-03-01 02:49:20,6,5.48,18.35,Cash
2026-03-03 20:57:22,2026-03-03 21:18:04,2,13.73,45.45,Cash
2026-03-05 18:12:06,2026-03-05 18:23:33,5,24.67,71.48,Credit Card
2026-03-05 14:28:45,2026-03-05 14:48:09,3,21.3,62.42,Cash
2026-03-03 21:49:35,2026-03-03 22:42:42,3,-2.49,4.37,Credit Card
2026-03-07 12:00:19,2026-03-07 12:31:46,1,14.44,39.47,Dispute
2026-03-02 01:16:08,2026-03-02 02:00:19,3,9.16,34.69,No Charge
2026-03-04 02:59:00,2026-03-04 03:10:16,1,9.38,33.74,Cash
2026-03-04 20:13:43,2026-03-04 20:33:15,3,19.18,57.49,Dispute
2026-03-06 03:12:57,2026-03-06 03:46:25,5,10.11,-0.16,Dispute
2026-03-03 04:36:11,2026-03-03 05:11:16,3,7.58,27.07,Dispute
2026-03-06 18:07:42,2026-03-06 18:57:51,6,2.19,17.08,Dispute
2026-03-07 06:28:30,2026-03-07 07:09:14,4,13.81,43.44,Credit Card
2026-03-05 05:08:29,2026-03-05 05:15:32,5,24.76,66.21,Cash
2026-03-05 17:18:20,2026-03-05 17:39:48,4,8.79,28.29,Dispute
2026-03-01 03:42:21,2026-03-01 04:16:02,5,1.47,14.52,Credit Card
2026-03-04 11:45:45,2026-03-04 11:51:59,3,1.99,11.81,Credit Card
2026-03-05 18:38:45,2026-03-05 18:48:05,4,14.87,-9.93,Credit Card
2026-03-06 16:18:04,2026-03-06 17:08:25,2,12.27,37.33,Credit Card
2026-03-02 18:25:12,2026-03-02 18:34:59,3,5.61,26.3,No Charge
2026-03-04 00:35:44,2026-03-04 00:48:18,2,19.07,-4.56,No Charge
2026-03-04 15:58:53,2026-03-04 16:23:03,6,17.87,54.33,Credit Card
2026-03-06 20:15:59,2026-03-06 20:28:24,1,10.83,30.26,Credit Card
2026-03-06 23:29:10,2026-03-06 23:32:48,6,23.66,70.6,Credit Card
2026-03-04 03:16:32,2026-03-04 04:10:02,3,21.87,65.69,Credit Card
2026-03-07 17:56:36,2026-03-07 18:52:30,6,21.99,67.5,Dispute
2026-03-06 10:43:29,2026-03-06 11:17:38,3,18.48,51.15,Dispute
2026-03-02 22:22:42,2026-03-02 23:06:33,4,9.78,27.81,Dispute
2026-03-07 00:28:23,2026-03-07 00:39:29,5,15.91,45.3,Dispute
2026-03-02 17:52:22,2026-03-02 18:47:08,3,5.66,20.69,Dispute
2026-03-02 00:59:08,2026-03-02 01:10:36,5,24.45,67.01,No Charge
2026-03-06 07:03:46,2026-03-06 07:33:18,4,23.78,68.47,Cash
2026-03-07 15:54:27,2026-03-07 16:18:09,3,4.8,18.48,No Charge
2026-03-02 04:31:02,2026-03-02 05:03:32,6,12.32,40.77,No Charge
2026-03-04 08:06:38,2026-03-04 08:15:38,4,10.68,38.04,Dispute
2026-03-06 19:05:54,2026-03-06 20:01:40,6,7.56,24.75,No Charge
2026-03-02 20:22:10,2026-03-02 20:31:19,1,12.77,42.88,No Charge
2026-03-06 04:55:49,2026-03-06 05:10:03,1,22.73,66.43,Credit Card
2026-03-04 21:10:17,2026-03-04 21:29:03,6,17.24,46.91,Dispute
2026-03-04 20:02:40,2026-03-04 20:44:15,6,15.84,49.21,Dispute
2026-03-06 05:55:36,2026-03-06 06:38:21,4,5.8,24.95,Credit Card
2026-03-06 13:59:47,2026-03-06 14:58:24,2,-4.08,-5.94,No Charge
2026-03-07 12:53:47,2026-03-07 13:01:32,3,7.9,23.19,Dispute
2026-03-07 03:07:04,2026-03-07 03:34:30,2,10.31,36.46,Dispute
2026-03-06 04:49:58,2026-03-06 05:08:54,5,16.01,50.03,No Charge
2026-03-02 11:27:16,2026-03-02 12:14:28,6,10.09,29.14,Dispute
2026-03-01 10:22:53,2026-03-01 11:03:55,6,17.23,-2.84,No Charge
2026-03-03 17:40:00,2026-03-03 17:58:07,2,4.63,20.35,Dispute
2026-03-04 14:42:15,2026-03-04 14:54:09,2,11.86,35.51,Cash
2026-03-02 05:15:43,2026-03-02 06:04:57,2,8.82,27.09,Credit Card
2026-03-01 12:50:54,2026-03-01 13:29:01,2,-3.13,1.84,Dispute
2026-03-01 16:17:34,2026-03-01 16:22:14,2,8.12,23.98,Credit Card
2026-03-03 06:09:58,2026-03-03 06:39:11,2,21.59,66.23,Cash
2026-03-04 11:53:32,2026-03-04 12:17:42,4,12.1,35.78,No Charge
2026-03-03 07:27:46,2026-03-03 08:15:53,3,11.72,39.88,Credit Card
2026-03-05 20:30:11,2026-03-05 21:03:29,3,6.44,23.12,Dispute
2026-03-02 17:56:57,2026-03-02 18:19:44,6,2.38,18.68,Credit Card
2026-03-03 10:16:37,2026-03-03 11:03:06,2,3.02,11.1,Credit Card
2026-03-05 13:17:30,2026-03-05 13:50:08,2,8.56,30.33,Cash
2026-03-02 23:17:45,2026-03-03 00:11:04,1,4.75,22.09,Credit Card
2026-03-03 23:14:08,2026-03-04 00:10:39,6,2.13,-5.29,Credit Card
2026-03-01 10:33:31,2026-03-01 11:07:44,1,6.89,28.7,Dispute
2026-03-05 23:57:22,2026-03-06 00:19:46,6,17.17,49.99,Credit Card
2026-03-01 19:50:23,2026-03-01 20:02:44,1,4.61,19.25,Dispute
2026-03-03 23:14:41,2026-03-04 00:14:24,2,23.92,70.23,Credit Card
2026-03-05 10:10:33,2026-03-05 10:54:19,5,22.76,61.73,No Charge
2026-03-04 22:19:08,2026-03-04 23:05:58,5,6.85,21.66,Dispute
2026-03-01 11:14:00,2026-03-01 12:10:21,4,-4.42,0.72,Dispute
2026-03-07 08:52:00,2026-03-07 09:36:14,5,5.12,19.78,Credit Card
2026-03-01 08:50:13,2026-03-01 09:41:55,6,11.34,32.12,Credit Card
2026-03-04 11:02:33,2026-03-04 11:47:06,2,10.99,34.64,Cash
2026-03-03 02:21:55,2026-03-03 02:45:31,6,20.21,60.44,Cash
2026-03-04 20:37:52,2026-03-04 21:30:51,2,5.46,22.72,No Charge
2026-03-02 15:01:09,2026-03-02 15:17:44,2,19.08,53.87,Dispute
2026-03-03 19:33:36,2026-03-03 20:30:52,5,16.69,52.89,Credit Card
2026-03-03 17:50:22,2026-03-03 18:25:21,4,16.59,48.46,Cash
2026-03-03 21:49:09,2026-03-03 22:34:03,5,4.46,18.51,Cash
2026-03-06 09:57:06,2026-03-06 10:53:20,2,22.22,62.82,Cash
2026-03-04 01:51:26,2026-03-04 02:42:17,4,14.54,47.74,Credit Card
2026-03-06 07:35:39,2026-03-06 08:14:37,1,2.71,11.07,Cash
2026-03-02 06:51:23,2026-03-02 06:58:35,3,11.37,34.1,Credit Card
2026-03-03 07:24:56,2026-03-03 07:56:18,5,20.83,60.2,Dispute
2026-03-05 04:14:30,2026-03-05 04:26:38,2,8.24,24.1,No Charge
2026-03-01 00:35:09,2026-03-01 00:53:52,1,7.34,25.41,No Charge
2026-03-04 20:40:32,2026-03-04 21:09:03,1,23.9,68.97,Dispute
2026-03-03 01:19:25,2026-03-03 02:00:22,3,23.09,67.42,Dispute
2026-03-07 23:18:49,2026-03-08 00:10:56,4,3.73,21.51,Cash
2026-03-05 14:45:21,2026-03-05 15:06:36,2,23.15,66.87,Cash
2026-03-06 16:02:08,2026-03-06 16:46:45,5,10.62,32.62,Cash
2026-03-06 11:55:23,2026-03-06 12:30:09,5,13.78,41.79,Cash
2026-03-03 10:27:56,2026-03-03 11:16:09,2,11.74,39.8,Dispute
2026-03-01 22:47:40,2026-03-01 22:54:12,4,1.7,13.34,Dispute
2026-03-05 05:58:40,2026-03-05 06:48:50,2,20.63,61.9,No Charge
2026-03-06 20:35:36,2026-03-06 21:22:27,6,23.62,-7.39,Cash
2026-03-05 18:35:07,2026-03-05 19:31:52,6,17.72,55.51,Credit Card
2026-03-05 06:10:19,2026-03-05 07:00:50,4,24.42,71.34,Dispute
2026-03-06 19:14:39,2026-03-06 20:03:30,4,24.62,66.25,No Charge
2026-03-01 13:23:07,2026-03-01 14:07:57,6,2.13,16.59,No Charge
2026-03-01 18:29:55,2026-03-01 18:46:47,2,4.68,22.59,No Charge
2026-03-05 14:27:49,2026-03-05 14:49:19,1,22.24,59.77,No Charge
2026-03-02 03:44:15,2026-03-02 03:48:12,2,21.43,60.74,Credit Card
2026-03-03 17:12:30,2026-03-03 18:06:16,5,11.89,42.44,Credit Card
2026-03-06 23:01:18,2026-03-06 23:30:48,5,1.61,8.91,Dispute
2026-03-05 17:33:32,2026-03-05 17:47:27,3,17.76,55.1,Credit Card
2026-03-01 08:43:38,2026-03-01 09:35:50,1,4.01,21.83,No Charge
2026-03-05 18:21:16,2026-03-05 18:37:47,2,24.46,71.14,Cash
2026-03-03 12:34:12,2026-03-03 13:03:48,3,16.73,48.72,Credit Card
2026-03-06 10:46:03,2026-03-06 11:07:29,6,23.56,62.8,No Charge
2026-03-04 11:37:00,2026-03-04 12:22:25,1,5.08,25.24,Credit Card
2026-03-07 11:19:58,2026-03-07 11:31:51,2,13.5,41.69,Cash
2026-03-07 20:36:06,2026-03-07 21:29:58,2,10.28,36.26,Cash
2026-03-03 18:47:39,2026-03-03 19:33:01,2,2.12,12.57,No Charge
2026-03-07 20:32:15,2026-03-07 20:58:09,2,9.46,29.26,No Charge
2026-03-07 00:14:22,2026-03-07 00:56:51,4,-4.1,0.57,Cash
2026-03-05 03:03:40,2026-03-05 03:45:29,2,24.25,64.89,Dispute
2026-03-03 05:18:32,2026-03-03 05:25:48,5,12.08,42.86,Dispute
2026-03-05 09:58:06,2026-03-05 10:01:37,3,20.17,61.31,No Charge
2026-03-05 02:08:03,2026-03-05 03:00:17,2,19.2,53.8,Dispute
2026-03-02 17:41:16,2026-03-02 17:55:56,6,21.97,60.88,Cash
2026-03-07 17:42:38,2026-03-07 18:00:54,3,17.34,49.82,Credit Card
2026-03-01 01:51:52,2026-03-01 02:00:21,4,21.88,62.99,Credit Card
2026-03-03 04:12:23,2026-03-03 04:48:31,5,14.22,47.63,Cash
2026-03-05 00:14:37,2026-03-05 00:27:14,2,2.96,15.66,Cash
2026-03-07 23:01:52,2026-03-07 23:18:47,2,-2.88,1.24,Credit Card
2026-03-07 12:15:21,2026-03-07 13:05:47,5,7.49,22.73,Cash
2026-03-06 05:14:40,2026-03-06 05:19:21,1,12.22,42.07,No Charge
2026-03-01 09:50:43,2026-03-01 10:13:55,2,6.09,-3.01,Credit Card
2026-03-04 11:39:19,2026-03-04 12:14:50,5,19.3,52.73,Credit Card
2026-03-02 14:30:04,2026-03-02 15:21:06,6,23.32,71.02,No Charge
2026-03-06 23:30:05,2026-03-06 23:35:35,4,17.28,46.47,Cash
2026-03-01 20:51:51,2026-03-01 21:19:09,3,18.08,49.29,No Charge
2026-03-07 06:26:22,2026-03-07 07:11:17,4,11.91,33.27,Dispute
2026-03-01 18:07:54,2026-03-01 19:05:38,5,20.64,59.28,No Charge
2026-03-06 13:40:55,2026-03-06 13:53:04,3,13.77,-0.87,Dispute
2026-03-04 07:05:55,2026-03-04 07:54:11,2,15.22,50.8,Dispute
2026-03-07 16:36:27,2026-03-07 17:00:52,6,11.87,34.33,Dispute
2026-03-02 11:56:47,2026-03-02 12:44:58,3,1.78,10.24,Dispute
2026-03-01 04:57:59,2026-03-01 05:20:13,2,10.09,34.13,Credit Card
2026-03-04 07:40:07,2026-03-04 08:01:02,3,0.96,5.9,Dispute
2026-03-02 10:01:35,2026-03-02 10:07:54,3,6.07,-1.68,No Charge
2026-03-06 20:23:44,2026-03-06 20:57:24,4,-1.49,4.67,Cash
2026-03-01 11:33:09,2026-03-01 11:40:08,4,14.16,39.52,Credit Card
2026-03-02 11:08:44,2026-03-02 11:33:25,6,16.27,49.04,Dispute
2026-03-02 18:00:50,2026-03-02 18:50:29,4,7.73,22.77,Cash
2026-03-01 20:56:40,2026-03-01 21:34:27,5,-2.05,-1.58,Credit Card
2026-03-05 23:10:58,2026-03-05 23:59:02,1,3.71,12.34,Cash
2026-03-02 08:39:21,2026-03-02 08:55:26,6,12.23,38.29,No Charge
2026-03-05 23:55:00,2026-03-06 00:00:07,5,4.26,15.3,Credit Card
2026-03-02 06:29:10,2026-03-02 06:38:27,2,5.93,21.88,Cash
2026-03-07 07:33:46,2026-03-07 08:00:25,6,21.8,62.88,Cash
2026-03-07 01:13:15,2026-03-07 01:53:53,4,23.9,67.01,No Charge
2026-03-02 03:28:20,2026-03-02 04:26:14,3,1.56,16.01,Dispute
2026-03-07 03:24:57,2026-03-07 04:05:38,1,2.38,17.33,Cash
2026-03-03 06:18:22,2026-03-03 06:24:58,4,13.63,43.3,Credit Card
2026-03-01 11:26:16,2026-03-01 11:37:21,6,16.71,48.15,Cash
2026-03-04 22:24:21,2026-03-04 23:17:34,4,12.49,38.12,No Charge
2026-03-01 10:24:41,2026-03-01 10:42:34,4,21.58,61.48,Credit Card
2026-03-02 17:25:07,2026-03-02 17:59:20,3,15.02,48.21,Cash
2026-03-04 12:58:42,2026-03-04 13:28:52,5,9.65,32.29,No Charge
2026-03-07 03:04:08,2026-03-07 03:53:30,4,11.69,33.27,Credit Card
2026-03-04 13:24:12,2026-03-04 13:28:21,5,1.2,10.78,Dispute
2026-03-06 00:53:53,2026-03-06 01:41:55,1,16.7,50.84,No Charge
2026-03-05 17:20:56,2026-03-05 18:20:18,2,13.96,44.36,Cash
2026-03-01 03:01:35,2026-03-01 03:23:56,3,4.83,19.8,Cash
2026-03-06 20:38:38,2026-03-06 21:10:15,4,13.77,42.55,No Charge
2026-03-02 17:56:43,2026-03-02 18:15:17,6,19.04,52.94,Cash
2026-03-01 19:14:06,2026-03-01 19:55:39,6,20.11,60.42,Cash
2026-03-07 03:23:09,2026-03-07 04:18:41,3,17.18,47.63,Credit Card
2026-03-07 22:43:07,2026-03-07 22:58:04,4,20.93,64.58,Credit Card
2026-03-07 02:19:32,2026-03-07 02:54:14,1,18.69,-2.91,Cash
2026-03-06 12:56:07,2026-03-06 13:40:00,2,19.63,54.32,No Charge
2026-03-05 17:23:03,2026-03-05 17:26:16,3,18.66,52.09,Cash
2026-03-07 02:49:52,2026-03-07 03:46:09,3,-1.9,7.76,Credit Card
2026-03-04 02:32:17,2026-03-04 02:45:29,5,12.69,42.5,Credit Card
2026-03-03 23:02:06,2026-03-03 23:22:58,2,2.17,14.02,Cash
2026-03-06 02:56:08,2026-03-06 03:24:51,3,-1.57,-0.05,Cash
2026-03-07 05:43:54,2026-03-07 06:32:30,5,17.19,48.69,Dispute
2026-03-04 01:11:11,2026-03-04 01:28:40,5,8.91,29.9,Dispute
2026-03-02 16:55:27,2026-03-02 17:14:30,6,23.7,-0.52,Credit Card
2026-03-02 01:10:40,2026-03-02 01:45:24,6,9.08,28.26,Credit Card
2026-03-06 21:19:21,2026-03-06 21:38:13,5,-0.93,7.05,No Charge
2026-03-06 10:40:19,2026-03-06 11:37:05,1,10.06,37.99,Dispute
2026-03-05 15:29:06,2026-03-05 15:47:12,2,18.23,55.12,Cash
2026-03-04 13:14:22,2026-03-04 13:53:51,6,10.32,35.91,Credit Card
2026-03-03 14:55:09,2026-03-03 15:53:52,2,20.39,62.23,No Charge
2026-03-07 05:40:40,2026-03-07 06:28:48,6,8.14,28.12,Cash
2026-03-03 09:25:24,2026-03-03 10:23:39,3,17.58,55.0,Dispute
2026-03-03 18:52:02,2026-03-03 19:24:01,1,7.91,27.01,Credit Card
2026-03-07 22:32:51,2026-03-07 23:19:41,2,5.98,21.01,Dispute
2026-03-02 03:17:23,2026-03-02 03:59:55,2,15.9,44.61,Credit Card
2026-03-03 05:39:37,2026-03-03 06:26:50,3,21.7,66.91,No Charge
2026-03-06 08:23:42,2026-03-06 08:28:57,4,3.78,21.65,No Charge
2026-03-07 23:01:14,2026-03-07 23:05:43,1,6.58,28.98,Credit Card
2026-03-02 16:37:27,2026-03-02 16:59:21,2,18.61,57.99,Dispute
2026-03-01 20:40:59,2026-03-01 21:21:51,2,12.9,43.19,No Charge
2026-03-05 20:51:45,2026-03-05 21:04:14,2,15.57,48.76,Cash
2026-03-01 19:52:06,2026-03-01 20:41:41,1,-1.6,1.02,Cash
2026-03-02 11:37:43,2026-03-02 12:18:35,6,16.05,50.67,Cash
2026-03-05 12:54:01,2026-03-05 13:39:39,5,16.22,52.51,Cash
2026-03-07 21:05:23,2026-03-07 21:26:16,3,20.62,56.5,Cash
2026-03-01 02:09:42,2026-03-01 02:14:53,5,8.85,29.37,No Charge
2026-03-01 11:51:52,2026-03-01 12:31:28,1,11.81,34.04,Dispute
2026-03-03 13:24:25,2026-03-03 14:13:51,3,7.34,24.18,Credit Card
2026-03-05 02:58:35,2026-03-05 03:14:48,5,17.44,51.98,Dispute
2026-03-03 06:26:46,2026-03-03 07:23:48,5,21.79,66.2,Cash
2026-03-05 08:31:50,2026-03-05 09:03:07,1,4.86,19.44,Dispute
2026-03-05 10:52:47,2026-03-05 11:20:04,3,3.82,-0.51,Credit Card
2026-03-03 12:37:13,2026-03-03 12:47:08,5,9.87,35.04,Cash
2026-03-02 22:00:46,2026-03-02 22:39:17,6,6.81,27.72,No Charge
2026-03-02 20:49:19,2026-03-02 21:48:03,6,10.82,39.97,No Charge
2026-03-05 12:19:38,2026-03-05 12:25:03,6,21.59,-5.62,Cash
2026-03-07 05:06:56,2026-03-07 05:32:33,1,16.79,53.8,Credit Card
2026-03-03 16:00:29,2026-03-03 16:04:05,5,23.03,61.43,Credit Card
2026-03-06 10:38:44,2026-03-06 11:27:27,1,-1.7,-0.76,Dispute
2026-03-07 01:35:23,2026-03-07 02:10:08,2,10.6,33.43,Dispute
2026-03-04 19:42:01,2026-03-04 20:32:53,3,9.4,27.12,Dispute
2026-03-02 05:12:55,2026-03-02 05:42:43,1,3.08,-6.88,Cash
2026-03-05 07:27:49,2026-03-05 07:47:53,3,11.98,-6.01,Credit Card
2026-03-07 07:06:43,2026-03-07 07:25:04,5,3.85,15.56,Credit Card
2026-03-05 00:47:37,2026-03-05 01:05:32,3,20.0,59.15,Cash
2026-03-01 05:15:22,2026-03-01 05:27:43,3,3.99,15.6,Cash
2026-03-01 22:27:04,2026-03-01 22:53:06,6,23.86,64.14,Cash
2026-03-07 21:50:27,2026-03-07 22:23:37,2,24.26,69.13,Credit Card
2026-03-04 06:38:07,2026-03-04 07:18:44,1,11.8,32.92,Credit Card
2026-03-01 02:56:43,2026-03-01 03:25:33,3,2.66,14.65,Credit Card
2026-03-03 13:10:06,2026-03-03 13:24:21,1,5.79,18.5,Cash
2026-03-05 06:30:29,2026-03-05 07:01:00,4,3.72,22.07,Cash
2026-03-06 19:07:34,2026-03-06 19:51:02,3,14.74,45.94,No Charge
2026-03-07 19:22:06,2026-03-07 20:10:28,1,0.82,6.79,Credit Card
2026-03-05 00:14:06,2026-03-05 01:00:00,5,-3.34,-2.09,Credit Card
2026-03-06 20:16:12,2026-03-06 20:31:52,6,11.87,34.12,Dispute
2026-03-03 19:35:10,2026-03-03 20:15:44,1,3.59,15.38,Dispute
2026-03-03 06:10:30,2026-03-03 06:44:53,5,3.23,16.89,Dispute
2026-03-07 04:39:30,2026-03-07 04:46:49,6,19.04,55.48,Credit Card
2026-03-01 02:07:34,2026-03-01 02:54:05,1,-2.89,2.84,No Charge
2026-03-05 11:56:49,2026-03-05 12:31:18,6,14.96,40.45,Credit Card
2026-03-02 01:45:33,2026-03-02 02:25:12,3,7.28,-1.52,No Charge
2026-03-05 20:13:01,2026-03-05 20:58:33,3,5.15,25.53,Cash
2026-03-07 14:10:58,2026-03-07 14:57:41,5,13.74,39.04,Credit Card
2026-03-02 03:33:44,2026-03-02 03:41:59,3,24.45,73.15,Cash
2026-03-06 23:05:31,2026-03-06 23:08:50,2,6.22,23.09,Dispute
2026-03-07 15:49:36,2026-03-07 16:32:33,6,8.3,26.94,Dispute
2026-03-07 10:10:09,2026-03-07 10:49:33,1,20.43,60.48,Cash
2026-03-05 18:35:30,2026-03-05 18:58:15,6,22.22,65.78,Credit Card
2026-03-05 03:54:46,2026-03-05 04:17:04,6,9.86,36.05,Cash
2026-03-07 19:05:03,2026-03-07 19:26:09,6,-3.54,1.36,Credit Card
2026-03-03 01:51:20,2026-03-03 02:10:28,1,8.67,24.85,No Charge
2026-03-02 09:47:01,2026-03-02 10:13:31,1,8.99,28.25,No Charge
2026-03-07 20:25:33,2026-03-07 20:30:15,1,16.19,44.09,No Charge
2026-03-07 10:19:23,2026-03-07 10:45:22,1,21.55,64.46,No Charge
2026-03-03 04:00:43,2026-03-03 04:56:52,2,3.38,19.27,Cash
2026-03-01 08:31:49,2026-03-01 09:26:32,4,19.78,53.08,Cash
2026-03-07 14:42:49,2026-03-07 15:13:26,3,3.33,20.01,Credit Card
2026-03-05 18:29:51,2026-03-05 18:49:37,2,2.81,17.43,Cash
2026-03-03 05:28:05,2026-03-03 05:44:53,5,20.23,60.2,No Charge
2026-03-02 19:28:08,2026-03-02 20:03:21,6,15.58,50.89,Cash
2026-03-01 02:48:18,2026-03-01 03:31:49,6,17.0,51.45,Credit Card
2026-03-05 18:29:22,2026-03-05 18:59:50,1,23.19,68.75,Credit Card
2026-03-03 09:27:07,2026-03-03 10:13:34,5,22.48,68.78,Dispute
2026-03-07 03:40:16,2026-03-07 04:28:58,2,12.92,38.41,Credit Card
2026-03-02 03:29:11,2026-03-02 03:43:58,4,9.42,29.65,Cash
2026-03-06 08:23:45,2026-03-06 08:29:11,2,13.79,41.86,Dispute
2026-03-02 11:15:05,2026-03-02 11:29:39,3,4.45,14.6,Credit Card
2026-03-02 21:51:41,2026-03-02 22:36:23,6,5.74,22.83,Dispute
2026-03-03 06:33:02,2026-03-03 06:45:24,3,13.22,36.84,Cash
2026-03-03 06:20:14,2026-03-03 07:08:49,1,7.67,30.44,No Charge
2026-03-06 10:02:09,2026-03-06 10:15:11,2,10.83,37.11,Dispute
2026-03-04 15:48:10,2026-03-04 16:19:00,4,20.87,61.92,Dispute
2026-03-06 09:03:10,2026-03-06 09:25:41,6,4.83,20.85,Dispute
2026-03-05 18:33:08,2026-03-05 19:29:27,4,22.29,61.43,No Charge
2026-03-04 03:55:59,2026-03-04 04:42:42,5,16.49,53.07,Dispute
2026-03-03 10:37:18,2026-03-03 10:54:06,5,16.04,47.49,Cash
2026-03-07 08:31:29,2026-03-07 08:38:08,3,0.86,13.87,Credit Card
2026-03-07 22:26:57,2026-03-07 23:14:57,6,21.85,62.84,Credit Card
2026-03-05 00:35:27,2026-03-05 00:43:47,3,21.38,59.61,Cash
2026-03-04 13:25:49,2026-03-04 14:04:43,1,24.73,70.49,Dispute
2026-03-01 12:29:41,2026-03-01 13:16:21,3,19.01,55.38,Cash
2026-03-01 23:21:55,2026-03-02 00:02:50,2,4.44,15.23,Dispute
2026-03-05 14:43:10,2026-03-05 15:33:14,5,24.01,69.06,Dispute
2026-03-06 16:48:50,2026-03-06 17:20:49,3,11.53,41.44,Dispute
2026-03-07 16:15:50,2026-03-07 16:48:55,5,3.79,12.7,Credit Card
2026-03-01 08:40:21,2026-03-01 09:12:16,3,22.1,64.77,No Charge
2026-03-04 19:56:49,2026-03-04 20:29:53,5,3.66,14.92,Dispute
2026-03-04 17:06:20,2026-03-04 18:03:13,3,3.59,16.91,Cash
2026-03-05 14:44:14,2026-03-05 15:12:12,5,7.54,25.66,No Charge
2026-03-01 16:37:24,2026-03-01 16:44:20,2,5.2,25.31,Credit Card
2026-03-06 01:59:01,2026-03-06 02:41:39,3,18.15,55.8,Dispute
2026-03-06 23:53:51,2026-03-07 00:12:03,5,10.99,33.17,Cash
2026-03-02 04:27:27,2026-03-02 05:26:39,4,24.1,72.86,Cash
2026-03-01 03:03:18,2026-03-01 03:06:33,1,20.06,-0.04,No Charge
2026-03-03 19:38:19,2026-03-03 20:17:57,5,15.39,41.54,Cash
2026-03-04 00:09:36,2026-03-04 00:58:24,3,4.94,15.76,Cash
2026-03-04 00:46:18,2026-03-04 01:35:58,2,1.81,17.07,Dispute
2026-03-05 16:34:29,2026-03-05 17:14:07,1,6.83,29.39,No Charge
2026-03-01 01:15:27,2026-03-01 01:28:08,1,-4.41,-7.75,Dispute
2026-03-02 22:11:53,2026-03-02 22:26:05,1,8.26,32.64,Credit Card
2026-03-04 10:13:50,2026-03-04 10:36:00,1,8.35,32.01,Dispute
2026-03-07 06:02:07,2026-03-07 06:56:59,4,20.32,56.97,Cash
2026-03-06 03:29:48,2026-03-06 03:57:00,4,7.02,25.53,No Charge
2026-03-04 18:57:18,2026-03-04 19:48:21,2,1.31,6.72,No Charge
2026-03-06 00:53:22,2026-03-06 01:52:54,5,13.82,37.77,Dispute
2026-03-03 01:05:04,2026-03-03 01:09:32,3,17.55,50.19,No Charge
2026-03-05 09:52:19,2026-03-05 10:50:44,1,3.26,12.07,Dispute
2026-03-01 04:56:27,2026-03-01 05:41:48,4,16.03,51.63,No Charge
2026-03-07 21:49:35,2026-03-07 22:43:57,6,15.0,45.31,Credit Card
2026-03-04 19:19:29,2026-03-04 19:35:53,6,2.51,10.57,Dispute
2026-03-05 21:02:11,2026-03-05 21:44:44,5,24.47,68.02,Dispute
2026-03-03 21:06:30,2026-03-03 21:12:09,4,0.81,10.6,Cash
2026-03-04 00:18:05,2026-03-04 00:42:58,2,10.3,34.51,Dispute
2026-03-05 06:34:05,2026-03-05 06:43:16,5,3.38,17.0,Credit Card
2026-03-03 08:07:05,2026-03-03 08:16:42,1,23.86,71.83,Cash
2026-03-05 01:03:21,2026-03-05 01:10:20,5,20.14,60.03,No Charge
2026-03-03 04:48:54,2026-03-03 05:08:42,4,20.39,55.53,No Charge
2026-03-02 15:42:42,2026-03-02 16:30:45,2,9.53,29.58,Dispute
2026-03-01 03:36:44,2026-03-01 03:48:30,6,14.71,44.93,Cash
2026-03-07 20:02:06,2026-03-07 20:19:27,4,14.32,43.07,Credit Card
2026-03-01 17:15:09,2026-03-01 17:41:28,1,18.28,56.27,Credit Card
2026-03-02 01:23:36,2026-03-02 01:34:35,6,4.85,24.49,Credit Card
2026-03-04 04:42:13,2026-03-04 05:08:56,1,20.33,63.48,Credit Card
2026-03-06 08:57:56,2026-03-06 09:20:30,4,11.45,38.01,Dispute
2026-03-02 11:44:54,2026-03-02 12:25:39,4,24.78,69.29,Credit Card
2026-03-07 05:44:33,2026-03-07 06:33:13,3,19.98,56.54,No Charge
2026-03-04 03:12:39,2026-03-04 04:11:00,5,-4.77,-4.06,No Charge
2026-03-06 18:00:09,2026-03-06 18:29:28,2,10.26,31.47,No Charge
2026-03-01 00:42:27,2026-03-01 01:33:51,6,17.73,53.98,Credit Card
2026-03-03 13:28:43,2026-03-03 14:26:31,6,4.68,15.42,Cash
2026-03-04 06:56:14,2026-03-04 07:16:58,5,17.39,54.71,Dispute
2026-03-03 18:25:08,2026-03-03 18:46:28,3,0.77,7.61,Cash
2026-03-03 01:29:23,2026-03-03 02:20:36,3,18.5,-2.47,Credit Card
2026-03-07 04:00:38,2026-03-07 04:57:36,3,5.65,-2.72,Cash
2026-03-03 22:20:52,2026-03-03 23:17:06,3,21.51,57.0,Credit Card
2026-03-06 21:45:01,2026-03-06 22:22:16,5,21.68,62.58,No Charge
2026-03-01 05:52:26,2026-03-01 06:17:10,5,10.9,36.17,Dispute
2026-03-03 18:37:44,2026-03-03 19:08:20,4,11.49,33.08,Dispute
2026-03-02 05:33:44,2026-03-02 06:07:27,5,4.77,16.01,Credit Card
2026-03-01 15:16:39,2026-03-01 15:53:52,2,14.13,47.69,No Charge
2026-03-04 20:59:20,2026-03-04 21:04:42,3,8.35,29.03,No Charge
2026-03-06 02:31:48,2026-03-06 02:47:21,1,1.6,11.18,No Charge
2026-03-05 11:13:54,2026-03-05 11:25:01,1,12.07,41.22,Credit Card
2026-03-05 23:13:19,2026-03-06 00:03:06,5,24.4,73.35,Cash
2026-03-01 06:58:24,2026-03-01 07:47:14,2,22.3,64.85,Credit Card
2026-03-06 07:13:19,2026-03-06 07:20:54,1,20.13,59.96,No Charge
2026-03-02 20:00:24,2026-03-02 20:40:48,5,17.19,49.12,Cash
2026-03-07 18:58:18,2026-03-07 19:05:50,1,19.47,58.0,No Charge
2026-03-04 04:20:55,2026-03-04 04:58:33,6,23.6,66.01,Cash
2026-03-04 06:34:47,2026-03-04 07:27:54,5,17.24,48.73,No Charge
2026-03-01 23:11:35,2026-03-02 00:02:25,5,0.52,13.86,Credit Card
2026-03-03 11:52:27,2026-03-03 11:58:38,1,20.74,56.14,Cash
2026-03-02 23:21:09,2026-03-02 23:59:58,4,1.67,9.2,Credit Card
2026-03-06 14:19:56,2026-03-06 14:56:48,6,5.7,23.2,No Charge
2026-03-06 01:40:21,2026-03-06 02:25:02,3,9.65,37.0,No Charge
2026-03-04 12:53:08,2026-03-04 13:26:27,5,9.97,33.43,Credit Card
2026-03-02 14:09:20,2026-03-02 14:13:01,6,23.04,62.22,Dispute
2026-03-05 20:42:40,2026-03-05 21:32:15,3,23.71,69.62,Dispute
2026-03-05 03:57:36,2026-03-05 04:46:49,5,17.86,50.17,No Charge
2026-03-06 08:20:49,2026-03-06 08:35:32,4,14.33,47.94,Credit Card
2026-03-01 05:29:04,2026-03-01 05:54:09,6,13.23,45.68,Cash
2026-03-06 04:24:00,2026-03-06 04:38:17,1,14.17,45.79,Credit Card
2026-03-05 14:29:32,2026-03-05 14:34:01,1,3.57,17.63,Credit Card
2026-03-03 17:36:24,2026-03-03 17:41:11,2,11.06,40.15,Credit Card
2026-03-02 02:45:03,2026-03-02 02:53:12,3,17.64,52.22,Cash
2026-03-04 05:26:21,2026-03-04 06:10:18,3,23.28,64.47,Dispute
2026-03-02 21:59:33,2026-03-02 22:51:37,2,9.16,31.11,No Charge
2026-03-05 06:38:45,2026-03-05 07:25:31,6,19.57,56.13,Dispute
2026-03-06 11:51:13,2026-03-06 11:57:12,5,-2.39,-0.95,Cash
2026-03-03 05:38:28,2026-03-03 05:43:31,4,5.63,23.43,Cash
2026-03-02 15:12:26,2026-03-02 15:44:18,4,14.0,38.07,No Charge
2026-03-05 06:54:32,2026-03-05 06:59:08,6,-1.81,1.48,No Charge
2026-03-03 15:42:47,2026-03-03 16:02:15,3,4.42,-3.01,Credit Card
2026-03-01 12:38:50,2026-03-01 13:20:44,4,10.77,32.24,Credit Card
2026-03-05 14:12:29,2026-03-05 14:56:17,4,1.82,16.06,Credit Card
2026-03-01 11:58:46,2026-03-01 12:10:39,2,1.19,15.86,Dispute
2026-03-03 22:15:47,2026-03-03 22:34:13,1,7.63,23.6,Credit Card
2026-03-02 00:33:21,2026-03-02 01:19:13,6,2.1,11.27,Credit Card
2026-03-06 03:43:38,2026-03-06 04:33:55,4,4.5,20.26,No Charge
2026-03-03 18:56:05,2026-03-03 19:43:12,3,22.54,61.81,Cash
2026-03-03 02:10:03,2026-03-03 02:46:05,6,7.78,31.57,Credit Card
2026-03-03 21:10:21,2026-03-03 21:32:04,1,15.21,42.39,Cash
2026-03-06 16:25:41,2026-03-06 17:03:43,6,2.61,14.6,Dispute
2026-03-04 10:07:36,2026-03-04 10:13:58,3,9.97,28.95,Credit Card
2026-03-03 09:59:58,2026-03-03 10:34:33,4,5.64,26.05,Credit Card
2026-03-06 08:38:33,2026-03-06 09:11:30,2,11.83,40.74,Credit Card
2026-03-06 10:57:35,2026-03-06 11:51:57,2,17.15,51.79,Credit Card
2026-03-01 23:01:18,2026-03-01 23:37:34,4,6.81,20.56,No Charge
2026-03-06 23:34:50,2026-03-07 00:20:02,1,19.36,54.43,No Charge
2026-03-01 22:15:44,2026-03-01 22:38:59,1,14.45,45.88,No Charge
2026-03-07 03:49:57,2026-03-07 04:32:05,5,13.88,45.29,Cash
2026-03-07 02:14:25,2026-03-07 02:49:06,3,18.78,58.1,No Charge
2026-03-01 02:16:29,2026-03-01 03:00:22,1,4.02,15.06,No Charge
2026-03-04 22:59:58,2026-03-04 23:30:13,3,18.25,51.83,No Charge
2026-03-03 04:57:28,2026-03-03 05:50:04,2,-4.34,-7.54,Credit Card
2026-03-01 15:23:19,2026-03-01 16:18:27,1,20.53,54.74,No Charge
2026-03-03 09:45:33,2026-03-03 09:49:24,1,2.5,18.89,Cash
2026-03-02 18:25:39,2026-03-02 19:19:17,4,23.37,69.04,Dispute
2026-03-07 09:09:27,2026-03-07 09:46:11,5,10.85,32.26,No Charge
2026-03-03 06:37:28,2026-03-03 06:41:45,2,10.23,32.08,Credit Card
2026-03-07 23:28:55,2026-03-08 00:22:49,5,20.15,61.15,Cash
2026-03-01 09:15:31,2026-03-01 10:09:00,2,20.72,62.11,Cash
2026-03-05 13:39:05,2026-03-05 14:08:51,1,-0.11,12.59,Credit Card
2026-03-04 13:56:05,2026-03-04 14:54:06,4,8.9,28.38,No Charge
2026-03-04 07:31:42,2026-03-04 08:24:17,4,8.84,33.91,Cash
2026-03-01 04:51:46,2026-03-01 04:59:53,5,16.94,45.81,Credit Card
2026-03-01 05:44:03,2026-03-01 06:14:11,1,8.07,30.04,Cash
2026-03-01 22:11:11,2026-03-01 22:29:49,3,7.05,21.62,No Charge
2026-03-02 07:18:08,2026-03-02 07:52:07,6,14.63,44.74,Dispute
2026-03-03 14:44:20,2026-03-03 15:27:52,5,21.58,57.57,Cash
2026-03-04 03:48:11,2026-03-04 04:18:28,4,5.91,23.32,Cash
2026-03-05 21:53:41,2026-03-05 22:48:31,4,-2.1,0.16,Credit Card
2026-03-03 16:18:11,2026-03-03 16:50:44,2,1.96,8.99,Cash
2026-03-05 13:16:38,2026-03-05 13:50:26,4,23.21,64.55,No Charge
2026-03-04 02:46:02,2026-03-04 02:57:13,2,9.41,28.88,Cash
2026-03-06 19:35:51,2026-03-06 20:18:49,6,10.48,34.24,Dispute
2026-03-07 07:22:39,2026-03-07 07:44:34,3,4.55,16.04,No Charge
2026-03-02 03:32:44,2026-03-02 04:12:10,3,14.92,49.76,Cash
2026-03-01 11:26:04,2026-03-01 12:02:09,4,0.62,12.9,Dispute
2026-03-01 14:52:05,2026-03-01 15:16:37,1,1.08,8.75,Credit Card
2026-03-02 11:40:48,2026-03-02 12:35:59,5,10.56,35.66,No Charge
2026-03-06 23:25:24,2026-03-07 00:21:26,3,12.55,42.97,No Charge
2026-03-07 04:22:29,2026-03-07 05:02:41,5,19.9,56.15,Credit Card
2026-03-04 07:14:30,2026-03-04 07:47:11,2,24.39,73.18,Dispute
2026-03-07 11:24:43,2026-03-07 12:14:14,2,1.38,12.53,Credit Card
2026-03-07 01:06:02,2026-03-07 01:19:05,6,1.79,8.03,No Charge
2026-03-07 11:57:17,2026-03-07 12:17:02,1,13.65,37.52,Cash
2026-03-06 10:31:16,2026-03-06 10:39:49,5,22.2,61.12,Dispute
2026-03-01 22:32:15,2026-03-01 22:42:24,1,-0.47,6.75,Dispute
2026-03-01 00:57:42,2026-03-01 01:27:53,5,14.6,-0.12,Credit Card
2026-03-01 09:46:08,2026-03-01 10:03:25,2,18.48,56.13,Dispute
2026-03-04 19:49:22,2026-03-04 20:35:20,2,2.32,12.0,Cash
2026-03-02 14:08:47,2026-03-02 15:08:10,3,14.78,48.27,Cash
2026-03-07 14:14:50,2026-03-07 14:49:51,1,6.19,25.87,Credit Card
2026-03-01 20:14:26,2026-03-01 20:55:50,3,11.69,40.96,Credit Card
2026-03-01 00:56:20,2026-03-01 01:29:55,6,15.38,51.23,Credit Card
2026-03-07 01:32:21,2026-03-07 02:30:08,6,-2.41,2.18,No Charge
2026-03-07 23:38:49,2026-03-08 00:37:22,2,8.04,31.78,Dispute
2026-03-05 07:08:40,2026-03-05 07:38:35,6,3.36,-4.52,Dispute
2026-03-05 17:35:53,2026-03-05 17:49:07,2,16.22,52.75,Credit Card
2026-03-04 18:43:48,2026-03-04 19:17:48,3,2.48,13.03,Cash
2026-03-05 14:36:52,2026-03-05 14:53:13,4,24.79,67.04,Dispute
2026-03-03 08:43:39,2026-03-03 09:10:39,6,23.28,65.32,Credit Card
2026-03-01 00:13:01,2026-03-01 00:23:16,2,-2.01,5.79,Dispute
2026-03-06 01:36:32,2026-03-06 02:12:43,4,10.33,30.32,Dispute
2026-03-03 17:10:02,2026-03-03 17:32:24,2,23.05,68.56,Dispute
2026-03-02 04:59:44,2026-03-02 05:27:56,1,3.34,13.81,Dispute
2026-03-05 09:43:01,2026-03-05 09:50:15,2,-2.55,2.13,Credit Card
2026-03-02 16:34:27,2026-03-02 17:19:50,4,9.89,33.48,Cash
2026-03-01 22:15:05,2026-03-01 23:08:30,5,8.45,25.25,No Charge
2026-03-04 21:34:50,2026-03-04 22:17:55,3,0.86,11.4,Credit Card
2026-03-06 19:55:58,2026-03-06 20:49:17,6,5.17,23.23,No Charge
2026-03-07 19:05:52,2026-03-07 19:56:27,6,15.85,50.87,Dispute
2026-03-03 05:17:41,2026-03-03 05:51:02,3,21.85,62.56,Credit Card
2026-03-06 12:41:03,2026-03-06 13:35:37,6,3.11,19.02,Credit Card
2026-03-02 03:05:21,2026-03-02 04:03:09,3,1.66,-8.19,Credit Card
2026-03-01 16:12:58,2026-03-01 16:37:05,6,8.05,26.14,Credit Card
2026-03-03 21:43:08,2026-03-03 22:03:13,6,12.58,44.42,Dispute
2026-03-03 02:24:24,2026-03-03 03:22:07,1,19.34,51.42,Credit Card
2026-03-01 20:15:41,2026-03-01 20:58:14,5,8.22,32.6,Credit Card
2026-03-04 14:52:15,2026-03-04 15:14:14,5,1.09,14.33,Dispute
2026-03-06 03:17:37,2026-03-06 03:38:45,1,17.2,-8.23,Cash
2026-03-06 20:22:56,2026-03-06 21:05:51,3,19.11,51.19,Dispute
2026-03-03 14:58:06,2026-03-03 15:07:02,1,10.41,36.28,Cash
2026-03-02 08:08:43,2026-03-02 08:47:24,3,17.57,54.19,Dispute
2026-03-05 09:05:46,2026-03-05 09:15:43,4,8.92,26.17,Dispute
2026-03-01 13:31:53,2026-03-01 13:47:35,6,1.64,10.99,Dispute
2026-03-06 20:15:18,2026-03-06 20:56:40,3,1.12,10.71,No Charge
2026-03-01 11:55:00,2026-03-01 12:27:43,3,7.28,25.09,Credit Card
2026-03-02 19:54:30,2026-03-02 20:33:55,5,5.68,26.99,Credit Card
2026-03-07 14:27:22,2026-03-07 15:22:37,1,17.82,53.11,Credit Card
2026-03-06 15:40:02,2026-03-06 16:14:24,2,7.96,29.61,Dispute
2026-03-02 11:46:51,2026-03-02 12:12:56,2,9.4,28.36,No Charge
2026-03-03 18:04:19,2026-03-03 19:00:31,6,3.94,17.88,No Charge
2026-03-07 23:09:40,2026-03-07 23:41:48,1,-1.12,6.07,Dispute
2026-03-04 07:31:25,2026-03-04 07:48:02,2,-0.7,-4.85,No Charge
2026-03-02 23:46:28,2026-03-03 00:03:15,2,10.45,33.41,Cash
2026-03-06 16:02:12,2026-03-06 16:46:35,1,20.69,62.79,No Charge
2026-03-03 07:45:20,2026-03-03 08:13:59,6,2.62,13.32,Credit Card
2026-03-04 10:08:07,2026-03-04 11:02:06,6,22.18,67.84,Cash
2026-03-04 20:21:53,2026-03-04 20:31:02,6,7.75,30.1,Dispute
2026-03-04 23:52:37,2026-03-05 00:10:25,5,19.12,59.08,Dispute
2026-03-06 14:05:49,2026-03-06 14:23:35,5,23.62,70.15,No Charge
2026-03-01 00:22:54,2026-03-01 01:12:59,1,22.98,63.98,No Charge
2026-03-05 22:16:27,2026-03-05 22:48:08,2,2.93,17.32,Dispute
2026-03-07 07:05:23,2026-03-07 07:26:12,6,19.62,55.67,Credit Card
2026-03-07 08:25:04,2026-03-07 09:15:25,4,9.49,29.39,Cash
2026-03-01 18:08:31,2026-03-01 18:50:05,1,24.97,68.15,Cash
2026-03-05 04:09:00,2026-03-05 04:32:10,6,3.13,18.28,No Charge
2026-03-01 05:26:31,2026-03-01 05:42:12,3,20.66,62.04,Cash
2026-03-04 14:09:51,2026-03-04 15:01:53,1,5.57,17.7,Dispute
2026-03-05 03:54:33,2026-03-05 04:22:22,3,16.75,50.99,Cash
2026-03-05 07:53:48,2026-03-05 08:17:30,3,22.87,67.65,Cash
2026-03-03 04:56:24,2026-03-03 05:01:33,2,18.25,54.92,Cash
2026-03-02 09:32:42,2026-03-02 09:45:58,2,14.77,45.21,Cash
2026-03-06 22:14:11,2026-03-06 22:21:01,2,16.39,52.5,Credit Card
2026-03-03 17:58:35,2026-03-03 18:09:28,4,11.11,35.9,Credit Card
2026-03-02 04:56:52,2026-03-02 05:07:43,4,4.23,21.69,Credit Card
2026-03-02 10:01:54,2026-03-02 10:18:40,1,11.99,38.85,Cash
2026-03-01 12:06:37,2026-03-01 12:22:14,2,14.13,45.54,No Charge
2026-03-01 03:14:43,2026-03-01 04:02:29,3,19.23,56.05,Cash
2026-03-02 14:53:17,2026-03-02 15:12:58,1,21.12,57.05,Cash
2026-03-06 00:47:21,2026-03-06 00:55:08,5,23.96,69.29,Dispute
2026-03-01 22:24:30,2026-03-01 22:45:51,4,19.87,55.94,No Charge
2026-03-01 23:28:55,2026-03-02 00:11:26,3,14.82,45.33,Credit Card
2026-03-02 11:29:21,2026-03-02 12:04:40,5,4.01,17.64,Dispute
2026-03-03 03:38:02,2026-03-03 04:37:58,1,11.36,33.14,Dispute
2026-03-06 14:10:33,2026-03-06 14:27:07,5,9.47,-2.99,Credit Card
2026-03-05 18:43:43,2026-03-05 19:27:33,1,11.48,34.74,Cash
2026-03-04 10:17:00,2026-03-04 10:33:23,2,12.71,42.25,No Charge
2026-03-07 16:17:06,2026-03-07 16:28:29,1,24.07,70.03,Cash
2026-03-02 17:27:51,2026-03-02 17:33:47,6,0.72,7.54,No Charge
2026-03-02 06:45:01,2026-03-02 07:17:32,3,23.3,64.43,Dispute
2026-03-03 01:02:22,2026-03-03 01:37:20,2,19.36,59.82,No Charge
2026-03-02 19:26:31,2026-03-02 20:10:06,5,3.33,11.98,Credit Card
2026-03-02 18:13:13,2026-03-02 18:49:41,4,19.47,58.34,No Charge
2026-03-07 20:54:26,2026-03-07 21:37:32,4,19.71,62.2,Credit Card
2026-03-01 01:07:48,2026-03-01 01:49:08,1,2.56,15.5,Credit Card
2026-03-02 11:06:34,2026-03-02 11:28:51,1,12.06,40.97,Dispute
2026-03-03 15:38:44,2026-03-03 15:45:53,5,3.62,15.21,No Charge
2026-03-03 03:43:13,2026-03-03 03:59:36,4,3.39,15.81,No Charge
2026-03-06 10:41:34,2026-03-06 11:39:01,4,6.89,26.28,Dispute
2026-03-01 00:29:57,2026-03-01 01:05:11,5,11.09,33.8,No Charge
2026-03-03 01:15:26,2026-03-03 01:40:44,5,2.0,9.78,No Charge
2026-03-02 05:03:49,2026-03-02 05:48:10,4,13.85,47.39,Dispute
2026-03-02 21:25:33,2026-03-02 22:19:29,2,0.73,5.55,Credit Card
2026-03-07 04:35:49,2026-03-07 05:02:20,5,22.81,65.17,Credit Card
2026-03-03 03:41:01,2026-03-03 04:10:33,3,20.62,54.86,Cash
2026-03-01 10:35:00,2026-03-01 10:43:33,4,9.13,27.74,Dispute
2026-03-07 12:18:31,2026-03-07 12:26:45,4,12.82,41.93,Dispute
2026-03-07 00:41:50,2026-03-07 01:36:47,4,3.55,12.01,Cash
2026-03-05 12:50:44,2026-03-05 13:02:20,3,0.91,6.05,No Charge
2026-03-07 11:54:11,2026-03-07 12:15:50,3,21.67,58.6,No Charge
2026-03-03 10:01:42,2026-03-03 10:45:35,2,20.48,62.2,No Charge
2026-03-06 09:01:25,2026-03-06 09:48:57,4,24.23,69.23,Credit Card
2026-03-05 19:01:26,2026-03-05 19:40:51,3,13.44,39.0,No Charge
2026-03-04 06:55:32,2026-03-04 07:53:19,2,15.84,50.77,Cash
2026-03-03 10:18:36,2026-03-03 10:49:48,4,2.53,13.61,Credit Card
2026-03-06 14:14:19,2026-03-06 14:37:37,5,18.72,54.07,Credit Card
2026-03-06 03:13:49,2026-03-06 03:19:47,4,7.34,21.58,Credit Card
2026-03-03 20:07:21,2026-03-03 20:18:40,3,2.09,17.52,Dispute
2026-03-04 23:56:16,2026-03-05 00:05:06,6,11.77,39.84,Credit Card
2026-03-01 10:39:35,2026-03-01 11:19:17,3,3.04,13.77,Dispute
2026-03-03 08:54:51,2026-03-03 09:49:29,6,13.12,43.77,No Charge
2026-03-07 15:00:53,2026-03-07 15:07:11,4,21.47,58.67,Credit Card
2026-03-02 20:05:48,2026-03-02 21:02:34,3,12.4,40.68,Credit Card
2026-03-03 21:18:48,2026-03-03 22:04:54,3,19.28,55.33,Dispute
2026-03-01 19:48:27,2026-03-01 20:22:27,3,23.0,61.24,Cash
2026-03-07 07:22:48,2026-03-07 07:51:01,6,15.08,41.99,No Charge
2026-03-06 01:36:38,2026-03-06 01:55:45,2,20.41,60.06,Cash
2026-03-03 17:39:49,2026-03-03 17:43:11,4,10.16,36.32,Credit Card
2026-03-06 11:41:24,2026-03-06 11:58:40,6,6.71,29.45,Credit Card
2026-03-03 23:37:55,2026-03-03 23:42:28,6,24.0,69.67,Credit Card
2026-03-05 17:13:56,2026-03-05 18:00:09,6,0.58,7.89,Cash
2026-03-06 08:40:30,2026-03-06 09:13:39,2,18.41,56.98,Credit Card
2026-03-04 02:31:07,2026-03-04 03:25:16,2,22.64,65.36,Dispute
2026-03-04 07:13:02,2026-03-04 07:46:08,4,22.36,62.76,Cash
2026-03-06 08:34:30,2026-03-06 09:06:08,6,11.82,33.52,Credit Card
2026-03-04 03:08:22,2026-03-04 03:54:26,2,17.09,47.28,Credit Card
2026-03-04 07:30:37,2026-03-04 08:29:41,2,14.64,-0.37,Dispute
2026-03-05 00:21:08,2026-03-05 01:10:41,3,11.79,39.61,Credit Card
2026-03-07 13:11:08,2026-03-07 13:55:23,5,0.92,11.54,Dispute
2026-03-02 17:35:24,2026-03-02 18:16:12,6,16.62,51.17,Credit Card
2026-03-04 23:10:03,2026-03-04 23:36:56,3,15.01,50.46,Credit Card
2026-03-01 14:01:46,2026-03-01 14:21:26,3,6.55,19.85,Credit Card
2026-03-04 19:29:11,2026-03-04 20:18:13,2,10.8,38.48,Credit Card
2026-03-07 02:52:51,2026-03-07 03:20:21,5,12.13,37.24,No Charge
2026-03-06 06:56:48,2026-03-06 07:05:12,5,3.74,20.03,Dispute
2026-03-04 22:48:33,2026-03-04 23:46:41,1,2.92,15.49,Cash
2026-03-01 03:43:33,2026-03-01 04:18:30,6,24.16,63.55,No Charge
2026-03-01 05:40:29,2026-03-01 06:33:41,4,14.98,40.71,Dispute
2026-03-02 02:24:15,2026-03-02 02:29:17,1,18.0,48.46,No Charge
2026-03-06 03:37:44,2026-03-06 04:30:16,1,15.76,-4.03,Credit Card
2026-03-05 18:51:57,2026-03-05 19:29:35,1,11.7,32.76,Credit Card
2026-03-04 11:53:13,2026-03-04 12:13:08,1,18.67,52.6,Dispute
2026-03-02 07:14:49,2026-03-02 07:56:31,3,2.74,18.02,Dispute
2026-03-04 21:00:38,2026-03-04 21:47:48,2,23.87,71.94,No Charge
2026-03-06 21:46:41,2026-03-06 21:50:28,3,24.69,73.93,Credit Card
2026-03-07 06:46:26,2026-03-07 07:19:53,5,21.65,63.45,Cash
2026-03-01 20:42:46,2026-03-01 21:01:58,3,17.93,54.99,Dispute
2026-03-04 00:01:55,2026-03-04 00:07:57,2,14.18,38.51,No Charge
2026-03-03 14:38:40,2026-03-03 15:01:16,5,14.04,43.86,No Charge
2026-03-06 22:53:39,2026-03-06 23:53:30,3,21.37,56.97,Cash
2026-03-06 03:15:21,2026-03-06 04:01:56,1,24.64,68.68,Cash
2026-03-05 02:19:19,2026-03-05 02:32:42,6,20.56,60.52,No Charge
2026-03-01 03:01:13,2026-03-01 03:59:00,3,18.25,50.91,Cash
2026-03-07 00:16:02,2026-03-07 00:37:53,5,3.42,17.68,No Charge
2026-03-03 23:17:05,2026-03-03 23:29:59,5,3.33,18.71,Dispute
2026-03-02 18:11:01,2026-03-02 18:41:54,1,15.04,44.26,Credit Card
2026-03-05 10:31:50,2026-03-05 10:52:42,5,5.67,20.97,No Charge
2026-03-03 09:23:27,2026-03-03 09:53:16,1,4.24,19.1,Dispute
2026-03-04 23:42:09,2026-03-05 00:25:16,4,6.18,23.74,Credit Card
2026-03-06 05:31:34,2026-03-06 05:48:05,2,0.57,13.03,Credit Card
2026-03-06 18:26:04,2026-03-06 18:30:01,6,21.54,-2.9,Cash
2026-03-01 16:02:55,2026-03-01 16:44:38,3,11.15,40.42,Credit Card
2026-03-05 01:29:49,2026-03-05 02:14:11,2,2.07,11.42,Credit Card
2026-03-01 23:57:31,2026-03-02 00:40:14,2,6.94,-7.07,Dispute
2026-03-07 11:06:04,2026-03-07 11:54:08,4,15.63,49.84,Dispute
2026-03-05 04:23:52,2026-03-05 05:07:28,6,4.49,21.57,No Charge
2026-03-01 11:20:38,2026-03-01 12:14:18,6,13.08,45.16,Credit Card
2026-03-01 17:40:07,2026-03-01 18:03:54,3,8.15,24.92,No Charge
2026-03-03 13:02:22,2026-03-03 13:18:53,4,4.22,22.12,Cash
2026-03-02 22:32:44,2026-03-02 23:12:47,6,21.38,64.44,Dispute
2026-03-04 20:36:11,2026-03-04 21:25:38,4,11.24,32.37,Credit Card
2026-03-07 00:06:38,2026-03-07 00:23:40,2,14.35,45.74,No Charge
2026-03-02 23:14:04,2026-03-02 23:33:22,6,21.11,57.24,Credit Card
2026-03-05 01:18:27,2026-03-05 01:36:33,4,7.8,22.83,No Charge
2026-03-05 21:55:55,2026-03-05 22:10:17,6,5.82,24.32,Credit Card
2026-03-07 23:37:19,2026-03-08 00:31:05,6,18.4,-5.76,Credit Card
2026-03-05 10:25:10,2026-03-05 10:40:31,5,-4.91,-5.07,No Charge
2026-03-02 02:01:31,2026-03-02 02:10:50,3,13.82,46.45,Credit Card
2026-03-07 21:39:56,2026-03-07 22:39:29,4,10.24,32.74,Dispute
2026-03-03 14:08:41,2026-03-03 14:49:35,2,11.98,41.18,No Charge
2026-03-01 15:02:32,2026-03-01 15:27:40,2,16.73,46.19,No Charge
2026-03-01 19:19:44,2026-03-01 19:36:52,5,18.38,49.29,Dispute
2026-03-04 19:22:08,2026-03-04 19:56:26,6,21.34,58.9,Credit Card
2026-03-04 03:56:48,2026-03-04 04:24:15,1,5.85,18.99,Credit Card
2026-03-02 07:12:07,2026-03-02 07:41:05,4,10.65,31.26,Credit Card
2026-03-06 10:24:32,2026-03-06 11:15:58,4,19.07,56.15,Cash
2026-03-05 13:01:56,2026-03-05 13:40:19,1,19.03,57.24,Dispute
2026-03-03 01:32:47,2026-03-03 01:45:28,3,6.52,24.39,No Charge
2026-03-07 13:04:28,2026-03-07 13:13:05,2,14.86,43.13,Cash
2026-03-07 07:05:36,2026-03-07 07:48:39,6,4.14,17.32,No Charge
2026-03-05 05:04:09,2026-03-05 05:46:47,1,1.8,16.04,Credit Card
2026-03-07 08:53:00,2026-03-07 09:37:09,1,10.39,31.7,No Charge
2026-03-06 05:29:27,2026-03-06 06:19:29,1,12.86,36.77,Dispute
2026-03-01 13:26:08,2026-03-01 14:14:49,3,16.51,45.43,Credit Card
2026-03-07 22:20:58,2026-03-07 22:50:47,1,13.47,46.65,No Charge
2026-03-06 07:06:53,2026-03-06 07:29:32,2,14.87,45.81,Credit Card
2026-03-05 13:49:56,2026-03-05 14:48:33,4,22.98,61.3,Dispute
2026-03-02 11:32:59,2026-03-02 12:17:21,2,23.99,63.01,Cash
2026-03-06 04:48:31,2026-03-06 05:15:55,6,7.74,25.22,Dispute
2026-03-06 11:55:02,2026-03-06 12:09:11,5,23.03,63.2,Dispute
2026-03-05 00:02:29,2026-03-05 01:01:55,4,8.89,31.09,Dispute
2026-03-03 04:31:37,2026-03-03 05:27:35,1,15.92,47.81,Credit Card
2026-03-01 23:46:09,2026-03-01 23:55:37,6,5.58,21.37,Credit Card
2026-03-05 10:56:32,2026-03-05 11:37:38,5,13.51,-3.17,Cash
2026-03-04 11:42:16,2026-03-04 11:47:23,2,0.66,6.57,No Charge
2026-03-01 12:09:52,2026-03-01 12:13:16,4,19.94,55.12,No Charge
2026-03-03 10:03:58,2026-03-03 10:23:21,2,11.42,31.88,No Charge
2026-03-01 01:10:34,2026-03-01 01:53:51,2,9.49,27.53,Dispute
2026-03-07 23:18:45,2026-03-07 23:57:03,6,5.59,22.57,Credit Card
2026-03-03 17:21:30,2026-03-03 17:56:40,1,6.33,28.6,Cash
2026-03-04 19:23:42,2026-03-04 20:14:03,1,10.15,38.24,Cash
2026-03-04 08:31:58,2026-03-04 08:40:42,3,8.85,28.71,Cash
2026-03-05 10:44:50,2026-03-05 11:20:28,5,15.31,49.16,No Charge
2026-03-05 01:15:18,2026-03-05 01:41:56,4,20.19,53.87,Dispute
2026-03-02 18:54:08,2026-03-02 19:14:25,1,22.14,68.31,No Charge
2026-03-01 14:37:08,2026-03-01 15:14:19,1,24.76,66.43,Dispute
2026-03-04 16:24:32,2026-03-04 16:59:25,2,0.68,5.84,Cash
2026-03-02 15:22:22,2026-03-02 15:48:27,6,22.17,66.16,Credit Card
2026-03-04 10:26:41,2026-03-04 10:50:24,2,11.03,33.35,Cash
2026-03-02 04:45:06,2026-03-02 05:08:01,5,21.35,-8.27,Dispute
2026-03-02 03:39:10,2026-03-02 04:12:24,6,14.51,43.32,Credit Card
2026-03-03 14:18:54,2026-03-03 14:50:34,5,6.57,25.77,No Charge
2026-03-05 16:47:17,2026-03-05 17:40:24,3,4.2,21.14,No Charge
2026-03-02 18:33:15,2026-03-02 18:42:40,1,20.95,62.39,No Charge
2026-03-05 19:07:14,2026-03-05 20:01:53,1,21.82,58.63,Cash
2026-03-06 21:20:30,2026-03-06 21:49:47,6,12.01,40.25,Cash
2026-03-03 23:35:47,2026-03-03 23:40:32,6,4.96,15.76,Cash
2026-03-01 05:21:28,2026-03-01 05:27:10,2,7.69,22.32,Cash
2026-03-04 16:40:41,2026-03-04 17:18:45,2,17.29,52.79,Credit Card
2026-03-06 23:34:53,2026-03-07 00:06:11,5,2.98,15.81,Dispute
2026-03-04 04:20:01,2026-03-04 04:54:19,2,5.67,26.14,Credit Card
2026-03-07 02:24:27,2026-03-07 02:38:45,3,3.84,18.96,Credit Card
2026-03-02 20:16:50,2026-03-02 20:47:04,5,24.52,73.16,Cash
2026-03-03 00:48:27,2026-03-03 01:13:53,4,0.61,4.6,Dispute
2026-03-06 14:36:30,2026-03-06 14:52:51,6,17.58,53.64,Dispute
2026-03-05 16:26:19,2026-03-05 16:54:41,1,6.95,28.58,No Charge
2026-03-06 02:10:04,2026-03-06 02:58:51,4,7.91,29.35,Cash
2026-03-07 17:14:38,2026-03-07 17:17:54,5,18.28,54.66,No Charge
2026-03-03 02:43:50,2026-03-03 03:39:43,2,19.41,57.47,Dispute
2026-03-07 12:43:03,2026-03-07 13:01:17,2,5.72,17.62,Cash
2026-03-07 10:21:38,2026-03-07 10:33:57,6,21.38,61.07,Cash
2026-03-05 22:42:00,2026-03-05 23:25:52,2,1.18,13.46,Dispute
2026-03-06 21:34:39,2026-03-06 21:44:00,5,19.83,53.44,Dispute
2026-03-01 05:34:39,2026-03-01 06:15:11,3,14.9,48.31,No Charge
2026-03-04 08:20:24,2026-03-04 08:43:30,5,14.41,40.45,Credit Card
2026-03-06 06:25:55,2026-03-06 06:36:35,6,24.8,68.16,Cash
2026-03-07 05:15:18,2026-03-07 05:39:17,4,24.63,65.74,Cash
2026-03-04 03:45:56,2026-03-04 04:13:59,4,20.19,53.64,Dispute
2026-03-04 04:50:55,2026-03-04 05:04:15,5,21.21,58.54,Credit Card
2026-03-02 16:01:12,2026-03-02 16:52:44,1,2.18,15.94,Dispute
2026-03-01 00:59:39,2026-03-01 01:49:01,4,4.1,16.11,Cash
2026-03-07 12:59:00,2026-03-07 13:36:19,3,6.0,-8.24,Dispute
2026-03-06 18:19:30,2026-03-06 18:31:32,2,19.41,53.42,No Charge
2026-03-05 01:49:19,2026-03-05 02:21:11,5,4.47,18.91,Dispute
2026-03-07 13:12:24,2026-03-07 13:37:01,3,0.51,7.62,No Charge
2026-03-05 08:50:59,2026-03-05 09:45:01,5,7.19,23.1,Dispute
2026-03-02 20:44:26,2026-03-02 20:55:24,6,0.66,8.21,Credit Card
2026-03-02 12:22:37,2026-03-02 13:08:27,5,16.9,46.41,Cash
2026-03-04 13:04:19,2026-03-04 13:18:55,1,6.03,28.0,Cash
2026-03-05 04:35:15,2026-03-05 05:10:16,3,23.22,-1.08,Dispute
2026-03-01 23:44:29,2026-03-01 23:48:43,3,9.37,35.08,No Charge
2026-03-02 15:39:27,2026-03-02 15:53:35,5,10.1,30.77,No Charge
2026-03-06 23:10:34,2026-03-06 23:15:11,4,8.75,32.5,No Charge
2026-03-04 11:25:53,2026-03-04 11:41:14,4,5.7,20.4,No Charge
2026-03-05 14:41:50,2026-03-05 15:04:15,3,8.44,29.51,Credit Card
2026-03-07 20:28:30,2026-03-07 21:25:54,6,11.93,42.04,Credit Card
2026-03-04 10:36:40,2026-03-04 10:53:30,4,20.34,-5.45,Dispute
2026-03-05 00:25:15,2026-03-05 00:44:46,6,8.6,26.51,Dispute
2026-03-06 09:56:45,2026-03-06 10:01:11,2,9.35,34.82,Dispute
2026-03-02 03:59:57,2026-03-02 04:21:27,6,23.53,63.74,No Charge
2026-03-03 02:52:19,2026-03-03 03:29:28,6,1.89,11.04,No Charge
2026-03-01 01:15:34,2026-03-01 02:03:21,5,19.3,58.88,Credit Card
2026-03-05 04:17:19,2026-03-05 05:13:32,3,21.57,59.49,No Charge
2026-03-03 01:19:18,2026-03-03 01:36:59,1,0.71,8.24,Credit Card
2026-03-04 16:39:49,2026-03-04 16:53:14,6,2.29,12.68,Dispute
2026-03-07 04:40:37,2026-03-07 05:02:35,5,24.28,68.96,Credit Card
2026-03-04 14:54:33,2026-03-04 15:06:43,2,8.13,25.12,Cash
2026-03-01 03:14:24,2026-03-01 04:04:33,4,4.26,17.61,No Charge
2026-03-01 11:39:53,2026-03-01 12:01:39,1,21.89,67.24,Cash
2026-03-04 00:54:32,2026-03-04 00:59:58,4,1.79,10.48,No Charge
2026-03-02 23:50:19,2026-03-03 00:24:40,6,7.71,-6.78,Cash
2026-03-06 18:05:56,2026-03-06 18:52:24,5,-4.54,-3.43,Credit Card
2026-03-02 17:13:10,2026-03-02 17:35:48,1,19.11,56.76,Dispute
2026-03-07 19:52:35,2026-03-07 20:11:51,5,6.66,27.77,Dispute
2026-03-04 00:28:42,2026-03-04 00:56:14,3,3.49,13.55,Credit Card
2026-03-01 15:15:28,2026-03-01 16:08:12,4,13.97,44.1,Credit Card
2026-03-05 02:45:53,2026-03-05 03:22:15,1,18.43,52.23,Cash
2026-03-04 03:54:38,2026-03-04 04:22:31,5,20.87,56.44,Dispute
2026-03-07 04:01:56,2026-03-07 04:30:08,5,18.41,55.34,Cash
2026-03-05 09:12:58,2026-03-05 09:30:59,3,23.08,69.97,Dispute
2026-03-01 11:11:02,2026-03-01 12:05:01,5,4.1,17.02,Credit Card
2026-03-07 17:33:28,2026-03-07 18:31:15,5,21.8,63.14,Cash
2026-03-03 08:38:14,2026-03-03 09:08:47,3,9.27,29.75,Cash
2026-03-02 20:23:48,2026-03-02 20:52:29,2,15.92,44.0,Cash
2026-03-04 11:52:04,2026-03-04 12:49:40,4,6.57,28.22,Credit Card
2026-03-01 22:59:29,2026-03-01 23:23:16,2,18.13,-0.37,Credit Card
2026-03-03 15:00:18,2026-03-03 15:15:06,1,10.86,32.75,Dispute
2026-03-07 19:05:03,2026-03-07 19:51:18,2,4.52,18.1,Dispute
2026-03-07 06:40:29,2026-03-07 07:34:25,6,2.65,17.66,No Charge
2026-03-06 06:32:25,2026-03-06 07:10:22,2,12.35,34.61,Dispute
2026-03-02 01:39:23,2026-03-02 02:20:44,5,7.96,32.82,Cash
2026-03-01 15:06:53,2026-03-01 15:56:44,5,20.52,60.35,Credit Card
2026-03-02 06:36:20,2026-03-02 06:47:19,3,7.96,-0.31,Dispute
2026-03-03 13:07:58,2026-03-03 13:20:53,3,19.89,55.33,Credit Card
2026-03-03 11:08:23,2026-03-03 11:48:42,3,18.98,52.61,Dispute
2026-03-03 07:02:30,2026-03-03 07:21:22,4,4.78,17.78,No Charge
2026-03-06 11:05:54,2026-03-06 11:11:59,5,16.88,48.44,Cash
2026-03-05 16:41:43,2026-03-05 17:17:00,6,17.37,52.26,Credit Card
2026-03-05 02:07:54,2026-03-05 03:05:07,3,14.63,39.7,Credit Card
2026-03-01 18:03:26,2026-03-01 18:23:41,3,10.03,-3.81,Credit Card
2026-03-07 05:33:54,2026-03-07 06:22:47,6,3.92,16.37,No Charge
2026-03-05 08:47:23,2026-03-05 09:30:00,1,13.08,37.3,No Charge
2026-03-03 09:33:15,2026-03-03 10:08:12,6,16.75,53.51,Credit Card
2026-03-02 04:31:35,2026-03-02 04:54:57,2,16.19,51.78,No Charge
2026-03-07 15:08:18,2026-03-07 15:13:59,5,5.76,22.49,Credit Card
2026-03-06 18:30:11,2026-03-06 19:21:41,5,-2.9,-2.51,Cash
2026-03-04 20:08:11,2026-03-04 20:49:18,2,20.43,56.1,Cash
2026-03-04 14:01:19,2026-03-04 14:21:00,2,3.77,14.42,Dispute
2026-03-06 11:53:37,2026-03-06 12:14:46,3,14.73,42.69,Credit Card
2026-03-05 04:37:38,2026-03-05 05:19:31,2,5.07,22.8,No Charge
2026-03-07 06:04:56,2026-03-07 06:42:24,4,24.57,73.15,Dispute
2026-03-02 21:06:22,2026-03-02 21:48:06,5,7.67,22.22,No Charge
2026-03-05 14:53:57,2026-03-05 15:26:31,4,8.79,33.5,Cash
2026-03-07 11:19:54,2026-03-07 12:00:23,6,13.47,41.51,Credit Card
2026-03-02 22:24:15,2026-03-02 23:08:38,2,14.47,48.56,No Charge
2026-03-07 11:25:59,2026-03-07 11:53:40,3,20.28,60.22,No Charge
2026-03-07 13:47:01,2026-03-07 14:19:31,4,21.25,63.43,Dispute
2026-03-07 23:59:49,2026-03-08 00:34:00,3,9.0,30.42,Dispute
2026-03-05 07:39:41,2026-03-05 07:49:00,4,9.39,30.03,Cash
2026-03-03 20:20:57,2026-03-03 21:11:23,2,23.67,63.13,Cash
2026-03-05 06:20:43,2026-03-05 06:28:14,3,24.82,67.68,Cash
2026-03-01 04:03:11,2026-03-01 04:46:10,4,-1.52,0.22,Credit Card
2026-03-05 13:04:19,2026-03-05 13:33:14,6,21.24,61.45,No Charge
2026-03-06 22:14:38,2026-03-06 22:46:26,3,24.52,66.0,Dispute
2026-03-04 18:23:58,2026-03-04 19:14:27,6,7.12,22.11,Dispute
2026-03-05 14:15:50,2026-03-05 14:29:41,1,12.43,38.75,Dispute
2026-03-03 07:26:48,2026-03-03 07:48:40,4,3.94,22.42,Cash
2026-03-06 13:31:06,2026-03-06 14:26:58,6,23.83,72.21,No Charge
2026-03-02 14:03:20,2026-03-02 14:56:32,4,16.03,50.02,Cash
2026-03-04 11:16:47,2026-03-04 11:22:17,2,15.57,44.93,Cash
2026-03-05 15:40:41,2026-03-05 16:08:37,1,18.7,54.16,Cash
2026-03-03 00:33:25,2026-03-03 01:22:28,1,4.53,19.43,No Charge
2026-03-01 15:52:34,2026-03-01 16:12:46,4,21.63,64.77,Cash
2026-03-03 11:36:01,2026-03-03 12:08:56,1,24.65,74.26,Cash
2026-03-04 21:59:20,2026-03-04 22:26:28,5,2.91,13.1,Credit Card
2026-03-05 17:14:12,2026-03-05 17:57:17,3,21.32,58.08,Dispute
2026-03-05 08:30:38,2026-03-05 09:02:59,6,-0.33,4.39,Dispute
2026-03-04 01:20:42,2026-03-04 01:38:29,3,4.9,24.75,No Charge
2026-03-05 03:43:51,2026-03-05 03:51:09,4,23.1,68.41,Dispute
2026-03-07 06:58:25,2026-03-07 07:18:17,4,17.8,56.99,Cash
2026-03-07 15:10:19,2026-03-07 15:38:25,5,6.36,26.45,Credit Card
2026-03-02 01:14:09,2026-03-02 01:21:34,5,0.8,13.2,No Charge
2026-03-06 07:45:11,2026-03-06 08:36:16,2,-2.34,4.53,Credit Card
2026-03-06 10:07:33,2026-03-06 10:11:15,2,12.05,39.34,No Charge
2026-03-04 13:02:44,2026-03-04 13:28:11,3,6.38,19.0,Credit Card
2026-03-07 07:40:39,2026-03-07 08:05:01,5,7.69,29.41,Credit Card
2026-03-04 17:31:52,2026-03-04 17:55:19,6,14.72,41.97,Credit Card
2026-03-04 21:14:25,2026-03-04 21:32:09,5,1.23,12.23,Cash
2026-03-01 00:57:21,2026-03-01 01:41:24,2,8.29,25.85,Dispute
2026-03-05 07:19:35,2026-03-05 07:55:46,6,8.9,35.23,Dispute
2026-03-04 19:52:06,2026-03-04 20:24:22,4,15.31,41.55,Credit Card
2026-03-03 03:00:55,2026-03-03 03:10:41,5,15.52,49.37,Cash
2026-03-04 08:07:27,2026-03-04 09:06:31,4,20.77,56.23,No Charge
2026-03-05 14:55:26,2026-03-05 15:47:23,5,15.71,47.26,Credit Card
2026-03-05 10:46:14,2026-03-05 11:33:26,6,8.43,31.06,Cash
2026-03-03 20:55:44,2026-03-03 21:11:50,3,5.16,16.13,No Charge
2026-03-02 17:27:41,2026-03-02 17:55:08,6,22.02,65.94,Dispute
2026-03-01 23:08:18,2026-03-01 23:28:53,3,21.9,66.79,Credit Card
2026-03-05 04:00:39,2026-03-05 04:42:21,5,8.57,26.72,No Charge
2026-03-02 01:38:35,2026-03-02 02:35:51,5,19.9,62.04,No Charge
2026-03-02 17:11:33,2026-03-02 18:09:21,2,5.44,24.83,Credit Card
2026-03-01 09:33:16,2026-03-01 10:04:17,6,-4.1,-7.04,Cash
2026-03-06 21:14:22,2026-03-06 21:34:00,5,20.86,60.98,No Charge
2026-03-05 12:58:23,2026-03-05 13:28:19,1,12.57,40.49,Credit Card
2026-03-01 11:16:30,2026-03-01 12:02:54,1,-2.3,1.45,Cash
2026-03-04 23:18:45,2026-03-04 23:35:37,2,13.2,-1.12,No Charge
2026-03-06 05:38:52,2026-03-06 06:12:07,3,1.37,7.47,Cash
2026-03-05 18:28:47,2026-03-05 19:05:51,1,14.37,45.67,No Charge
2026-03-03 02:49:48,2026-03-03 03:41:39,4,6.83,28.89,Cash
2026-03-02 14:07:10,2026-03-02 14:57:39,2,15.79,46.76,No Charge
2026-03-06 10:21:20,2026-03-06 10:37:01,3,11.5,39.28,No Charge
2026-03-07 12:15:30,2026-03-07 12:49:00,6,17.3,52.47,No Charge
2026-03-01 16:08:42,2026-03-01 17:02:44,2,7.13,26.12,Cash
2026-03-04 13:05:42,2026-03-04 13:22:11,3,22.35,66.06,Dispute
2026-03-03 18:00:09,2026-03-03 18:35:35,3,15.06,44.98,Cash
2026-03-01 16:16:35,2026-03-01 16:54:39,4,20.06,61.3,Credit Card
2026-03-03 19:31:19,2026-03-03 19:41:30,5,23.69,68.47,Credit Card
2026-03-01 10:02:42,2026-03-01 10:46:09,4,17.67,50.47,Cash
2026-03-06 09:10:53,2026-03-06 09:17:27,2,12.02,42.17,Dispute
2026-03-03 10:41:26,2026-03-03 11:00:11,1,21.32,59.03,Credit Card
2026-03-01 17:21:00,2026-03-01 18:04:20,2,6.23,25.34,Credit Card
2026-03-03 02:36:03,2026-03-03 02:45:10,2,21.67,64.86,Credit Card
2026-03-01 02:36:08,2026-03-01 03:12:03,3,2.82,14.09,Dispute
2026-03-02 11:23:21,2026-03-02 11:30:03,1,7.75,22.73,No Charge
2026-03-02 03:51:31,2026-03-02 04:22:33,5,13.13,36.63,No Charge
2026-03-04 12:52:03,2026-03-04 13:48:28,1,19.41,52.92,Cash
2026-03-07 03:50:58,2026-03-07 04:32:50,6,3.38,14.47,Dispute
2026-03-02 10:50:45,2026-03-02 11:28:12,3,12.65,38.14,Dispute
2026-03-02 19:39:40,2026-03-02 19:55:35,4,4.67,16.23,Dispute
2026-03-03 13:42:03,2026-03-03 14:01:54,2,19.14,51.35,Dispute
2026-03-02 10:56:34,2026-03-02 11:42:45,5,6.66,23.68,No Charge
2026-03-05 03:09:13,2026-03-05 03:30:57,3,14.41,39.83,No Charge
2026-03-04 14:57:52,2026-03-04 15:28:49,4,3.84,22.26,Dispute
2026-03-07 21:27:17,2026-03-07 21:45:23,1,22.92,61.73,Cash
2026-03-02 11:38:51,2026-03-02 12:30:30,1,6.11,21.41,Cash
2026-03-04 10:24:12,2026-03-04 10:51:16,6,7.6,27.84,Credit Card
2026-03-05 06:41:47,2026-03-05 06:51:41,4,0.92,13.05,Cash
2026-03-01 22:17:50,2026-03-01 22:44:42,3,21.19,60.53,Credit Card
2026-03-02 18:31:07,2026-03-02 18:35:33,6,1.51,15.31,No Charge
2026-03-05 09:19:09,2026-03-05 09:34:58,6,14.76,-3.38,Cash
2026-03-05 02:35:28,2026-03-05 02:59:33,6,24.36,-0.59,Dispute
2026-03-06 10:24:37,2026-03-06 11:00:47,4,20.24,63.55,No Charge
2026-03-01 20:02:20,2026-03-01 20:40:37,6,20.91,58.9,Credit Card
2026-03-06 18:51:10,2026-03-06 19:09:39,1,19.58,57.85,Credit Card
2026-03-07 11:37:30,2026-03-07 12:03:50,6,0.96,6.95,No Charge
2026-03-01 05:36:37,2026-03-01 06:05:27,1,18.53,50.23,Dispute
2026-03-06 05:50:58,2026-03-06 06:46:37,5,10.99,32.74,Credit Card
2026-03-02 12:04:16,2026-03-02 12:36:17,2,23.09,69.82,Dispute
2026-03-03 07:33:36,2026-03-03 08:24:57,3,11.64,40.25,No Charge
2026-03-01 22:21:38,2026-03-01 23:05:00,5,17.64,55.08,Dispute
2026-03-02 08:33:18,2026-03-02 09:08:00,4,11.07,36.06,Dispute
2026-03-01 19:13:29,2026-03-01 19:42:57,5,15.02,48.67,No Charge
2026-03-02 10:04:14,2026-03-02 10:57:28,4,2.68,15.64,Dispute
2026-03-05 10:13:38,2026-03-05 10:54:20,3,17.01,48.07,No Charge
2026-03-06 19:42:59,2026-03-06 19:53:24,4,1.29,11.15,No Charge
2026-03-04 08:08:06,2026-03-04 08:22:17,5,23.75,71.51,Credit Card
2026-03-04 17:31:31,2026-03-04 17:51:25,3,3.65,19.67,No Charge
2026-03-07 05:14:30,2026-03-07 05:33:36,3,2.98,13.06,Cash
2026-03-03 06:05:59,2026-03-03 06:53:00,4,11.91,34.06,No Charge
2026-03-06 23:37:24,2026-03-06 23:59:51,4,10.62,36.85,Cash
2026-03-04 03:12:13,2026-03-04 04:07:27,1,4.61,14.75,Credit Card
2026-03-01 21:32:01,2026-03-01 21:55:29,5,1.51,9.68,Dispute
2026-03-04 15:31:16,2026-03-04 15:46:40,4,2.19,13.76,Cash
2026-03-05 19:53:55,2026-03-05 20:15:29,2,19.06,56.38,Cash
2026-03-07 16:56:14,2026-03-07 17:01:27,4,17.38,49.1,Dispute
2026-03-06 07:25:32,2026-03-06 07:29:18,1,-2.72,-5.78,Cash
2026-03-01 13:55:43,2026-03-01 14:16:50,3,15.57,45.83,Cash
2026-03-01 14:49:30,2026-03-01 15:00:43,3,4.26,17.67,Cash
2026-03-04 23:32:06,2026-03-04 23:36:27,1,23.67,66.54,No Charge
2026-03-02 18:11:39,2026-03-02 18:33:58,1,5.51,19.01,No Charge
2026-03-02 08:49:09,2026-03-02 09:23:09,5,12.44,37.68,Dispute
2026-03-07 15:45:04,2026-03-07 16:21:55,1,13.89,40.17,Credit Card
2026-03-05 22:24:30,2026-03-05 22:59:32,5,20.79,-7.86,Dispute
2026-03-06 13:52:49,2026-03-06 14:25:29,6,10.18,37.55,Dispute
2026-03-03 19:59:43,2026-03-03 20:57:49,6,3.19,17.29,Cash
2026-03-02 01:21:07,2026-03-02 02:03:30,3,11.95,37.18,Dispute
2026-03-02 07:17:16,2026-03-02 07:56:22,2,9.28,28.64,No Charge
2026-03-07 17:45:44,2026-03-07 18:09:41,3,6.9,29.77,No Charge
2026-03-04 15:56:44,2026-03-04 16:18:35,2,17.23,48.6,No Charge
2026-03-06 04:18:29,2026-03-06 04:25:46,3,5.82,24.51,Credit Card
2026-03-02 12:06:06,2026-03-02 12:36:47,4,15.59,45.77,Credit Card
2026-03-06 05:22:29,2026-03-06 05:50:35,5,18.07,56.04,No Charge
2026-03-02 01:00:02,2026-03-02 01:55:22,2,18.41,57.87,Credit Card
2026-03-06 06:54:41,2026-03-06 07:11:41,3,12.64,38.57,No Charge
2026-03-05 09:12:28,2026-03-05 10:08:37,3,10.46,29.43,Credit Card
2026-03-01 01:22:58,2026-03-01 01:53:33,1,16.27,47.24,Dispute
2026-03-03 09:11:14,2026-03-03 09:41:44,5,13.98,46.62,Credit Card
2026-03-03 14:32:37,2026-03-03 15:15:33,2,12.54,37.64,Credit Card
2026-03-04 07:37:41,2026-03-04 07:56:16,4,4.78,18.37,Dispute
2026-03-04 08:45:11,2026-03-04 09:44:38,3,21.64,63.02,Dispute
2026-03-01 03:11:29,2026-03-01 04:06:26,6,16.92,52.22,Credit Card
2026-03-02 08:52:14,2026-03-02 09:05:47,5,14.65,49.55,No Charge
2026-03-06 21:43:48,2026-03-06 22:06:26,2,3.09,11.67,Credit Card
2026-03-05 09:43:21,2026-03-05 10:25:31,1,5.17,16.15,No Charge
2026-03-06 20:40:14,2026-03-06 21:19:39,1,22.65,61.61,Dispute
2026-03-05 00:34:57,2026-03-05 01:31:20,5,11.85,37.49,No Charge
2026-03-04 06:50:49,2026-03-04 07:00:22,1,1.43,8.79,Credit Card
2026-03-02 11:53:25,2026-03-02 12:20:43,5,14.37,47.79,Credit Card
2026-03-04 02:19:44,2026-03-04 03:09:55,1,21.15,57.16,Cash
2026-03-07 13:13:59,2026-03-07 13:51:47,6,14.61,45.22,Credit Card
2026-03-02 21:17:48,2026-03-02 21:28:00,2,14.68,46.0,No Charge
2026-03-03 07:36:42,2026-03-03 07:56:02,6,9.27,32.66,No Charge
2026-03-05 09:04:01,2026-03-05 09:29:56,1,3.17,18.64,No Charge
2026-03-04 15:25:17,2026-03-04 15:57:29,4,19.61,57.8,Dispute
2026-03-06 15:16:10,2026-03-06 16:06:06,2,9.4,34.59,Dispute
2026-03-07 18:39:23,2026-03-07 19:33:11,2,24.21,67.27,No Charge
2026-03-03 13:03:32,2026-03-03 13:10:48,2,18.49,50.42,No Charge
2026-03-07 14:08:45,2026-03-07 15:04:19,2,8.02,25.95,Dispute
2026-03-07 01:58:53,2026-03-07 02:08:29,5,3.32,17.73,Dispute
2026-03-04 05:11:58,2026-03-04 05:22:40,3,15.27,46.36,Cash
2026-03-03 22:02:18,2026-03-03 22:34:55,3,22.26,63.95,Dispute
2026-03-01 14:52:34,2026-03-01 15:48:40,6,0.6,13.39,Credit Card
2026-03-05 00:56:39,2026-03-05 01:05:46,2,7.88,27.52,Credit Card
2026-03-04 06:57:21,2026-03-04 07:05:10,3,1.42,9.01,No Charge
2026-03-03 22:28:36,2026-03-03 22:48:57,2,20.88,61.39,Dispute
2026-03-07 09:17:52,2026-03-07 09:24:36,5,21.43,57.75,Cash
2026-03-05 20:36:20,2026-03-05 21:18:05,5,18.01,50.53,Cash
2026-03-05 15:13:23,2026-03-05 15:53:24,3,1.62,10.34,Dispute
2026-03-01 07:31:05,2026-03-01 08:23:56,1,6.86,20.88,Credit Card
2026-03-04 08:55:47,2026-03-04 09:53:05,5,6.38,21.16,Dispute
2026-03-04 13:10:57,2026-03-04 13:33:32,1,-4.18,1.93,No Charge
2026-03-07 14:21:33,2026-03-07 15:21:19,2,16.4,51.51,No Charge
2026-03-07 10:42:10,2026-03-07 11:22:17,5,9.91,34.64,Cash
2026-03-04 01:51:55,2026-03-04 02:41:12,6,5.56,21.79,No Charge
2026-03-01 08:14:50,2026-03-01 08:34:59,3,13.26,41.65,No Charge
2026-03-06 14:50:54,2026-03-06 15:17:47,5,22.26,63.48,Cash
2026-03-07 18:09:00,2026-03-07 18:22:11,3,21.69,61.68,No Charge
2026-03-03 18:19:24,2026-03-03 18:34:20,6,4.39,23.81,Dispute
2026-03-07 19:23:33,2026-03-07 20:05:35,2,6.36,22.49,Dispute
2026-03-03 20:09:30,2026-03-03 20:57:48,4,7.61,31.53,No Charge
2026-03-02 14:09:10,2026-03-02 14:41:37,3,13.95,39.81,Cash
2026-03-07 14:17:01,2026-03-07 14:23:20,5,13.22,44.41,Cash
2026-03-03 05:54:06,2026-03-03 06:37:21,6,18.8,52.21,Cash
2026-03-03 01:40:41,2026-03-03 02:17:18,3,20.43,57.74,Dispute
2026-03-03 02:01:40,2026-03-03 02:38:10,3,23.86,71.74,Cash
2026-03-03 15:38:58,2026-03-03 16:21:16,5,24.89,74.25,Credit Card
2026-03-04 18:50:35,2026-03-04 19:19:05,4,20.96,61.22,Credit Card
2026-03-06 18:17:01,2026-03-06 18:51:59,1,4.76,24.82,Credit Card
2026-03-04 19:38:45,2026-03-04 20:02:40,3,20.57,58.79,Credit Card
2026-03-01 05:19:22,2026-03-01 05:48:06,2,1.78,12.9,Credit Card
2026-03-05 07:50:40,2026-03-05 08:36:13,2,22.35,63.27,Cash
2026-03-03 14:26:26,2026-03-03 14:54:47,5,17.88,57.43,Cash
2026-03-03 15:28:00,2026-03-03 15:57:22,6,2.35,15.96,Credit Card
2026-03-01 12:56:50,2026-03-01 13:54:32,4,20.7,64.08,Credit Card
2026-03-02 04:35:56,2026-03-02 04:47:16,3,15.89,47.5,Dispute
2026-03-07 08:43:20,2026-03-07 09:25:51,4,22.27,62.6,Credit Card
2026-03-07 09:09:42,2026-03-07 09:44:11,1,22.09,64.5,Cash
2026-03-03 03:28:08,2026-03-03 03:31:14,5,14.46,41.26,No Charge
2026-03-01 09:38:10,2026-03-01 10:20:45,5,16.71,54.4,Credit Card
2026-03-03 14:45:44,2026-03-03 15:34:03,3,3.34,17.7,Dispute
2026-03-03 00:44:56,2026-03-03 01:05:34,3,21.66,63.32,Dispute
2026-03-03 21:15:12,2026-03-03 21:22:49,5,6.84,22.89,Cash
2026-03-01 03:09:05,2026-03-01 04:03:46,1,22.55,63.65,Credit Card
2026-03-04 03:54:27,2026-03-04 04:36:56,1,3.37,20.8,Dispute
2026-03-05 19:39:18,2026-03-05 20:27:33,5,0.82,9.62,Dispute
2026-03-03 07:46:52,2026-03-03 08:00:15,2,4.14,20.96,Dispute
2026-03-01 17:04:54,2026-03-01 17:50:13,3,8.04,-7.39,Dispute
2026-03-04 22:34:31,2026-03-04 23:26:30,4,11.16,39.77,No Charge
2026-03-02 03:51:26,2026-03-02 04:06:38,5,18.61,54.25,Dispute
2026-03-03 13:39:53,2026-03-03 13:42:57,2,10.75,35.18,No Charge
2026-03-04 21:15:53,2026-03-04 21:22:33,6,1.19,-6.12,Cash
2026-03-07 14:10:07,2026-03-07 15:09:11,5,16.51,48.93,Credit Card
2026-03-07 01:23:52,2026-03-07 01:47:14,1,14.88,47.15,Cash
2026-03-06 11:05:24,2026-03-06 11:57:01,2,24.93,69.01,Dispute
2026-03-03 07:09:41,2026-03-03 08:02:11,6,23.16,61.01,Cash
2026-03-05 11:55:21,2026-03-05 12:11:11,2,17.45,46.91,Cash
2026-03-07 13:32:53,2026-03-07 14:30:02,4,13.99,38.67,Credit Card
2026-03-05 17:20:45,2026-03-05 17:51:47,1,1.9,13.94,Dispute
2026-03-01 15:56:53,2026-03-01 16:10:04,1,17.15,46.92,Cash
2026-03-04 20:49:18,2026-03-04 20:58:26,5,22.53,67.32,No Charge
2026-03-04 14:54:35,2026-03-04 15:20:39,1,13.98,46.9,Dispute
2026-03-03 06:00:19,2026-03-03 06:17:25,2,24.53,67.7,No Charge
2026-03-05 03:36:55,2026-03-05 04:03:26,2,19.9,55.73,Dispute
2026-03-06 12:45:24,2026-03-06 13:00:47,1,18.5,56.35,Cash
2026-03-04 07:13:49,2026-03-04 07:23:04,5,2.22,10.38,Cash
2026-03-01 14:41:37,2026-03-01 15:06:11,3,15.59,43.26,Dispute
2026-03-01 18:52:28,2026-03-01 19:38:20,5,20.72,62.79,Cash
2026-03-06 12:47:47,2026-03-06 13:01:41,3,10.77,30.13,Cash
2026-03-07 02:34:48,2026-03-07 02:54:22,1,1.72,15.23,No Charge
2026-03-05 19:22:42,2026-03-05 19:36:33,1,14.84,48.44,Cash
2026-03-04 06:19:45,2026-03-04 06:59:20,6,14.64,46.37,Credit Card
2026-03-07 13:05:42,2026-03-07 13:15:11,4,0.52,8.37,Dispute
2026-03-06 06:53:05,2026-03-06 07:02:16,5,7.56,27.8,No Charge
2026-03-07 16:36:22,2026-03-07 17:29:39,5,2.34,12.28,No Charge
2026-03-02 07:13:59,2026-03-02 07:45:36,3,5.98,19.45,Cash
2026-03-02 08:54:01,2026-03-02 09:19:07,6,6.46,20.94,Dispute
2026-03-07 21:32:44,2026-03-07 22:10:48,1,19.29,60.11,Dispute
2026-03-05 06:42:39,2026-03-05 06:46:01,2,2.31,9.36,Cash
2026-03-06 07:36:52,2026-03-06 08:36:46,6,24.56,66.13,No Charge
2026-03-06 00:18:46,2026-03-06 00:40:48,5,10.2,30.39,Cash
2026-03-03 02:59:59,2026-03-03 03:45:31,1,14.18,47.57,Credit Card
2026-03-04 11:47:52,2026-03-04 12:17:28,4,13.86,41.26,No Charge
2026-03-01 11:54:04,2026-03-01 12:29:51,6,21.21,61.17,No Charge
2026-03-07 03:26:05,2026-03-07 04:19:39,1,4.76,20.96,Cash
2026-03-01 02:00:43,2026-03-01 02:27:17,2,11.23,36.44,No Charge
2026-03-07 16:12:11,2026-03-07 16:24:31,5,5.53,23.22,Cash
2026-03-01 05:47:06,2026-03-01 06:33:59,3,16.53,50.69,No Charge
2026-03-04 22:11:01,2026-03-04 22:55:40,4,21.58,64.79,No Charge
2026-03-04 21:17:22,2026-03-04 21:43:19,2,18.75,50.62,No Charge
2026-03-01 10:21:56,2026-03-01 10:39:56,2,22.69,66.0,Credit Card
2026-03-03 00:49:15,2026-03-03 00:54:07,1,5.08,24.17,Credit Card
2026-03-05 18:01:00,2026-03-05 18:10:11,4,-0.97,5.08,Cash
2026-03-03 16:33:52,2026-03-03 16:51:56,3,5.28,22.5,No Charge
2026-03-05 10:46:17,2026-03-05 11:20:13,6,2.73,17.38,Dispute
2026-03-01 07:21:11,2026-03-01 07:33:52,5,1.65,13.79,Dispute
2026-03-03 19:52:26,2026-03-03 19:58:13,1,15.7,43.2,No Charge
2026-03-04 09:10:37,2026-03-04 09:36:12,5,23.6,69.45,Credit Card
2026-03-01 10:17:14,2026-03-01 10:33:11,5,2.58,15.39,No Charge
2026-03-03 16:34:39,2026-03-03 17:24:56,5,17.14,50.72,Credit Card
2026-03-04 15:38:29,2026-03-04 16:02:47,6,23.26,66.04,Cash
2026-03-07 19:05:13,2026-03-07 19:09:33,1,11.58,33.12,Cash
2026-03-07 13:45:58,2026-03-07 14:12:13,1,12.03,33.5,Dispute
2026-03-06 10:03:39,2026-03-06 10:24:42,5,18.19,53.09,No Charge
2026-03-07 20:05:53,2026-03-07 20:58:15,1,18.13,52.32,Cash
2026-03-03 20:36:32,2026-03-03 21:30:33,5,-1.74,0.37,Dispute
2026-03-07 03:37:56,2026-03-07 04:19:51,6,20.43,54.34,Dispute
2026-03-03 23:06:41,2026-03-03 23:46:28,3,16.77,52.84,No Charge
2026-03-05 02:44:01,2026-03-05 03:18:46,2,1.7,13.84,Cash
2026-03-04 23:53:03,2026-03-05 00:21:31,6,22.15,59.95,Credit Card
2026-03-02 23:03:20,2026-03-03 00:02:02,2,0.89,9.61,Credit Card
2026-03-07 18:24:55,2026-03-07 18:42:12,5,17.37,53.44,Cash
2026-03-06 15:54:24,2026-03-06 16:13:11,1,12.26,35.27,Credit Card
2026-03-07 17:56:08,2026-03-07 18:05:57,3,24.33,70.85,No Charge
2026-03-06 20:41:35,2026-03-06 20:53:35,4,-1.98,7.35,Cash
2026-03-06 08:22:49,2026-03-06 09:16:34,1,16.9,51.11,Dispute
2026-03-04 18:09:26,2026-03-04 19:04:51,2,10.21,29.4,Dispute
2026-03-03 07:39:21,2026-03-03 08:36:04,6,24.18,63.76,Dispute
2026-03-03 16:20:27,2026-03-03 17:14:34,6,10.27,36.88,Credit Card
2026-03-04 13:09:27,2026-03-04 14:05:26,4,24.28,69.22,Dispute
2026-03-01 14:15:59,2026-03-01 15:15:24,3,1.86,-0.17,No Charge
2026-03-03 01:37:55,2026-03-03 01:59:42,1,12.48,43.26,Dispute
2026-03-05 05:50:38,2026-03-05 06:31:12,6,6.4,28.26,Cash
2026-03-02 01:50:24,2026-03-02 01:53:44,3,13.35,45.42,Credit Card
2026-03-05 12:18:46,2026-03-05 12:57:15,5,-2.3,-1.63,Dispute
2026-03-05 21:10:14,2026-03-05 22:00:47,5,24.95,71.06,Dispute
2026-03-07 07:26:44,2026-03-07 08:19:39,2,21.75,57.41,Credit Card
2026-03-01 13:03:44,2026-03-01 13:56:36,1,23.49,61.81,No Charge
2026-03-05 11:23:13,2026-03-05 12:02:44,6,9.49,33.6,Dispute
2026-03-03 15:01:20,2026-03-03 15:06:36,4,17.56,53.58,Cash
2026-03-06 11:41:50,2026-03-06 11:55:33,5,24.98,66.61,Cash
2026-03-01 15:38:36,2026-03-01 15:55:42,2,12.81,41.19,Dispute
2026-03-07 06:45:36,2026-03-07 07:44:06,2,18.84,-3.73,Dispute
2026-03-01 01:11:03,2026-03-01 01:27:47,6,5.98,27.29,Dispute
2026-03-04 13:59:34,2026-03-04 14:18:38,6,2.11,-4.57,Credit Card
2026-03-02 09:35:17,2026-03-02 10:01:14,3,5.19,22.68,No Charge
2026-03-03 07:43:51,2026-03-03 08:18:43,5,22.38,63.69,Dispute
2026-03-03 18:07:50,2026-03-03 19:01:31,6,15.8,43.82,Credit Card
2026-03-02 06:17:41,2026-03-02 06:28:46,4,15.76,44.92,Credit Card
2026-03-01 20:04:19,2026-03-01 20:24:50,1,17.69,51.11,No Charge
2026-03-05 14:00:22,2026-03-05 14:37:13,1,23.81,65.98,No Charge
2026-03-04 07:01:18,2026-03-04 07:31:28,4,13.56,41.8,Credit Card
2026-03-03 19:01:39,2026-03-03 20:00:09,1,4.04,-3.67,Dispute
2026-03-06 04:08:47,2026-03-06 04:19:53,6,11.5,32.54,Credit Card
2026-03-02 13:04:25,2026-03-02 13:37:43,4,16.15,49.41,Cash
2026-03-03 03:05:13,2026-03-03 03:32:27,5,16.1,49.77,No Charge
2026-03-05 13:50:52,2026-03-05 14:15:03,5,23.0,-6.43,Dispute
2026-03-03 07:22:21,2026-03-03 07:31:55,6,12.18,39.35,Credit Card
2026-03-07 03:52:48,2026-03-07 04:48:47,6,2.42,17.22,Credit Card
2026-03-04 05:46:56,2026-03-04 06:41:10,6,21.09,64.09,No Charge
2026-03-06 14:09:40,2026-03-06 14:44:53,3,18.89,55.61,Credit Card
2026-03-07 05:38:34,2026-03-07 06:31:15,6,22.15,59.62,Credit Card
2026-03-03 19:18:01,2026-03-03 20:02:26,3,23.85,64.0,Cash
2026-03-02 11:42:42,2026-03-02 12:28:47,2,9.58,28.63,Cash
2026-03-04 00:52:42,2026-03-04 01:39:22,2,23.25,70.96,Dispute
2026-03-02 03:18:44,2026-03-02 03:59:59,4,17.5,54.19,Cash
2026-03-05 05:28:53,2026-03-05 06:15:54,2,12.09,40.84,Credit Card
2026-03-06 15:05:50,2026-03-06 15:57:32,1,15.39,47.09,Cash
2026-03-04 10:33:29,2026-03-04 11:24:15,5,-0.72,8.37,Cash
2026-03-06 05:23:28,2026-03-06 05:45:32,2,10.5,29.91,Dispute
2026-03-03 02:48:07,2026-03-03 02:56:14,1,15.48,51.53,Credit Card
2026-03-07 09:29:59,2026-03-07 10:17:40,2,9.76,34.84,No Charge
2026-03-01 02:54:43,2026-03-01 03:14:45,2,10.57,-7.85,Dispute
2026-03-04 11:11:54,2026-03-04 11:44:19,3,24.26,71.26,No Charge
2026-03-06 01:38:15,2026-03-06 02:15:47,1,1.78,8.79,No Charge
2026-03-02 23:06:01,2026-03-02 23:36:45,4,22.38,59.62,Cash
2026-03-03 04:31:50,2026-03-03 05:30:44,2,2.6,11.21,Cash
2026-03-03 10:20:16,2026-03-03 10:55:05,5,15.57,51.05,Dispute
2026-03-02 08:53:22,2026-03-02 09:05:10,3,2.5,16.71,Cash
2026-03-04 22:02:57,2026-03-04 22:20:20,1,4.0,18.63,No Charge
2026-03-02 11:43:48,2026-03-02 12:21:14,6,16.94,53.4,No Charge
2026-03-04 07:48:22,2026-03-04 08:13:54,5,19.06,58.32,Cash
2026-03-06 13:00:48,2026-03-06 13:28:31,5,-3.55,-5.29,No Charge
2026-03-06 03:17:43,2026-03-06 04:04:37,1,11.49,40.67,Cash
2026-03-06 11:51:03,2026-03-06 12:15:34,1,9.99,37.92,Credit Card
2026-03-03 18:26:31,2026-03-03 18:54:01,5,12.64,42.37,Credit Card
2026-03-05 04:18:47,2026-03-05 05:08:51,4,21.49,66.15,No Charge
2026-03-03 08:12:48,2026-03-03 08:48:25,4,1.66,7.42,Cash
2026-03-06 05:45:43,2026-03-06 06:44:21,2,5.83,18.14,No Charge
2026-03-07 10:28:47,2026-03-07 10:51:45,1,3.41,17.55,No Charge
2026-03-02 12:11:56,2026-03-02 12:24:54,6,2.96,16.15,Credit Card
2026-03-06 05:35:08,2026-03-06 06:10:24,2,14.48,46.17,Cash
2026-03-01 10:53:50,2026-03-01 11:41:58,6,3.99,17.05,Credit Card
2026-03-05 14:16:07,2026-03-05 14:49:03,1,15.94,45.65,Cash
2026-03-06 13:48:33,2026-03-06 13:54:12,1,6.71,20.88,Credit Card
2026-03-07 20:18:29,2026-03-07 21:07:52,2,0.53,13.17,Cash
2026-03-06 17:06:29,2026-03-06 17:35:25,4,12.38,-2.59,No Charge
2026-03-03 15:18:10,2026-03-03 15:41:40,3,12.9,41.21,Dispute
2026-03-03 05:17:46,2026-03-03 05:59:10,5,21.72,60.95,Dispute
2026-03-03 22:36:18,2026-03-03 22:59:31,2,24.99,-9.39,Dispute
2026-03-04 13:37:14,2026-03-04 14:05:58,3,16.95,53.1,No Charge
2026-03-03 14:29:04,2026-03-03 15:10:24,3,11.34,37.96,Dispute
2026-03-07 22:42:08,2026-03-07 22:51:33,1,24.43,66.26,Dispute
2026-03-04 16:52:39,2026-03-04 17:06:53,3,3.51,16.81,Credit Card
2026-03-02 11:07:11,2026-03-02 11:33:10,4,10.72,33.02,No Charge
2026-03-06 13:41:30,2026-03-06 13:58:28,3,3.63,22.07,Credit Card
2026-03-02 05:34:09,2026-03-02 06:30:03,5,9.73,33.76,Dispute
2026-03-06 18:12:04,2026-03-06 18:23:19,4,17.59,55.17,No Charge
2026-03-07 16:43:29,2026-03-07 17:15:20,2,-1.37,1.19,Cash
2026-03-07 15:29:40,2026-03-07 15:58:30,5,9.73,30.12,Dispute
2026-03-06 06:07:51,2026-03-06 06:43:28,4,19.44,58.8,Credit Card
2026-03-07 21:46:42,2026-03-07 22:37:47,1,7.77,28.67,Dispute
2026-03-01 01:01:35,2026-03-01 01:55:03,6,8.79,31.9,Credit Card
2026-03-07 07:06:47,2026-03-07 07:54:47,3,16.08,43.33,Credit Card
2026-03-01 15:29:45,2026-03-01 15:38:27,2,4.22,16.08,Credit Card
2026-03-01 04:24:45,2026-03-01 04:56:23,1,22.18,61.83,Cash
2026-03-04 10:17:59,2026-03-04 10:40:19,6,8.21,30.43,Cash
2026-03-02 01:44:14,2026-03-02 02:13:46,4,13.93,44.27,No Charge
2026-03-06 11:40:35,2026-03-06 11:59:40,4,21.3,56.66,Credit Card
2026-03-05 05:54:40,2026-03-05 06:14:40,6,11.12,38.73,Dispute
2026-03-05 09:51:01,2026-03-05 10:14:33,1,1.64,8.09,Cash
2026-03-02 15:34:28,2026-03-02 15:54:33,4,2.7,13.08,Credit Card
2026-03-01 05:59:10,2026-03-01 06:54:34,4,-3.58,-5.93,Cash
2026-03-02 11:16:17,2026-03-02 11:33:39,6,5.85,22.72,No Charge
2026-03-01 06:57:09,2026-03-01 07:10:30,5,23.35,71.36,Cash
2026-03-03 13:56:09,2026-03-03 14:43:24,2,5.82,24.13,Dispute
2026-03-03 00:58:52,2026-03-03 01:56:52,2,3.92,12.87,Dispute
2026-03-05 20:08:03,2026-03-05 20:34:46,1,2.47,-8.59,Dispute
2026-03-01 20:45:52,2026-03-01 21:06:33,6,16.87,-3.57,Dispute
2026-03-04 09:53:55,2026-03-04 10:20:03,5,2.29,18.67,No Charge
2026-03-03 14:08:20,2026-03-03 14:15:23,4,4.32,22.13,No Charge
2026-03-02 07:57:59,2026-03-02 08:30:42,3,16.66,53.31,Dispute
2026-03-02 07:49:39,2026-03-02 07:53:40,5,19.63,52.28,No Charge
2026-03-02 01:46:43,2026-03-02 01:57:16,3,16.9,53.23,Credit Card
2026-03-03 10:23:19,2026-03-03 11:01:38,3,1.44,16.02,Cash
2026-03-02 23:13:52,2026-03-03 00:07:35,6,4.95,17.83,No Charge
2026-03-02 17:12:24,2026-03-02 18:05:36,2,5.22,21.81,Credit Card
2026-03-02 04:42:04,2026-03-02 05:22:36,2,24.44,74.06,Cash
2026-03-02 13:29:36,2026-03-02 13:58:03,2,23.88,69.28,No Charge
2026-03-02 18:02:51,2026-03-02 18:24:32,3,4.92,20.99,Credit Card
2026-03-01 16:50:25,2026-03-01 17:09:32,4,-4.93,-8.88,No Charge
2026-03-05 16:56:10,2026-03-05 17:13:04,3,19.88,-1.74,No Charge
2026-03-07 10:56:10,2026-03-07 11:56:06,6,20.22,57.79,No Charge
2026-03-02 17:15:35,2026-03-02 17:39:19,3,2.62,10.69,Credit Card
2026-03-06 23:16:29,2026-03-06 23:36:56,3,0.88,14.66,Cash
2026-03-02 04:33:03,2026-03-02 04:56:10,6,17.08,51.99,Credit Card
2026-03-04 17:08:49,2026-03-04 17:58:05,3,-2.06,-1.41,Dispute
2026-03-01 16:05:35,2026-03-01 16:22:50,3,8.6,33.92,Cash
2026-03-02 21:36:35,2026-03-02 22:24:09,6,6.16,26.15,Cash
2026-03-07 15:58:50,2026-03-07 16:17:50,3,22.51,66.08,Credit Card
2026-03-05 09:43:12,2026-03-05 10:35:27,2,21.81,59.94,Dispute
2026-03-04 15:14:49,2026-03-04 15:36:10,2,24.82,66.01,Dispute
2026-03-07 14:38:50,2026-03-07 14:43:09,4,9.43,26.99,Cash
2026-03-07 03:18:36,2026-03-07 04:18:04,3,19.37,55.73,Dispute
2026-03-07 16:50:38,2026-03-07 17:48:56,3,22.72,65.75,Cash
2026-03-05 15:53:06,2026-03-05 16:43:15,6,24.85,67.2,Dispute
2026-03-07 00:00:38,2026-03-07 00:53:53,1,14.38,42.74,No Charge
2026-03-07 05:11:30,2026-03-07 06:02:36,2,20.7,-1.25,Credit Card
2026-03-03 06:41:36,2026-03-03 07:32:13,1,0.83,12.61,No Charge
2026-03-04 15:17:41,2026-03-04 15:33:06,6,20.7,-3.91,No Charge
2026-03-04 15:32:53,2026-03-04 15:36:27,2,16.66,50.22,No Charge
2026-03-02 03:31:56,2026-03-02 03:54:16,4,15.0,47.01,No Charge
2026-03-07 16:28:49,2026-03-07 17:06:50,4,5.77,20.67,Cash
2026-03-01 01:28:11,2026-03-01 02:13:24,6,4.36,21.77,Credit Card
2026-03-07 21:15:04,2026-03-07 21:37:17,4,5.9,19.23,Dispute
2026-03-01 03:42:51,2026-03-01 04:40:56,3,23.04,67.17,Cash
2026-03-06 01:33:32,2026-03-06 02:24:43,1,5.61,17.6,Dispute
2026-03-01 21:49:17,2026-03-01 22:20:39,2,23.29,61.53,Cash
2026-03-07 17:43:24,2026-03-07 18:34:51,3,24.29,64.13,Cash
2026-03-06 19:26:48,2026-03-06 20:05:05,5,22.08,64.12,No Charge
2026-03-05 23:54:33,2026-03-06 00:29:24,6,5.68,25.94,Cash
2026-03-01 19:02:11,2026-03-01 19:27:18,2,12.45,41.68,Cash
2026-03-03 19:23:00,2026-03-03 19:59:04,6,3.85,-1.9,Credit Card
2026-03-04 18:10:21,2026-03-04 18:54:09,1,24.08,70.1,Cash
2026-03-04 23:55:19,2026-03-05 00:26:29,6,15.21,43.46,Credit Card
2026-03-03 12:49:18,2026-03-03 13:47:36,3,8.01,26.06,Cash
2026-03-06 14:37:02,2026-03-06 15:17:53,2,19.18,53.34,Dispute
2026-03-04 21:41:19,2026-03-04 22:24:30,2,5.51,19.91,No Charge
2026-03-01 12:08:29,2026-03-01 12:38:30,6,10.09,36.97,Credit Card
2026-03-03 04:12:14,2026-03-03 04:53:42,3,21.22,58.27,No Charge
2026-03-04 19:20:26,2026-03-04 19:39:51,4,9.37,33.59,Dispute
2026-03-01 11:03:31,2026-03-01 11:43:38,4,15.69,50.9,Credit Card
2026-03-04 21:55:55,2026-03-04 22:30:08,2,12.08,42.75,No Charge
2026-03-04 21:46:20,2026-03-04 21:57:10,1,3.79,20.46,Credit Card
2026-03-05 15:24:55,2026-03-05 15:53:03,1,24.22,69.12,Cash
2026-03-07 21:12:13,2026-03-07 21:55:19,3,19.55,54.4,Cash
2026-03-05 09:52:44,2026-03-05 09:58:51,5,23.58,70.11,No Charge
2026-03-01 12:19:32,2026-03-01 12:59:15,4,19.15,-9.49,No Charge
2026-03-04 14:48:14,2026-03-04 15:45:05,2,12.98,39.28,No Charge
2026-03-02 13:43:16,2026-03-02 13:53:26,2,21.65,62.12,Credit Card
2026-03-02 06:36:56,2026-03-02 07:10:10,2,19.97,54.0,No Charge
2026-03-07 22:36:27,2026-03-07 23:24:44,1,2.12,10.2,Dispute
2026-03-03 17:16:07,2026-03-03 17:38:19,4,8.76,32.09,Cash
2026-03-05 16:11:06,2026-03-05 16:48:16,1,5.37,25.86,No Charge
2026-03-05 05:01:26,2026-03-05 05:15:28,1,2.51,11.88,Dispute
2026-03-07 23:48:31,2026-03-08 00:28:48,5,21.53,63.61,Dispute
2026-03-01 05:02:02,2026-03-01 05:22:53,2,22.57,68.2,No Charge
2026-03-02 01:41:25,2026-03-02 01:48:36,2,0.53,11.59,Credit Card
2026-03-05 23:23:44,2026-03-05 23:30:21,3,9.24,27.48,Dispute
2026-03-06 11:28:34,2026-03-06 12:03:37,5,23.42,61.59,Credit Card
2026-03-07 11:58:23,2026-03-07 12:35:06,5,23.62,65.75,Dispute
2026-03-04 07:39:45,2026-03-04 08:35:09,4,21.3,-8.61,No Charge
2026-03-03 18:24:59,2026-03-03 18:28:48,1,-2.6,-0.25,Dispute
2026-03-02 12:17:41,2026-03-02 12:45:12,4,11.28,37.46,Cash
2026-03-03 16:17:01,2026-03-03 16:50:16,5,7.97,31.43,Credit Card
2026-03-06 03:16:02,2026-03-06 03:37:20,4,24.83,70.26,No Charge
2026-03-04 09:15:18,2026-03-04 09:56:01,6,19.81,60.81,Credit Card
2026-03-03 05:54:38,2026-03-03 06:01:21,4,2.94,16.18,Cash
2026-03-04 16:10:52,2026-03-04 16:25:25,5,4.84,22.1,Credit Card
2026-03-04 12:41:06,2026-03-04 13:12:02,6,8.85,-2.3,No Charge
2026-03-04 17:54:27,2026-03-04 18:37:11,3,22.81,67.75,No Charge
2026-03-02 00:34:39,2026-03-02 00:46:02,5,15.69,50.9,Credit Card
2026-03-05 14:27:36,2026-03-05 14:43:49,4,21.32,61.04,Dispute
2026-03-04 02:51:42,2026-03-04 03:00:10,3,24.66,71.65,No Charge
2026-03-06 14:24:00,2026-03-06 15:07:33,5,21.87,62.07,Cash
2026-03-04 08:11:56,2026-03-04 09:06:56,3,13.93,39.61,Cash
2026-03-02 14:55:02,2026-03-02 15:01:04,4,3.91,19.28,Cash
2026-03-07 15:14:51,2026-03-07 16:06:54,1,2.43,17.81,Credit Card
2026-03-05 15:46:11,2026-03-05 16:17:49,4,4.34,15.09,No Charge
2026-03-05 02:29:13,2026-03-05 02:42:55,1,23.45,-4.78,Credit Card
2026-03-05 23:46:05,2026-03-06 00:12:01,4,23.01,68.74,Cash
2026-03-01 03:29:38,2026-03-01 04:18:25,1,3.72,14.5,Dispute
2026-03-06 17:11:25,2026-03-06 17:45:17,4,9.75,34.33,Dispute
2026-03-07 03:15:26,2026-03-07 03:38:02,6,14.37,48.69,Cash
2026-03-07 06:35:50,2026-03-07 06:46:39,3,24.92,71.68,Dispute
2026-03-07 04:53:27,2026-03-07 05:21:19,6,5.74,24.63,Dispute
2026-03-03 22:12:12,2026-03-03 22:16:51,4,14.57,49.13,Cash
2026-03-06 00:53:03,2026-03-06 01:28:20,6,9.46,31.27,Dispute
2026-03-03 04:56:11,2026-03-03 05:49:28,2,18.96,54.59,No Charge
2026-03-07 23:45:57,2026-03-07 23:58:06,4,11.18,38.94,No Charge
2026-03-06 12:49:18,2026-03-06 13:18:11,2,14.05,45.66,Credit Card
2026-03-07 18:14:59,2026-03-07 18:51:34,5,16.0,43.72,Cash
2026-03-03 20:09:37,2026-03-03 20:41:32,2,18.06,54.51,No Charge
2026-03-03 14:44:39,2026-03-03 15:16:59,3,13.24,-1.02,No Charge
2026-03-01 17:42:49,2026-03-01 18:25:20,2,0.87,13.16,Dispute
2026-03-05 08:59:45,2026-03-05 09:06:58,4,13.93,43.83,Cash
2026-03-06 15:05:38,2026-03-06 15:26:36,1,13.06,42.26,Cash
2026-03-05 16:16:37,2026-03-05 16:27:59,2,19.58,56.67,Credit Card
2026-03-06 11:28:42,2026-03-06 11:52:41,4,8.95,26.54,Credit Card
2026-03-06 02:19:16,2026-03-06 03:01:59,6,3.12,13.08,Credit Card
2026-03-03 21:51:44,2026-03-03 22:46:17,5,11.61,40.4,Dispute
2026-03-04 00:18:58,2026-03-04 00:27:32,5,12.71,38.31,Cash
2026-03-06 07:49:47,2026-03-06 08:32:11,2,11.45,35.2,Dispute
2026-03-03 10:05:15,2026-03-03 10:42:59,3,17.17,53.1,Credit Card
2026-03-06 21:08:37,2026-03-06 21:39:49,6,23.21,69.0,Dispute
2026-03-06 20:28:02,2026-03-06 20:57:55,4,2.09,13.86,Credit Card
2026-03-04 07:38:28,2026-03-04 07:56:15,2,18.58,51.51,Cash
2026-03-06 16:07:10,2026-03-06 16:18:33,1,10.18,-0.65,Dispute
2026-03-02 01:43:34,2026-03-02 01:48:05,1,12.85,36.46,No Charge
2026-03-02 05:30:42,2026-03-02 06:22:19,4,20.36,62.72,No Charge
2026-03-05 14:40:10,2026-03-05 14:45:12,3,19.47,57.0,Dispute
2026-03-04 14:57:02,2026-03-04 15:13:10,1,14.88,40.84,Dispute
2026-03-02 19:48:52,2026-03-02 20:14:16,5,19.88,59.34,Dispute
2026-03-06 19:44:04,2026-03-06 20:14:56,5,19.12,57.77,Dispute
2026-03-05 10:47:42,2026-03-05 11:24:33,3,9.76,29.38,Credit Card
2026-03-02 14:17:45,2026-03-02 15:06:01,5,17.15,49.78,No Charge
2026-03-03 06:01:04,2026-03-03 06:41:38,5,17.18,55.4,Cash
2026-03-07 12:46:05,2026-03-07 13:45:19,1,2.19,10.43,No Charge
2026-03-04 17:53:11,2026-03-04 18:09:26,6,22.06,64.35,Cash
2026-03-03 16:22:04,2026-03-03 16:40:57,2,3.66,21.26,Credit Card
2026-03-04 01:09:28,2026-03-04 01:54:41,1,15.21,-4.94,Cash
2026-03-01 13:30:57,2026-03-01 14:01:00,1,7.72,25.37,Cash
2026-03-01 07:04:31,2026-03-01 07:54:18,3,18.69,50.06,Cash
2026-03-04 03:15:27,2026-03-04 04:14:38,2,22.17,67.92,Dispute
2026-03-04 18:02:00,2026-03-04 18:43:08,1,1.4,-1.35,No Charge
2026-03-01 23:38:03,2026-03-02 00:25:16,5,9.1,34.53,Credit Card
2026-03-05 00:35:39,2026-03-05 00:59:19,3,11.51,40.2,Credit Card
2026-03-01 14:22:39,2026-03-01 15:21:12,5,10.28,32.84,Dispute
2026-03-07 03:58:43,2026-03-07 04:48:04,5,16.06,48.92,No Charge
2026-03-03 17:02:48,2026-03-03 17:12:39,6,6.9,23.16,Dispute
2026-03-03 06:00:04,2026-03-03 06:23:12,6,12.98,44.33,No Charge
2026-03-01 05:24:18,2026-03-01 05:43:37,4,8.9,25.76,No Charge
2026-03-05 14:03:20,2026-03-05 14:37:56,3,6.25,21.7,Dispute
2026-03-03 11:33:32,2026-03-03 12:13:28,5,10.75,37.21,No Charge
2026-03-07 16:17:39,2026-03-07 16:21:18,1,21.23,60.45,Credit Card
2026-03-02 02:25:32,2026-03-02 02:49:41,6,21.02,64.06,Credit Card
2026-03-03 16:05:08,2026-03-03 16:58:39,2,16.43,51.88,No Charge
2026-03-06 03:10:05,2026-03-06 03:17:58,1,15.41,44.77,Credit Card
2026-03-02 21:10:26,2026-03-02 21:59:01,2,19.09,55.13,Cash
2026-03-06 20:39:43,2026-03-06 20:45:17,2,7.14,-5.01,Cash
2026-03-03 03:56:00,2026-03-03 04:15:16,4,24.92,66.84,Dispute
2026-03-03 13:23:07,2026-03-03 14:10:53,3,15.9,48.14,Dispute
2026-03-07 13:43:46,2026-03-07 14:36:21,4,4.2,20.25,Dispute
2026-03-07 23:28:45,2026-03-08 00:20:58,4,21.35,62.62,Credit Card
2026-03-05 19:11:58,2026-03-05 19:59:10,1,22.05,61.39,Dispute
2026-03-06 07:32:18,2026-03-06 08:13:12,3,6.46,26.47,Credit Card
2026-03-03 08:59:26,2026-03-03 09:57:53,6,16.32,47.9,Cash
2026-03-06 08:54:47,2026-03-06 09:27:07,3,24.74,70.83,Dispute
2026-03-03 02:05:41,2026-03-03 02:56:59,1,12.66,42.71,Credit Card
2026-03-01 19:57:53,2026-03-01 20:08:54,1,22.47,64.24,Credit Card
2026-03-04 06:22:34,2026-03-04 07:15:14,6,15.85,45.62,Cash
2026-03-03 12:57:38,2026-03-03 13:37:30,6,5.57,21.6,Credit Card
2026-03-02 11:05:43,2026-03-02 11:40:08,6,16.62,47.07,Dispute
2026-03-01 19:45:17,2026-03-01 20:00:36,4,21.9,60.81,Cash
2026-03-03 08:31:39,2026-03-03 09:03:22,4,2.12,12.73,Credit Card
2026-03-05 15:05:16,2026-03-05 15:53:10,6,19.49,53.38,Credit Card
2026-03-04 10:58:01,2026-03-04 11:46:50,4,6.28,27.88,Dispute
2026-03-01 12:51:49,2026-03-01 13:42:56,5,7.52,28.82,Dispute
2026-03-06 21:31:06,2026-03-06 21:56:04,3,18.1,56.51,Cash
2026-03-07 19:30:54,2026-03-07 19:59:14,2,22.8,63.15,Cash
2026-03-04 12:06:44,2026-03-04 12:31:59,6,0.7,12.29,Cash
2026-03-06 04:13:25,2026-03-06 05:05:16,3,9.3,28.28,No Charge
2026-03-03 10:28:52,2026-03-03 11:07:26,1,19.53,56.25,Credit Card
2026-03-06 20:05:49,2026-03-06 21:00:17,1,5.52,18.71,Cash
2026-03-05 15:21:24,2026-03-05 15:40:39,1,10.22,-3.27,Cash
2026-03-06 23:37:57,2026-03-07 00:21:04,1,15.69,51.77,No Charge
2026-03-01 09:19:34,2026-03-01 09:35:56,3,21.35,61.44,Credit Card
2026-03-05 06:34:05,2026-03-05 06:47:14,6,22.35,64.41,Cash
2026-03-02 09:49:18,2026-03-02 10:13:13,6,7.63,29.13,Credit Card
2026-03-03 00:19:58,2026-03-03 01:00:25,4,1.14,11.58,Credit Card
2026-03-01 10:06:03,2026-03-01 10:17:52,6,5.45,19.2,Cash
2026-03-04 01:17:53,2026-03-04 02:11:16,5,24.25,63.77,Dispute
2026-03-01 03:27:36,2026-03-01 04:07:31,2,24.77,71.34,Credit Card
2026-03-06 12:48:59,2026-03-06 13:08:47,2,4.95,23.26,Credit Card
2026-03-02 07:10:12,2026-03-02 07:35:34,6,17.37,50.49,No Charge
2026-03-02 11:15:45,2026-03-02 11:51:38,2,2.39,13.3,Dispute
2026-03-04 02:42:03,2026-03-04 03:27:09,1,23.55,68.73,Credit Card
2026-03-03 07:56:22,2026-03-03 08:18:26,6,10.1,30.1,No Charge
2026-03-02 02:52:07,2026-03-02 03:37:07,1,18.9,50.74,Cash
2026-03-04 22:19:33,2026-03-04 22:29:29,6,5.78,23.07,Dispute
2026-03-01 14:01:11,2026-03-01 14:36:51,1,24.69,73.41,Cash
2026-03-06 06:32:37,2026-03-06 07:32:37,6,17.16,54.91,Cash
2026-03-01 15:59:32,2026-03-01 16:20:16,4,13.96,46.66,Dispute
2026-03-05 19:33:19,2026-03-05 19:51:10,4,24.83,67.34,Credit Card
2026-03-06 11:46:02,2026-03-06 11:54:31,2,3.27,-2.54,No Charge
2026-03-06 14:08:46,2026-03-06 14:56:17,6,22.65,66.58,Credit Card
2026-03-05 20:54:42,2026-03-05 21:54:00,6,19.11,54.92,Cash
2026-03-02 14:59:13,2026-03-02 15:32:17,6,15.76,45.73,Cash
2026-03-07 04:44:00,2026-03-07 05:21:25,1,24.05,-3.21,No Charge
2026-03-04 05:52:35,2026-03-04 06:12:08,1,13.16,36.45,Dispute
2026-03-01 04:33:39,2026-03-01 05:03:12,5,22.57,65.86,No Charge
2026-03-02 02:09:42,2026-03-02 02:20:47,3,23.98,72.65,No Charge
2026-03-05 15:40:12,2026-03-05 16:01:13,3,8.54,31.04,Credit Card
2026-03-01 16:21:02,2026-03-01 17:03:58,4,23.14,64.62,Cash
2026-03-01 00:26:10,2026-03-01 00:51:52,1,11.33,32.27,No Charge
2026-03-01 16:01:43,2026-03-01 16:29:42,4,-1.08,7.51,Credit Card
2026-03-03 23:07:29,2026-03-04 00:04:19,6,6.63,21.73,Cash
2026-03-04 13:34:55,2026-03-04 14:25:34,2,10.1,35.47,Credit Card
2026-03-06 05:06:42,2026-03-06 06:03:15,2,10.39,38.85,Credit Card
2026-03-01 01:17:30,2026-03-01 01:32:39,5,1.67,7.69,Dispute
2026-03-04 05:21:43,2026-03-04 05:50:49,2,11.97,34.29,Cash
2026-03-03 06:25:16,2026-03-03 06:50:12,2,0.6,14.36,Credit Card
2026-03-07 17:32:49,2026-03-07 17:59:33,3,-0.01,5.6,No Charge
2026-03-05 05:10:33,2026-03-05 05:56:35,1,3.04,14.55,No Charge
2026-03-02 21:25:20,2026-03-02 22:02:04,3,19.59,53.33,No Charge
2026-03-01 19:51:37,2026-03-01 20:18:28,4,5.71,24.06,Cash
2026-03-06 08:29:50,2026-03-06 08:42:42,6,2.22,13.99,Dispute
2026-03-01 11:16:34,2026-03-01 11:53:40,2,21.78,65.22,Credit Card
2026-03-05 07:05:25,2026-03-05 07:52:04,6,10.49,33.4,Dispute
2026-03-06 18:37:49,2026-03-06 18:46:47,3,21.41,58.4,Cash
2026-03-02 04:33:16,2026-03-02 05:05:47,3,9.59,34.33,No Charge
2026-03-06 21:43:49,2026-03-06 21:56:49,3,18.92,58.47,Dispute
2026-03-07 05:57:03,2026-03-07 06:07:49,3,2.57,11.1,Dispute
2026-03-07 17:01:03,2026-03-07 17:51:43,6,7.33,23.92,Dispute
2026-03-05 14:36:17,2026-03-05 14:59:36,5,15.79,46.8,No Charge
2026-03-04 03:10:21,2026-03-04 03:59:30,3,4.06,15.2,Credit Card
2026-03-05 19:37:21,2026-03-05 20:24:04,5,7.78,25.18,Credit Card
2026-03-05 14:33:20,2026-03-05 15:28:06,3,8.7,32.21,Credit Card
2026-03-06 23:04:07,2026-03-06 23:47:07,4,7.6,28.57,Credit Card
2026-03-04 01:58:26,2026-03-04 02:40:31,4,1.71,15.65,Credit Card
2026-03-01 22:45:59,2026-03-01 23:25:42,6,24.93,70.43,Dispute
2026-03-07 15:51:17,2026-03-07 16:06:19,6,14.02,46.66,Dispute
2026-03-04 22:38:30,2026-03-04 23:05:17,4,10.64,34.2,No Charge
2026-03-04 22:05:51,2026-03-04 22:51:57,6,21.28,57.71,Cash
2026-03-05 11:20:44,2026-03-05 11:46:45,5,2.12,12.52,Cash
2026-03-06 14:28:25,2026-03-06 15:16:51,3,1.76,15.84,Credit Card
2026-03-05 07:56:27,2026-03-05 08:01:07,2,22.46,67.35,No Charge
2026-03-07 02:21:15,2026-03-07 02:27:02,6,0.72,10.8,Cash
2026-03-01 14:56:09,2026-03-01 15:31:10,6,6.77,21.63,Credit Card
2026-03-04 10:10:44,2026-03-04 10:40:57,2,4.79,15.76,No Charge
2026-03-05 06:38:17,2026-03-05 07:05:25,5,22.75,61.58,No Charge
2026-03-06 07:51:46,2026-03-06 08:39:37,5,12.46,43.77,No Charge
2026-03-06 00:35:50,2026-03-06 01:30:36,3,15.71,51.84,Dispute
2026-03-03 22:58:45,2026-03-03 23:39:02,2,23.05,65.16,Credit Card
2026-03-02 06:07:49,2026-03-02 07:05:46,5,-2.94,-1.37,Cash
2026-03-02 11:09:19,2026-03-02 11:49:37,6,22.44,61.79,Dispute
2026-03-06 09:47:32,2026-03-06 10:00:17,3,2.14,16.58,No Charge
2026-03-01 11:24:24,2026-03-01 11:46:51,5,-0.82,1.87,Cash
2026-03-06 17:25:23,2026-03-06 18:19:39,2,23.38,65.59,No Charge
2026-03-07 07:48:26,2026-03-07 08:01:16,3,19.32,56.32,No Charge
2026-03-02 12:13:04,2026-03-02 12:36:49,1,11.75,38.37,Cash
2026-03-01 17:12:15,2026-03-01 17:21:13,6,5.22,21.63,Cash
2026-03-05 14:22:29,2026-03-05 14:36:40,4,16.0,49.7,Cash
2026-03-04 05:20:24,2026-03-04 06:12:22,1,8.24,25.44,Dispute
2026-03-06 00:06:38,2026-03-06 00:12:23,6,10.66,34.07,Cash
2026-03-03 11:55:10,2026-03-03 12:43:33,5,3.99,17.98,Cash
2026-03-06 13:17:12,2026-03-06 13:39:28,2,8.86,32.19,Cash
2026-03-02 15:30:57,2026-03-02 15:41:28,2,14.17,46.1,Dispute
2026-03-03 05:31:38,2026-03-03 06:04:56,1,1.95,13.2,Credit Card
2026-03-06 02:10:42,2026-03-06 02:17:37,6,20.37,58.78,No Charge
2026-03-02 19:09:18,2026-03-02 19:21:23,6,17.3,50.54,Cash
2026-03-07 07:29:20,2026-03-07 08:07:09,3,16.34,44.97,Dispute
2026-03-03 14:07:05,2026-03-03 15:02:46,1,15.01,47.02,Dispute
2026-03-01 04:29:57,2026-03-01 05:08:50,5,6.65,24.38,Credit Card
2026-03-01 08:41:36,2026-03-01 09:34:06,5,23.52,68.16,Cash
2026-03-04 23:19:57,2026-03-04 23:31:51,1,8.9,31.73,Dispute
2026-03-02 11:57:49,2026-03-02 12:19:25,6,3.42,13.78,Dispute
2026-03-06 08:41:26,2026-03-06 09:33:38,4,8.34,30.04,No Charge
2026-03-03 15:43:11,2026-03-03 16:00:47,5,24.21,71.6,Cash
2026-03-06 23:28:07,2026-03-06 23:47:52,6,9.9,33.28,No Charge
2026-03-05 00:41:40,2026-03-05 00:45:09,2,18.56,58.74,Dispute
2026-03-07 01:38:26,2026-03-07 02:05:55,4,7.5,22.74,Cash
2026-03-06 08:05:56,2026-03-06 08:46:59,3,5.82,24.52,Cash
2026-03-06 06:22:37,2026-03-06 06:52:01,6,16.91,50.89,Dispute
2026-03-06 14:44:41,2026-03-06 15:32:37,5,2.94,14.03,Cash
2026-03-01 03:54:49,2026-03-01 04:29:09,6,8.21,32.79,Credit Card
2026-03-04 12:59:46,2026-03-04 13:59:16,6,19.27,54.54,Cash
2026-03-04 12:49:27,2026-03-04 13:12:41,5,5.89,27.11,Cash
2026-03-02 13:55:42,2026-03-02 14:09:44,4,6.58,26.91,Dispute
2026-03-06 12:34:26,2026-03-06 12:50:28,5,19.6,54.35,Dispute
2026-03-02 13:09:07,2026-03-02 13:53:43,6,14.31,44.5,Cash
2026-03-02 21:19:16,2026-03-02 21:44:09,6,5.02,22.91,No Charge
2026-03-02 22:04:27,2026-03-02 22:46:53,2,8.74,32.86,No Charge
2026-03-01 00:41:30,2026-03-01 01:07:39,6,10.71,35.34,Dispute
2026-03-02 16:55:25,2026-03-02 17:39:09,6,7.43,29.9,Credit Card
2026-03-02 01:10:56,2026-03-02 01:28:21,4,18.9,55.66,Dispute
2026-03-07 10:47:41,2026-03-07 11:12:40,3,10.56,29.88,Credit Card
2026-03-04 10:52:32,2026-03-04 11:45:54,5,24.12,67.13,Cash
2026-03-01 02:58:08,2026-03-01 03:02:42,4,24.54,67.79,Cash
2026-03-02 13:54:34,2026-03-02 14:20:43,4,11.32,32.17,Credit Card
2026-03-05 08:24:31,2026-03-05 09:03:09,6,7.33,27.08,Dispute
2026-03-06 15:29:12,2026-03-06 15:51:58,2,9.94,35.34,Credit Card
2026-03-03 03:21:17,2026-03-03 04:14:44,6,0.77,8.95,No Charge
2026-03-01 10:53:14,2026-03-01 11:25:56,1,22.38,63.38,Credit Card
2026-03-01 07:00:53,2026-03-01 07:16:45,4,21.17,57.71,Dispute
2026-03-06 00:54:34,2026-03-06 01:35:14,4,4.38,22.34,Dispute
2026-03-01 02:34:57,2026-03-01 03:22:43,4,12.03,-8.05,No Charge
2026-03-07 13:58:49,2026-03-07 14:20:07,4,22.66,69.13,Cash
2026-03-03 18:34:24,2026-03-03 19:28:50,1,13.97,44.03,Dispute
2026-03-03 10:03:38,2026-03-03 10:40:26,4,22.41,66.36,No Charge
2026-03-03 08:17:27,2026-03-03 08:26:34,3,1.84,10.53,Dispute
2026-03-07 23:24:47,2026-03-07 23:56:10,1,0.67,11.22,Credit Card
2026-03-04 14:30:42,2026-03-04 14:49:26,4,9.21,32.68,No Charge
2026-03-05 19:15:36,2026-03-05 19:28:12,2,7.55,31.19,Dispute
2026-03-05 21:28:40,2026-03-05 22:14:02,3,1.26,6.49,Cash
2026-03-06 05:08:25,2026-03-06 05:27:30,5,15.28,41.49,Dispute
2026-03-07 08:14:40,2026-03-07 08:24:52,4,9.77,27.82,No Charge
2026-03-04 04:07:05,2026-03-04 04:33:11,5,12.53,37.5,Cash
2026-03-06 17:50:29,2026-03-06 18:16:07,1,17.83,56.62,No Charge
2026-03-04 18:54:07,2026-03-04 19:14:38,6,11.44,38.49,Dispute
2026-03-07 01:25:00,2026-03-07 02:24:54,6,19.06,51.9,No Charge
2026-03-02 14:26:04,2026-03-02 14:40:47,6,3.67,13.21,No Charge
2026-03-05 14:21:10,2026-03-05 15:11:15,3,5.52,26.59,Credit Card
2026-03-07 18:12:49,2026-03-07 18:39:53,3,-4.37,-2.16,No Charge
2026-03-02 13:20:48,2026-03-02 13:49:37,3,8.22,26.69,No Charge
2026-03-02 16:12:09,2026-03-02 17:08:35,6,19.44,55.42,Credit Card
2026-03-01 22:17:07,2026-03-01 23:03:54,4,3.73,18.17,No Charge
2026-03-04 09:01:20,2026-03-04 09:24:20,1,23.16,65.44,Credit Card
2026-03-01 22:51:18,2026-03-01 23:24:11,3,15.4,43.93,No Charge
2026-03-02 10:11:53,2026-03-02 10:35:26,6,24.41,70.44,Cash
2026-03-05 16:48:19,2026-03-05 17:34:56,1,13.45,-8.8,No Charge
2026-03-03 21:07:54,2026-03-03 21:56:42,1,20.84,63.76,Credit Card
2026-03-02 00:09:52,2026-03-02 01:02:42,3,2.38,17.84,Cash
2026-03-04 17:09:41,2026-03-04 17:52:18,5,19.12,54.4,Credit Card
2026-03-02 22:39:13,2026-03-02 23:13:23,3,17.39,49.61,Cash
2026-03-02 07:55:26,2026-03-02 08:06:16,4,22.76,66.2,Credit Card
2026-03-04 13:12:01,2026-03-04 13:39:02,2,18.1,57.79,Credit Card
2026-03-02 04:53:27,2026-03-02 05:47:29,6,3.23,17.45,Dispute
2026-03-05 08:05:02,2026-03-05 08:23:50,6,13.36,39.77,Cash
2026-03-04 10:21:46,2026-03-04 10:43:22,6,10.38,34.16,No Charge
2026-03-05 07:29:59,2026-03-05 08:02:01,1,18.98,56.81,Dispute
2026-03-03 19:00:13,2026-03-03 19:07:31,6,4.16,14.4,No Charge
2026-03-03 06:07:47,2026-03-03 06:18:37,5,21.32,65.77,Dispute
2026-03-04 23:08:16,2026-03-04 23:16:51,5,18.98,60.06,Credit Card
2026-03-04 12:06:44,2026-03-04 13:01:50,3,17.52,49.91,Cash
2026-03-01 18:54:25,2026-03-01 19:26:21,5,10.9,34.9,Credit Card
2026-03-04 06:28:18,2026-03-04 06:49:53,2,24.68,66.63,No Charge
2026-03-03 08:50:25,2026-03-03 09:04:10,5,10.08,31.05,Cash
2026-03-03 17:03:19,2026-03-03 17:54:59,2,-3.74,1.39,Dispute
2026-03-05 17:10:25,2026-03-05 17:33:59,1,3.52,17.46,Credit Card
2026-03-01 08:58:52,2026-03-01 09:03:57,1,9.53,34.99,Cash
2026-03-04 12:34:06,2026-03-04 13:29:29,2,14.2,38.65,Dispute
2026-03-04 15:38:17,2026-03-04 15:46:53,4,9.29,26.31,Credit Card
2026-03-03 05:32:34,2026-03-03 06:26:16,6,6.37,-7.91,Cash
2026-03-02 17:20:44,2026-03-02 17:44:15,6,7.57,30.01,Dispute
2026-03-01 03:14:57,2026-03-01 04:10:15,5,19.12,59.05,No Charge
2026-03-04 06:08:00,2026-03-04 06:37:40,2,24.08,67.15,No Charge
2026-03-03 22:55:57,2026-03-03 23:00:57,2,16.44,52.44,Cash
2026-03-06 07:44:48,2026-03-06 08:40:33,2,23.45,69.49,Dispute
2026-03-06 07:06:48,2026-03-06 07:13:49,6,23.65,62.44,Cash
2026-03-07 20:55:49,2026-03-07 21:45:42,6,16.51,49.65,Credit Card
2026-03-03 09:36:03,2026-03-03 09:59:22,5,4.75,23.71,Cash
2026-03-05 21:58:24,2026-03-05 22:48:56,5,11.21,35.31,No Charge
2026-03-03 05:10:49,2026-03-03 05:17:26,6,23.72,64.22,No Charge
2026-03-01 16:13:38,2026-03-01 16:59:58,1,6.4,25.88,No Charge
2026-03-01 09:12:43,2026-03-01 09:18:45,1,11.77,33.21,No Charge
2026-03-05 03:28:17,2026-03-05 04:06:34,6,4.87,15.39,Cash
2026-03-07 05:04:12,2026-03-07 05:09:32,1,8.71,29.27,Dispute
2026-03-05 03:44:48,2026-03-05 04:08:44,4,20.63,58.2,Cash
2026-03-02 03:42:50,2026-03-02 04:32:18,2,18.76,55.42,Cash
2026-03-07 17:25:16,2026-03-07 17:54:28,5,9.19,32.65,No Charge
2026-03-04 09:49:55,2026-03-04 10:45:02,2,3.55,14.6,Cash
2026-03-01 03:11:04,2026-03-01 03:35:41,1,7.21,21.38,Cash
2026-03-04 04:21:57,2026-03-04 04:54:17,5,16.39,46.84,Credit Card
2026-03-04 15:34:44,2026-03-04 16:25:10,4,13.35,44.5,Cash
2026-03-05 07:18:38,2026-03-05 07:28:12,2,4.88,23.8,Credit Card
2026-03-01 00:17:51,2026-03-01 01:15:09,2,5.07,22.32,No Charge
2026-03-02 23:11:35,2026-03-02 23:54:09,1,4.21,18.91,Dispute
2026-03-02 00:25:11,2026-03-02 00:46:49,5,2.96,19.96,Cash
2026-03-07 05:29:59,2026-03-07 05:49:37,1,22.28,68.58,Credit Card
2026-03-03 00:49:19,2026-03-03 01:24:38,3,8.98,30.83,Dispute
2026-03-01 11:23:38,2026-03-01 12:09:42,3,17.92,51.6,Credit Card
2026-03-04 03:43:17,2026-03-04 03:47:14,1,4.34,21.33,Cash
2026-03-05 10:24:58,2026-03-05 11:00:38,2,4.25,19.44,Cash
2026-03-02 05:52:40,2026-03-02 06:36:31,5,9.46,35.0,Dispute
2026-03-02 11:47:33,2026-03-02 12:17:05,6,22.14,62.78,Credit Card
2026-03-05 09:32:40,2026-03-05 09:51:07,2,2.63,14.93,Credit Card
2026-03-04 05:09:53,2026-03-04 06:07:29,1,7.49,23.89,Cash
2026-03-01 22:46:40,2026-03-01 23:38:46,2,16.69,51.27,Dispute
2026-03-01 00:07:42,2026-03-01 00:42:14,6,2.8,18.06,No Charge
2026-03-06 14:19:49,2026-03-06 14:28:31,1,7.42,22.71,Credit Card
2026-03-01 04:26:16,2026-03-01 04:32:07,1,23.91,68.98,Credit Card
2026-03-06 15:20:36,2026-03-06 16:18:45,1,5.14,23.67,No Charge
2026-03-06 08:15:10,2026-03-06 08:49:57,1,16.01,47.79,Cash
2026-03-03 23:20:45,2026-03-03 23:39:37,6,9.58,35.36,Dispute
2026-03-03 17:45:44,2026-03-03 18:07:48,3,13.1,38.84,Credit Card
2026-03-04 13:54:38,2026-03-04 14:35:24,2,25.0,71.66,Cash
2026-03-04 08:29:33,2026-03-04 09:24:15,1,-2.41,-1.55,No Charge
2026-03-06 03:46:49,2026-03-06 04:43:18,4,19.23,55.05,Dispute
2026-03-05 02:16:09,2026-03-05 03:13:24,1,23.64,68.65,Dispute
2026-03-05 21:03:50,2026-03-05 21:38:13,3,20.62,63.27,Credit Card
2026-03-07 04:48:55,2026-03-07 04:53:43,4,4.77,16.46,Credit Card
2026-03-01 19:33:55,2026-03-01 19:39:31,6,21.34,61.05,Cash
2026-03-03 16:00:34,2026-03-03 16:04:25,6,9.41,32.05,Cash
2026-03-03 20:30:39,2026-03-03 21:08:21,5,23.25,68.07,Dispute
2026-03-03 13:57:24,2026-03-03 14:11:47,5,13.81,37.97,Credit Card
2026-03-02 17:02:25,2026-03-02 17:07:05,3,19.98,60.35,Dispute
2026-03-02 13:09:32,2026-03-02 13:50:30,5,15.63,50.84,Dispute
2026-03-03 09:46:53,2026-03-03 10:06:11,4,8.64,29.96,Cash
2026-03-05 01:04:14,2026-03-05 02:03:34,3,22.87,66.78,Credit Card
2026-03-03 19:46:09,2026-03-03 20:10:40,4,17.02,55.03,No Charge
2026-03-05 06:31:23,2026-03-05 06:40:37,5,4.78,16.99,No Charge
2026-03-01 13:49:17,2026-03-01 14:16:04,5,8.31,25.05,Credit Card
2026-03-07 19:39:47,2026-03-07 20:21:26,4,16.09,50.07,No Charge
2026-03-05 04:37:22,2026-03-05 05:04:48,5,2.71,19.67,Dispute
2026-03-01 22:53:22,2026-03-01 22:57:21,1,22.44,63.44,Cash
2026-03-01 19:01:36,2026-03-01 19:43:08,6,6.1,19.16,No Charge
2026-03-07 13:32:03,2026-03-07 13:53:15,5,8.67,34.61,Credit Card
2026-03-07 22:44:46,2026-03-07 22:51:01,2,16.98,46.55,Cash
2026-03-01 05:09:44,2026-03-01 05:56:03,1,5.07,21.54,No Charge
2026-03-07 17:27:31,2026-03-07 17:58:47,4,8.79,25.72,Cash
2026-03-05 08:49:25,2026-03-05 09:44:35,1,15.45,47.26,Dispute
2026-03-05 21:48:01,2026-03-05 22:07:35,1,7.12,27.5,No Charge
2026-03-04 01:45:01,2026-03-04 02:42:36,5,22.6,60.34,Cash
2026-03-06 06:42:19,2026-03-06 07:22:48,6,14.78,47.77,Cash
2026-03-05 04:42:54,2026-03-05 04:59:38,5,23.43,70.57,No Charge
2026-03-07 06:58:20,2026-03-07 07:51:50,5,4.0,17.01,No Charge
2026-03-03 08:28:35,2026-03-03 08:51:57,1,7.78,25.8,No Charge
2026-03-06 11:37:24,2026-03-06 12:07:07,5,13.26,39.46,Credit Card
2026-03-01 15:26:35,2026-03-01 15:49:53,3,15.02,44.96,Dispute
2026-03-01 19:42:31,2026-03-01 20:22:49,1,17.28,-5.65,Credit Card
2026-03-02 15:03:47,2026-03-02 15:27:30,5,24.29,72.17,Dispute
2026-03-02 16:57:31,2026-03-02 17:36:16,3,12.27,36.05,Dispute
2026-03-06 14:04:42,2026-03-06 14:19:05,6,17.15,55.08,Credit Card
2026-03-06 00:24:14,2026-03-06 01:24:12,6,13.19,43.15,Credit Card
2026-03-04 18:46:35,2026-03-04 19:11:12,1,8.09,27.93,Dispute
2026-03-03 10:09:00,2026-03-03 10:52:57,6,6.84,-5.54,Cash
2026-03-01 10:13:22,2026-03-01 10:20:43,6,16.77,-6.51,Cash
2026-03-02 17:09:36,2026-03-02 17:59:44,1,21.15,57.61,Dispute
2026-03-04 17:34:17,2026-03-04 17:40:37,3,1.22,6.93,Credit Card
2026-03-05 02:03:05,2026-03-05 02:26:20,5,2.08,10.72,Credit Card
2026-03-03 19:00:33,2026-03-03 19:16:58,1,16.75,50.88,Cash
2026-03-04 01:15:57,2026-03-04 02:04:46,5,0.86,6.3,Dispute
2026-03-03 01:34:12,2026-03-03 02:00:53,6,4.84,24.53,Credit Card
2026-03-01 14:01:47,2026-03-01 14:19:58,3,9.49,33.9,Dispute
2026-03-02 12:14:48,2026-03-02 12:34:45,2,24.79,73.47,No Charge
2026-03-03 00:38:07,2026-03-03 01:13:25,4,12.66,34.88,No Charge
2026-03-02 23:06:55,2026-03-02 23:40:37,1,1.91,17.5,Credit Card
2026-03-01 04:37:02,2026-03-01 05:15:39,6,2.02,13.66,Dispute
2026-03-01 18:21:33,2026-03-01 18:27:47,6,15.16,41.23,Cash
2026-03-02 13:22:49,2026-03-02 13:44:28,5,20.35,57.91,No Charge
2026-03-06 22:07:27,2026-03-06 22:21:04,3,16.94,50.94,Dispute
2026-03-04 09:47:19,2026-03-04 10:28:39,3,10.35,38.57,Credit Card
2026-03-01 20:29:00,2026-03-01 21:12:33,5,2.96,16.17,Cash
2026-03-01 22:10:46,2026-03-01 22:46:26,1,4.48,19.81,Cash
2026-03-03 13:51:30,2026-03-03 14:44:02,1,2.82,13.96,No Charge
2026-03-02 07:30:19,2026-03-02 08:27:33,2,11.98,35.42,No Charge
2026-03-01 23:30:45,2026-03-02 00:10:43,1,11.79,34.08,Dispute
2026-03-04 23:38:26,2026-03-04 23:44:07,5,14.3,47.74,Credit Card
2026-03-04 17:22:11,2026-03-04 18:19:14,5,2.77,14.53,Credit Card
2026-03-03 13:14:17,2026-03-03 13:21:53,4,17.14,54.64,Credit Card
2026-03-07 06:46:58,2026-03-07 07:35:32,4,15.73,51.23,Dispute
2026-03-04 07:10:09,2026-03-04 07:28:23,2,17.66,54.55,Dispute
2026-03-07 10:36:14,2026-03-07 11:30:33,4,21.12,64.23,Cash
2026-03-05 05:28:46,2026-03-05 06:11:43,1,2.11,12.14,No Charge
2026-03-05 14:55:20,2026-03-05 15:54:20,5,15.87,44.73,Cash
2026-03-01 20:57:55,2026-03-01 21:17:01,2,21.5,-2.81,Cash
2026-03-03 07:45:03,2026-03-03 08:44:19,1,24.48,66.56,No Charge
2026-03-07 07:57:48,2026-03-07 08:55:06,5,7.24,26.87,Credit Card
2026-03-06 21:26:10,2026-03-06 22:04:55,2,12.43,40.15,Credit Card
2026-03-03 23:11:27,2026-03-03 23:45:33,5,13.0,40.75,No Charge
2026-03-05 05:35:12,2026-03-05 06:17:55,4,17.21,49.78,Credit Card
2026-03-02 02:36:33,2026-03-02 03:27:38,4,15.37,-7.25,Cash
2026-03-03 21:05:04,2026-03-03 21:31:33,5,1.13,8.55,Credit Card
2026-03-07 16:27:19,2026-03-07 17:08:08,6,12.44,34.48,Cash
2026-03-06 14:46:34,2026-03-06 15:41:02,6,5.18,20.78,Credit Card
2026-03-03 13:11:14,2026-03-03 13:28:01,6,14.1,43.41,Credit Card
2026-03-04 19:01:00,2026-03-04 19:57:27,1,8.49,32.98,Credit Card
2026-03-04 09:40:59,2026-03-04 10:31:18,5,16.05,49.75,Cash
2026-03-06 20:45:14,2026-03-06 20:55:49,4,20.35,61.81,Credit Card
2026-03-03 21:46:05,2026-03-03 22:41:24,2,18.18,57.64,Credit Card
2026-03-01 02:37:42,2026-03-01 03:35:42,5,11.81,35.06,No Charge
2026-03-06 14:42:57,2026-03-06 15:24:04,1,9.32,31.14,Cash
2026-03-02 01:35:46,2026-03-02 02:30:00,1,12.52,36.82,Credit Card
2026-03-06 17:22:57,2026-03-06 17:45:51,6,22.72,62.03,No Charge
2026-03-06 07:20:24,2026-03-06 08:01:42,5,-0.7,4.91,Credit Card
2026-03-03 04:04:16,2026-03-03 04:08:10,1,1.16,14.91,Credit Card
2026-03-05 23:37:55,2026-03-06 00:05:18,5,10.12,35.0,Cash
2026-03-07 06:53:50,2026-03-07 07:41:34,3,16.17,53.03,Credit Card
2026-03-07 09:27:51,2026-03-07 09:44:34,3,3.55,18.39,Cash
2026-03-04 23:05:12,2026-03-04 23:39:01,6,7.86,-7.12,Cash
2026-03-05 14:31:13,2026-03-05 14:55:17,4,13.25,44.25,No Charge
2026-03-01 20:08:55,2026-03-01 20:52:22,2,24.98,66.44,No Charge
2026-03-04 11:20:22,2026-03-04 12:15:32,3,19.26,59.84,Cash
2026-03-05 12:31:57,2026-03-05 12:55:34,4,15.9,50.93,Credit Card
2026-03-05 12:27:49,2026-03-05 13:25:54,2,5.99,20.74,Cash
2026-03-01 01:06:24,2026-03-01 01:31:35,3,6.55,28.47,No Charge
2026-03-05 09:27:10,2026-03-05 09:34:15,3,20.67,55.36,No Charge
2026-03-07 23:21:18,2026-03-08 00:08:32,4,2.79,18.75,No Charge
2026-03-01 05:50:00,2026-03-01 06:37:06,3,11.45,32.87,No Charge
2026-03-07 16:44:23,2026-03-07 16:58:04,5,23.28,68.21,Credit Card
2026-03-04 12:04:27,2026-03-04 12:08:35,5,10.05,30.06,Cash
2026-03-04 02:24:52,2026-03-04 02:50:39,6,13.84,45.76,No Charge
2026-03-02 16:07:04,2026-03-02 16:16:22,2,15.83,-0.51,No Charge
2026-03-07 02:46:52,2026-03-07 02:56:54,5,11.93,35.96,Cash
2026-03-05 22:35:02,2026-03-05 23:19:22,2,-0.84,-2.93,Credit Card
2026-03-03 12:51:36,2026-03-03 13:19:06,4,17.48,-4.96,Credit Card
2026-03-05 14:37:27,2026-03-05 15:31:57,1,23.55,64.31,No Charge
2026-03-04 13:02:31,2026-03-04 13:55:53,4,2.06,17.81,No Charge
2026-03-03 23:38:10,2026-03-03 23:41:44,6,14.54,44.0,Credit Card
2026-03-06 19:29:25,2026-03-06 20:24:02,2,1.73,11.21,No Charge
2026-03-03 08:57:42,2026-03-03 09:38:40,3,10.25,28.9,No Charge
2026-03-02 22:58:22,2026-03-02 23:50:00,4,10.43,30.28,No Charge
2026-03-03 05:46:48,2026-03-03 06:00:55,5,14.07,45.92,Credit Card
2026-03-02 17:30:14,2026-03-02 18:11:43,4,5.72,20.62,Credit Card
2026-03-02 13:30:03,2026-03-02 13:43:58,1,21.88,60.12,Dispute
2026-03-02 16:26:12,2026-03-02 16:57:10,5,12.91,39.51,No Charge
2026-03-04 06:39:32,2026-03-04 06:49:43,3,3.56,19.67,Dispute
2026-03-02 15:57:58,2026-03-02 16:09:50,5,10.14,32.99,Credit Card
2026-03-02 08:56:01,2026-03-02 09:47:53,5,19.39,58.76,Dispute
2026-03-02 10:16:24,2026-03-02 10:56:35,6,22.02,66.63,Dispute
2026-03-06 17:11:03,2026-03-06 18:07:31,4,16.2,44.62,Cash
2026-03-06 04:15:21,2026-03-06 04:36:28,4,1.16,10.83,Credit Card
2026-03-07 18:58:34,2026-03-07 19:05:39,1,8.65,30.21,Cash
2026-03-02 18:00:33,2026-03-02 18:32:00,2,24.75,71.06,Credit Card
2026-03-04 20:00:50,2026-03-04 20:55:58,3,3.39,17.97,Credit Card
2026-03-06 21:22:58,2026-03-06 21:31:51,3,5.49,25.06,Cash
2026-03-05 01:27:56,2026-03-05 02:12:22,5,3.02,-1.17,Cash
2026-03-03 21:51:37,2026-03-03 22:50:32,1,20.21,60.64,No Charge
2026-03-04 18:40:28,2026-03-04 19:19:51,4,11.4,40.28,Credit Card
2026-03-05 02:14:54,2026-03-05 02:30:03,3,15.73,44.31,Credit Card
2026-03-02 19:34:29,2026-03-02 20:16:55,1,22.04,63.43,Dispute
2026-03-03 07:12:14,2026-03-03 07:42:01,4,20.1,59.03,Cash
2026-03-02 05:34:21,2026-03-02 06:19:31,2,1.34,12.13,Credit Card
2026-03-02 11:16:51,2026-03-02 12:11:36,1,6.32,27.56,Dispute
2026-03-07 17:15:23,2026-03-07 18:12:26,3,19.35,57.42,Dispute
2026-03-05 11:03:26,2026-03-05 11:14:20,4,2.03,12.11,No Charge
2026-03-04 04:25:34,2026-03-04 04:46:28,6,3.44,11.94,Credit Card
2026-03-01 12:34:59,2026-03-01 13:25:21,3,3.22,12.25,Credit Card
2026-03-03 02:16:25,2026-03-03 02:43:43,2,11.43,37.0,Cash
2026-03-05 03:32:42,2026-03-05 03:53:54,4,12.85,43.18,Dispute
2026-03-06 11:31:14,2026-03-06 12:13:10,5,17.01,49.15,Cash
2026-03-07 22:50:43,2026-03-07 23:29:47,4,20.16,54.15,Credit Card
2026-03-06 19:29:20,2026-03-06 19:46:33,1,22.21,-7.64,No Charge
2026-03-05 04:44:24,2026-03-05 05:34:59,4,2.68,12.23,Dispute
2026-03-02 21:38:11,2026-03-02 22:13:43,4,16.37,48.84,Cash
2026-03-01 19:50:55,2026-03-01 20:15:26,4,12.8,36.3,Credit Card
2026-03-05 16:48:50,2026-03-05 17:11:06,3,22.53,64.46,Cash
2026-03-02 09:41:05,2026-03-02 10:32:25,2,7.57,24.0,Dispute
2026-03-05 06:57:17,2026-03-05 07:05:49,5,24.81,70.41,No Charge
2026-03-07 13:38:38,2026-03-07 14:05:02,2,7.84,24.14,Cash
2026-03-02 21:50:41,2026-03-02 22:13:01,1,2.17,11.46,Dispute
2026-03-06 18:52:11,2026-03-06 19:08:47,5,-3.94,-4.96,Dispute
2026-03-04 01:42:02,2026-03-04 02:28:23,2,17.79,56.42,Credit Card
2026-03-04 21:20:40,2026-03-04 21:27:47,2,11.54,38.74,Cash
2026-03-07 18:27:20,2026-03-07 19:06:07,3,11.79,36.24,Dispute
2026-03-07 12:08:38,2026-03-07 12:50:15,1,3.19,12.29,Credit Card
2026-03-06 19:26:52,2026-03-06 20:21:28,3,22.36,67.71,Credit Card
2026-03-02 04:04:03,2026-03-02 04:58:10,1,17.68,56.49,Dispute
2026-03-07 00:28:13,2026-03-07 00:35:36,1,24.85,73.63,Cash
2026-03-01 22:04:16,2026-03-01 22:14:19,2,-3.8,-2.09,Dispute
2026-03-06 10:07:52,2026-03-06 10:32:22,6,6.63,26.09,No Charge
2026-03-04 22:16:34,2026-03-04 22:37:08,2,12.91,35.55,Dispute
2026-03-01 05:43:49,2026-03-01 06:02:41,4,1.96,14.66,Cash
2026-03-05 20:31:12,2026-03-05 21:09:53,4,6.31,26.96,Cash
2026-03-01 01:38:59,2026-03-01 02:12:58,6,14.43,47.4,No Charge
2026-03-07 16:37:41,2026-03-07 17:33:23,4,2.71,12.47,Dispute
2026-03-07 22:27:39,2026-03-07 23:22:08,4,6.33,22.31,Cash
2026-03-06 21:52:13,2026-03-06 22:45:59,1,15.66,42.68,Credit Card
2026-03-04 00:16:29,2026-03-04 00:42:26,2,7.77,27.69,No Charge
2026-03-05 18:49:38,2026-03-05 19:31:01,1,7.73,23.94,No Charge
2026-03-04 13:17:36,2026-03-04 13:51:34,6,1.0,7.05,Dispute
2026-03-05 14:53:55,2026-03-05 15:15:48,6,7.26,26.59,Cash
2026-03-04 21:59:27,2026-03-04 22:53:33,1,-4.17,-4.77,Cash
2026-03-03 22:02:01,2026-03-03 22:42:38,4,23.91,72.05,No Charge
2026-03-04 11:45:28,2026-03-04 12:08:01,4,-1.0,8.06,Dispute
2026-03-02 22:21:39,2026-03-02 23:20:40,2,19.61,54.95,Credit Card
2026-03-03 09:42:47,2026-03-03 09:57:59,6,10.39,29.08,No Charge
2026-03-07 05:21:15,2026-03-07 06:18:53,4,20.21,58.6,No Charge
2026-03-01 21:07:13,2026-03-01 21:37:14,2,14.45,39.19,Cash
2026-03-04 00:03:08,2026-03-04 00:14:41,4,16.07,52.73,Cash
2026-03-02 22:29:31,2026-03-02 22:34:12,3,15.72,50.85,No Charge
2026-03-02 17:45:08,2026-03-02 18:30:51,5,9.56,32.26,Cash
2026-03-02 20:52:39,2026-03-02 21:25:23,4,6.62,21.06,Cash
2026-03-06 19:36:11,2026-03-06 19:51:38,1,17.73,55.51,Cash
2026-03-02 06:10:37,2026-03-02 07:10:26,1,16.51,44.85,Cash
2026-03-04 12:00:38,2026-03-04 12:46:01,5,5.7,26.76,Credit Card
2026-03-05 22:19:40,2026-03-05 22:24:42,4,3.32,13.0,Dispute
2026-03-04 19:05:17,2026-03-04 19:10:56,4,19.92,60.9,Dispute
2026-03-06 22:06:34,2026-03-06 22:22:33,5,24.16,71.73,Credit Card
2026-03-05 18:16:01,2026-03-05 19:06:16,6,8.22,29.32,Credit Card
2026-03-03 12:11:52,2026-03-03 12:27:50,3,24.57,66.34,Dispute
2026-03-06 01:56:06,2026-03-06 02:25:48,3,19.2,59.39,No Charge
2026-03-03 22:44:37,2026-03-03 23:41:39,6,7.08,24.66,Cash
2026-03-03 12:42:55,2026-03-03 13:00:52,6,22.31,63.99,Cash
2026-03-02 14:54:47,2026-03-02 15:06:00,3,15.34,50.4,No Charge
2026-03-05 22:52:47,2026-03-05 23:14:54,2,11.21,40.39,No Charge
2026-03-02 06:45:00,2026-03-02 07:22:38,6,1.8,14.89,No Charge
2026-03-07 08:47:11,2026-03-07 09:43:30,3,22.4,63.45,Credit Card
2026-03-03 23:58:00,2026-03-04 00:36:28,2,4.25,22.15,Dispute
2026-03-01 22:27:43,2026-03-01 23:02:18,6,5.57,18.34,No Charge
2026-03-03 16:28:41,2026-03-03 16:53:25,3,21.86,58.56,Credit Card
2026-03-04 11:42:47,2026-03-04 12:04:09,2,20.25,55.0,Cash
2026-03-04 09:51:36,2026-03-04 10:30:11,1,23.92,65.59,Dispute
2026-03-02 19:01:55,2026-03-02 19:16:43,6,21.98,61.66,Cash
2026-03-05 22:17:49,2026-03-05 23:06:13,3,3.51,13.93,Cash
2026-03-07 06:11:43,2026-03-07 06:56:51,6,24.97,66.26,Dispute
2026-03-07 01:15:29,2026-03-07 02:08:46,2,-4.98,-1.24,Dispute
2026-03-04 18:22:39,2026-03-04 18:38:51,3,16.49,52.03,Cash
2026-03-02 21:35:27,2026-03-02 22:03:29,2,14.17,48.02,Cash
2026-03-06 04:49:24,2026-03-06 05:01:01,4,23.76,65.73,Credit Card
2026-03-03 06:51:17,2026-03-03 07:35:42,3,15.24,45.02,Dispute
2026-03-06 07:00:58,2026-03-06 07:36:18,3,20.85,55.23,Cash
2026-03-06 04:17:36,2026-03-06 04:37:03,2,3.75,20.26,Dispute
2026-03-04 16:03:09,2026-03-04 17:00:35,2,18.84,50.39,No Charge
2026-03-07 17:48:06,2026-03-07 18:41:46,2,16.63,52.16,No Charge
2026-03-04 02:16:57,2026-03-04 02:39:25,3,-4.22,-4.84,No Charge
2026-03-07 06:53:45,2026-03-07 06:58:37,6,12.85,43.73,Cash
2026-03-04 22:54:43,2026-03-04 23:54:07,3,6.89,-4.54,Cash
2026-03-04 12:43:59,2026-03-04 13:04:36,2,13.15,43.37,Dispute
2026-03-01 15:09:14,2026-03-01 15:22:14,2,9.94,36.55,Dispute
2026-03-04 16:58:39,2026-03-04 17:54:23,1,4.34,14.28,No Charge
2026-03-01 22:57:48,2026-03-01 23:43:42,3,10.02,33.8,Cash
2026-03-02 01:49:04,2026-03-02 02:30:34,3,23.49,68.57,Dispute
2026-03-07 05:11:31,2026-03-07 05:27:26,4,2.05,10.06,Credit Card
2026-03-07 02:53:06,2026-03-07 03:52:53,2,20.33,57.95,Credit Card
2026-03-03 23:39:24,2026-03-04 00:23:12,2,18.07,51.67,Dispute
2026-03-03 06:49:11,2026-03-03 07:06:35,5,16.69,50.07,No Charge
2026-03-04 00:00:04,2026-03-04 00:15:06,6,18.45,57.3,No Charge
2026-03-03 06:18:09,2026-03-03 07:16:38,4,19.72,56.97,Dispute
2026-03-04 05:26:12,2026-03-04 06:18:41,6,23.2,63.21,Dispute
2026-03-03 09:35:49,2026-03-03 10:11:35,6,11.88,39.96,No Charge
2026-03-04 02:53:44,2026-03-04 03:27:00,4,4.53,18.08,Dispute
2026-03-05 14:09:41,2026-03-05 15:05:08,3,0.93,6.52,No Charge
2026-03-06 06:59:04,2026-03-06 07:14:53,5,3.19,15.13,No Charge
2026-03-04 18:24:11,2026-03-04 18:32:32,2,14.19,48.0,Dispute
2026-03-07 02:13:39,2026-03-07 02:26:43,6,3.71,15.28,Cash
2026-03-07 23:25:22,2026-03-08 00:23:11,1,1.64,15.97,Dispute
2026-03-05 04:46:10,2026-03-05 04:50:36,2,21.87,62.75,No Charge
2026-03-01 08:52:44,2026-03-01 09:08:45,1,11.16,-4.4,Credit Card
2026-03-03 09:01:27,2026-03-03 09:54:40,4,-1.82,-1.53,No Charge
2026-03-01 20:36:25,2026-03-01 20:55:22,5,22.02,-4.16,No Charge
2026-03-07 09:06:51,2026-03-07 09:16:15,6,17.16,46.39,Credit Card
2026-03-04 22:19:00,2026-03-04 22:35:10,3,11.52,41.24,Dispute
2026-03-06 01:54:59,2026-03-06 02:08:59,5,13.84,42.13,Credit Card
2026-03-01 08:19:15,2026-03-01 09:01:54,2,18.41,50.32,No Charge
2026-03-01 15:57:30,2026-03-01 16:46:35,6,17.9,53.93,Cash
2026-03-05 11:59:10,2026-03-05 12:15:02,3,6.14,22.87,Cash
2026-03-02 15:51:51,2026-03-02 16:44:31,2,23.52,68.64,Dispute
2026-03-07 07:09:31,2026-03-07 08:02:38,6,16.42,48.76,Dispute
2026-03-03 05:42:22,2026-03-03 06:15:39,6,3.56,21.2,Dispute
2026-03-04 09:21:20,2026-03-04 10:10:10,4,4.07,14.41,Credit Card
2026-03-05 15:15:47,2026-03-05 15:24:08,2,11.43,33.59,No Charge
2026-03-01 17:17:05,2026-03-01 17:56:30,1,10.43,35.86,Dispute
2026-03-03 21:23:34,2026-03-03 21:37:15,5,21.11,64.7,Dispute
2026-03-01 00:56:34,2026-03-01 01:55:15,3,10.44,33.93,Dispute
2026-03-03 19:34:50,2026-03-03 19:44:32,6,16.69,51.53,Credit Card
2026-03-07 19:13:00,2026-03-07 20:00:40,5,11.44,32.72,Credit Card
2026-03-01 19:45:41,2026-03-01 20:14:16,4,18.77,53.66,Cash
2026-03-03 07:24:29,2026-03-03 08:19:43,2,6.24,22.28,Dispute
2026-03-04 12:24:28,2026-03-04 12:33:36,6,6.16,25.22,No Charge
2026-03-05 12:18:03,2026-03-05 13:03:32,2,21.91,66.23,Dispute
2026-03-06 21:49:25,2026-03-06 22:44:05,4,16.16,44.57,No Charge
2026-03-05 13:05:39,2026-03-05 13:27:21,3,1.52,8.18,No Charge
2026-03-02 18:57:17,2026-03-02 19:19:46,3,11.7,32.32,No Charge
2026-03-04 22:23:40,2026-03-04 22:32:34,1,4.11,22.92,Cash
2026-03-04 18:07:28,2026-03-04 18:55:28,6,3.01,17.47,No Charge
2026-03-04 09:10:07,2026-03-04 09:49:39,1,13.57,45.17,No Charge
2026-03-03 22:46:55,2026-03-03 22:54:11,6,11.93,37.6,Dispute
2026-03-07 06:03:58,2026-03-07 06:36:17,6,5.6,19.72,Credit Card
2026-03-07 02:56:42,2026-03-07 03:18:15,6,18.96,59.3,Cash
2026-03-01 06:24:48,2026-03-01 07:01:01,4,20.37,61.37,Cash
2026-03-06 20:36:01,2026-03-06 20:41:46,6,16.4,51.38,Dispute
2026-03-06 07:00:17,2026-03-06 07:37:54,3,-1.57,4.65,Credit Card
2026-03-06 03:52:10,2026-03-06 04:20:01,2,1.84,-7.51,No Charge
2026-03-03 19:29:01,2026-03-03 20:16:45,6,13.04,45.37,Dispute
2026-03-06 12:34:57,2026-03-06 13:00:07,1,23.73,63.45,Credit Card
2026-03-05 09:03:21,2026-03-05 09:25:25,1,23.46,67.45,Cash
2026-03-02 11:52:09,2026-03-02 12:08:55,5,13.96,39.24,No Charge
2026-03-02 16:19:55,2026-03-02 16:23:17,6,24.05,65.53,No Charge
2026-03-01 00:47:59,2026-03-01 01:40:58,6,20.15,60.19,Cash
2026-03-04 04:07:20,2026-03-04 05:06:33,2,9.31,35.02,Dispute
2026-03-02 22:03:31,2026-03-02 22:39:53,1,12.97,41.76,Dispute
2026-03-02 02:42:31,2026-03-02 03:26:01,5,12.27,42.2,Credit Card
2026-03-01 01:40:46,2026-03-01 02:32:02,6,11.77,38.35,No Charge
2026-03-07 16:56:22,2026-03-07 17:16:14,4,16.84,50.41,Credit Card
2026-03-04 22:13:55,2026-03-04 22:21:15,2,5.38,19.58,No Charge
2026-03-07 19:40:15,2026-03-07 20:16:02,5,23.44,61.91,Cash
2026-03-04 05:38:47,2026-03-04 06:07:22,5,7.53,22.42,Credit Card
2026-03-06 02:25:03,2026-03-06 03:18:24,3,22.89,60.69,Dispute
2026-03-04 06:25:33,2026-03-04 07:02:06,2,15.37,48.82,No Charge
2026-03-04 00:13:45,2026-03-04 00:33:10,6,13.78,47.13,Cash
2026-03-01 12:56:50,2026-03-01 13:46:13,5,9.31,30.81,No Charge
2026-03-06 22:03:23,2026-03-06 22:27:59,2,0.98,8.26,No Charge
2026-03-01 06:29:53,2026-03-01 06:32:59,5,4.97,16.59,No Charge
2026-03-04 18:13:26,2026-03-04 18:35:22,1,16.15,49.43,Dispute
2026-03-07 21:50:49,2026-03-07 22:16:45,1,15.82,45.17,No Charge
2026-03-03 11:45:08,2026-03-03 12:11:53,4,4.19,21.71,No Charge
2026-03-07 00:35:32,2026-03-07 00:52:55,6,10.09,28.55,No Charge
2026-03-05 15:48:34,2026-03-05 15:53:25,6,5.3,20.81,Dispute
2026-03-03 00:53:24,2026-03-03 01:41:34,5,15.25,50.07,No Charge
2026-03-07 04:33:38,2026-03-07 05:33:21,1,18.35,52.42,Credit Card
2026-03-04 16:43:50,2026-03-04 17:17:22,4,19.86,61.67,Dispute
2026-03-04 01:31:32,2026-03-04 01:36:42,6,-0.28,10.84,Credit Card
2026-03-04 16:41:24,2026-03-04 17:21:41,4,5.67,21.09,Credit Card
2026-03-05 01:20:47,2026-03-05 02:16:55,5,11.97,42.45,Credit Card
2026-03-07 17:44:19,2026-03-07 18:30:19,2,13.64,41.22,Credit Card
2026-03-02 10:05:46,2026-03-02 10:26:41,2,18.44,-2.08,Cash
2026-03-02 05:06:40,2026-03-02 05:20:30,4,23.76,70.01,Credit Card
2026-03-05 23:31:25,2026-03-05 23:48:30,3,11.55,38.77,Credit Card
2026-03-01 06:36:17,2026-03-01 07:03:27,6,16.85,53.51,No Charge
2026-03-07 12:49:54,2026-03-07 13:34:56,5,-1.43,2.91,Cash
2026-03-04 19:54:09,2026-03-04 20:21:05,3,23.14,61.03,No Charge
2026-03-01 10:28:04,2026-03-01 10:33:06,5,6.69,29.27,Credit Card
2026-03-07 20:37:44,2026-03-07 20:52:25,3,6.51,19.76,Dispute
2026-03-04 00:12:44,2026-03-04 00:55:55,5,2.98,16.79,Cash
2026-03-07 13:02:18,2026-03-07 13:54:34,4,2.37,17.46,Cash
2026-03-05 07:07:13,2026-03-05 07:19:21,3,-2.8,5.28,Dispute
2026-03-05 23:06:19,2026-03-06 00:04:33,2,7.49,28.34,Credit Card
2026-03-04 08:30:14,2026-03-04 09:17:21,4,9.31,29.78,Dispute
2026-03-06 23:38:47,2026-03-06 23:50:42,5,4.89,20.37,Dispute
2026-03-02 00:58:42,2026-03-02 01:05:59,2,22.41,68.53,No Charge
2026-03-07 21:05:30,2026-03-07 21:35:51,5,1.82,10.55,Credit Card
2026-03-02 09:06:40,2026-03-02 10:06:06,4,13.08,41.34,Dispute
2026-03-07 10:12:55,2026-03-07 10:43:53,3,18.06,58.03,Credit Card
2026-03-03 01:18:13,2026-03-03 01:36:51,3,8.62,31.67,Cash
2026-03-07 23:44:02,2026-03-08 00:41:22,1,7.6,26.01,No Charge
2026-03-03 22:22:47,2026-03-03 22:39:59,4,19.16,60.62,Cash
2026-03-06 14:18:46,2026-03-06 15:11:10,4,18.0,49.24,Cash
2026-03-02 07:17:39,2026-03-02 07:59:22,1,4.46,23.95,Cash
2026-03-03 11:52:23,2026-03-03 12:49:11,5,20.89,61.1,Dispute
2026-03-01 11:27:27,2026-03-01 11:56:12,4,10.34,35.65,Cash
2026-03-06 12:12:28,2026-03-06 13:01:58,3,5.22,18.59,Credit Card
2026-03-02 07:04:01,2026-03-02 07:17:09,3,5.92,25.73,No Charge
2026-03-05 14:18:13,2026-03-05 15:13:27,3,13.47,39.94,Dispute
2026-03-06 09:53:58,2026-03-06 10:47:26,1,14.99,45.47,No Charge
2026-03-03 10:39:27,2026-03-03 10:45:46,5,6.38,21.7,Dispute
2026-03-07 14:31:37,2026-03-07 15:08:46,4,14.83,41.45,Credit Card
2026-03-01 06:37:17,2026-03-01 07:16:12,1,6.2,23.54,Dispute
2026-03-05 14:09:25,2026-03-05 15:03:54,6,5.44,25.71,Dispute
2026-03-01 18:59:44,2026-03-01 19:34:37,3,15.4,45.8,No Charge
2026-03-04 17:37:12,2026-03-04 18:16:27,2,18.5,54.54,Dispute
2026-03-07 08:28:03,2026-03-07 09:02:13,3,8.22,27.22,Credit Card
2026-03-05 21:00:01,2026-03-05 21:37:40,2,22.27,68.64,No Charge
2026-03-05 10:12:56,2026-03-05 10:54:18,4,23.96,72.23,Cash
2026-03-02 10:50:11,2026-03-02 11:41:55,5,0.88,8.44,No Charge
2026-03-03 21:49:52,2026-03-03 22:44:48,2,4.61,17.55,Dispute
2026-03-06 02:40:17,2026-03-06 03:03:20,1,20.42,61.6,Dispute
2026-03-04 17:29:43,2026-03-04 17:32:50,3,9.07,34.53,Credit Card
2026-03-06 13:07:48,2026-03-06 13:55:11,1,0.7,12.52,Cash
2026-03-06 07:10:02,2026-03-06 08:03:48,3,8.48,32.8,Cash
2026-03-07 10:34:23,2026-03-07 11:24:32,1,14.88,45.26,Dispute
2026-03-01 02:14:21,2026-03-01 03:06:17,1,18.27,52.42,Dispute
2026-03-04 10:11:43,2026-03-04 10:51:14,5,6.83,-8.98,Credit Card
2026-03-02 02:10:16,2026-03-02 02:32:30,3,19.29,57.38,Dispute
2026-03-05 08:32:42,2026-03-05 08:41:52,5,3.65,21.3,Credit Card
2026-03-06 01:01:50,2026-03-06 01:32:39,2,21.4,66.26,Credit Card
2026-03-03 04:26:52,2026-03-03 04:58:57,5,9.12,30.54,Cash
2026-03-07 07:40:31,2026-03-07 07:45:11,5,14.62,44.6,Cash
2026-03-07 03:33:05,2026-03-07 03:51:23,1,0.82,6.57,No Charge
2026-03-03 18:04:35,2026-03-03 18:34:43,4,7.72,28.65,Cash
2026-03-03 13:53:15,2026-03-03 14:39:16,4,21.13,59.26,Credit Card
2026-03-05 06:02:06,2026-03-05 06:34:30,4,16.9,53.73,Credit Card
2026-03-02 14:42:53,2026-03-02 15:17:19,2,3.81,15.32,Credit Card
2026-03-04 10:47:03,2026-03-04 11:35:55,5,-2.96,4.7,Cash
2026-03-05 23:08:49,2026-03-05 23:30:01,1,3.11,-1.92,No Charge
2026-03-02 19:19:24,2026-03-02 19:34:09,5,25.0,69.22,No Charge
2026-03-02 23:41:23,2026-03-02 23:54:04,4,1.36,7.06,No Charge
2026-03-04 20:51:58,2026-03-04 21:18:07,5,21.45,61.76,Dispute
2026-03-06 12:02:40,2026-03-06 12:54:53,4,9.82,30.22,No Charge
2026-03-03 01:12:07,2026-03-03 02:04:26,1,-3.93,-0.26,No Charge
2026-03-04 03:44:37,2026-03-04 03:59:30,4,9.11,27.72,Dispute
2026-03-07 13:20:15,2026-03-07 14:06:18,4,13.49,44.21,No Charge
2026-03-05 08:37:53,2026-03-05 09:02:04,4,17.28,55.35,Credit Card
2026-03-02 05:07:13,2026-03-02 05:51:04,4,-4.89,-5.54,Credit Card
2026-03-02 22:59:37,2026-03-02 23:10:09,1,13.54,40.11,Cash
2026-03-05 03:46:13,2026-03-05 04:20:30,2,18.81,-2.09,Dispute
2026-03-06 05:09:10,2026-03-06 05:12:37,1,13.14,40.23,Cash
2026-03-05 07:01:49,2026-03-05 07:19:17,2,5.77,19.53,Dispute
2026-03-05 12:28:57,2026-03-05 13:14:32,4,4.32,17.97,Credit Card
2026-03-03 11:11:33,2026-03-03 11:58:13,3,12.03,34.33,No Charge
2026-03-03 13:36:42,2026-03-03 14:19:47,4,6.6,20.62,No Charge
2026-03-04 12:14:58,2026-03-04 13:12:04,5,2.68,14.43,Dispute
2026-03-03 07:55:16,2026-03-03 08:40:09,1,-3.21,2.05,Cash
2026-03-02 13:19:19,2026-03-02 13:38:16,2,23.2,63.62,Credit Card
2026-03-05 05:03:27,2026-03-05 05:20:29,6,16.08,-9.16,No Charge
2026-03-02 09:41:22,2026-03-02 10:18:27,1,-3.13,-0.76,Credit Card
2026-03-04 06:59:26,2026-03-04 07:10:06,2,13.05,43.54,Credit Card
2026-03-02 16:40:53,2026-03-02 16:58:07,1,1.97,11.12,Cash
2026-03-06 05:12:26,2026-03-06 05:29:49,6,6.71,21.83,Cash
2026-03-04 18:18:15,2026-03-04 18:58:24,2,7.67,27.8,No Charge
2026-03-04 21:00:58,2026-03-04 21:49:17,1,2.83,15.32,Dispute
2026-03-07 12:42:55,2026-03-07 12:47:22,5,23.54,64.25,No Charge
2026-03-05 13:57:43,2026-03-05 14:03:11,6,11.34,38.01,Credit Card
2026-03-06 23:58:52,2026-03-07 00:16:35,5,7.29,21.8,No Charge
2026-03-07 06:00:08,2026-03-07 06:44:53,2,-4.24,2.17,Credit Card
2026-03-04 10:34:36,2026-03-04 11:23:32,3,10.18,31.93,Dispute
2026-03-06 00:49:21,2026-03-06 01:10:51,1,16.01,46.11,No Charge
2026-03-04 13:27:38,2026-03-04 13:36:51,3,4.3,23.05,Cash
2026-03-07 05:54:20,2026-03-07 06:49:03,3,6.19,18.51,Credit Card
2026-03-01 06:36:15,2026-03-01 07:05:36,4,23.24,63.0,Credit Card
2026-03-07 11:52:08,2026-03-07 12:22:33,6,5.32,18.31,Cash
2026-03-01 12:47:13,2026-03-01 13:10:23,6,9.6,32.24,Cash
2026-03-04 02:09:20,2026-03-04 02:40:10,6,21.25,62.43,No Charge
2026-03-01 01:30:01,2026-03-01 01:46:37,5,8.31,23.82,Cash
2026-03-03 05:05:07,2026-03-03 05:35:29,1,6.82,28.34,Cash
2026-03-03 12:36:01,2026-03-03 13:00:00,6,23.08,66.46,No Charge
2026-03-03 16:46:36,2026-03-03 17:17:16,5,14.56,40.59,Dispute
2026-03-07 16:27:18,2026-03-07 17:14:13,4,10.29,35.36,Dispute
2026-03-06 07:33:20,2026-03-06 08:20:55,4,13.1,42.73,Credit Card
2026-03-02 13:47:21,2026-03-02 14:45:28,4,18.49,55.86,No Charge
2026-03-01 23:41:01,2026-03-01 23:54:38,4,24.12,65.09,No Charge
2026-03-03 05:04:05,2026-03-03 05:26:26,4,15.95,47.15,Cash
2026-03-03 19:44:57,2026-03-03 20:31:25,3,17.28,56.05,Dispute
2026-03-05 20:26:14,2026-03-05 21:20:09,6,17.9,48.82,Dispute
2026-03-04 10:35:16,2026-03-04 10:41:07,2,9.51,34.57,Dispute
2026-03-02 19:22:00,2026-03-02 19:26:54,2,22.44,-6.78,Credit Card
2026-03-03 08:41:01,2026-03-03 08:44:20,3,23.71,71.22,No Charge
2026-03-07 16:20:52,2026-03-07 16:47:53,3,9.34,32.54,No Charge
2026-03-03 11:35:11,2026-03-03 11:49:22,6,4.3,20.78,No Charge
2026-03-06 11:22:46,2026-03-06 11:47:43,1,24.24,65.33,Cash
2026-03-07 12:29:12,2026-03-07 12:54:44,2,17.4,49.89,Dispute
2026-03-07 05:57:13,2026-03-07 06:19:55,1,13.58,43.67,Dispute
2026-03-04 17:27:50,2026-03-04 17:48:02,6,9.34,28.64,Credit Card
2026-03-03 20:47:18,2026-03-03 21:11:10,2,12.89,35.63,Dispute
2026-03-06 12:40:59,2026-03-06 13:05:02,4,21.05,64.35,Dispute
2026-03-03 11:58:27,2026-03-03 12:53:18,4,20.84,64.92,Dispute
2026-03-02 16:17:16,2026-03-02 17:08:57,3,20.18,61.72,Cash
2026-03-07 15:18:46,2026-03-07 15:47:52,3,-1.41,7.49,Credit Card
2026-03-02 17:01:18,2026-03-02 17:30:27,6,15.41,42.72,Credit Card
2026-03-06 07:58:35,2026-03-06 08:03:57,6,20.66,61.73,Cash
2026-03-03 02:10:44,2026-03-03 02:57:12,5,3.29,14.85,Dispute
2026-03-01 20:14:02,2026-03-01 20:28:04,3,16.59,51.24,Dispute
2026-03-06 21:29:18,2026-03-06 21:44:59,5,4.08,15.29,Dispute
2026-03-02 14:41:55,2026-03-02 14:57:36,1,9.01,30.64,No Charge
2026-03-01 17:49:51,2026-03-01 18:37:58,4,19.75,61.47,Dispute
2026-03-01 09:43:54,2026-03-01 10:37:14,6,7.59,31.74,Dispute
2026-03-05 07:12:37,2026-03-05 08:04:12,2,11.37,34.39,No Charge
2026-03-07 10:04:32,2026-03-07 10:42:48,3,22.69,61.08,Dispute
2026-03-03 12:58:03,2026-03-03 13:17:24,4,16.88,50.94,Cash
2026-03-07 10:27:14,2026-03-07 10:44:08,5,13.94,46.37,Credit Card
2026-03-07 04:09:56,2026-03-07 05:07:16,2,13.87,38.64,Credit Card
2026-03-02 18:25:06,2026-03-02 18:57:34,2,-4.21,-2.55,Credit Card
2026-03-06 02:42:05,2026-03-06 03:26:53,1,4.05,17.22,Cash
2026-03-06 18:49:13,2026-03-06 19:40:38,6,3.87,14.56,No Charge
2026-03-04 13:49:09,2026-03-04 14:34:54,5,2.15,8.48,Credit Card
2026-03-06 17:20:35,2026-03-06 18:01:01,1,-4.66,-6.04,Cash
2026-03-03 17:29:36,2026-03-03 18:21:29,6,17.05,51.36,Dispute
2026-03-04 01:32:06,2026-03-04 02:07:05,6,18.79,52.08,Cash
2026-03-02 15:39:32,2026-03-02 16:00:38,5,15.89,49.16,Dispute
2026-03-05 00:40:18,2026-03-05 00:49:44,2,17.55,51.77,No Charge
2026-03-07 03:08:24,2026-03-07 03:53:18,6,0.79,12.3,Credit Card
2026-03-07 02:53:26,2026-03-07 03:16:10,2,7.99,28.1,Credit Card
2026-03-01 06:28:07,2026-03-01 06:49:06,4,7.58,31.07,Credit Card
2026-03-04 12:39:50,2026-03-04 13:23:56,3,12.43,36.06,No Charge
2026-03-02 21:28:01,2026-03-02 22:21:25,4,16.28,46.58,Dispute
2026-03-03 10:09:01,2026-03-03 11:03:05,4,13.78,41.08,Cash
2026-03-02 23:23:08,2026-03-02 23:31:42,2,4.75,18.33,Credit Card
2026-03-06 04:48:50,2026-03-06 04:53:17,3,18.16,48.72,Dispute
2026-03-07 10:31:23,2026-03-07 11:16:36,1,-2.68,-3.56,Cash
2026-03-02 07:51:33,2026-03-02 08:03:39,1,4.48,22.11,Credit Card
2026-03-05 08:44:49,2026-03-05 09:28:14,2,9.69,27.38,Dispute
2026-03-07 01:46:19,2026-03-07 01:50:17,4,1.25,11.68,Cash
2026-03-04 08:42:39,2026-03-04 09:05:48,6,11.96,39.68,Credit Card
2026-03-06 16:27:37,2026-03-06 17:16:56,1,2.41,9.11,Cash
2026-03-01 02:03:08,2026-03-01 02:08:09,5,8.25,30.21,Credit Card
2026-03-03 17:29:12,2026-03-03 17:36:00,2,24.1,68.37,Dispute
2026-03-01 03:09:34,2026-03-01 03:41:42,5,21.47,-2.88,Credit Card
2026-03-04 18:23:08,2026-03-04 18:39:49,3,22.37,64.71,Cash
2026-03-01 04:04:53,2026-03-01 04:22:46,4,8.93,27.45,Cash
2026-03-05 05:24:06,2026-03-05 05:50:54,1,16.07,52.45,Credit Card
2026-03-02 07:13:02,2026-03-02 07:35:04,2,20.87,59.11,No Charge
2026-03-07 07:13:49,2026-03-07 08:11:11,5,22.05,63.25,Credit Card
2026-03-07 02:48:31,2026-03-07 03:21:46,1,9.17,27.45,Credit Card
2026-03-05 04:28:19,2026-03-05 04:55:36,3,-4.84,-6.06,Dispute
2026-03-06 06:20:51,2026-03-06 06:47:30,3,20.5,63.59,No Charge
2026-03-06 06:23:58,2026-03-06 06:39:39,6,3.02,16.36,Cash
2026-03-07 14:03:10,2026-03-07 14:36:56,1,8.66,31.9,Dispute
2026-03-02 07:33:46,2026-03-02 08:00:54,5,18.05,49.79,Credit Card
2026-03-03 09:40:46,2026-03-03 09:54:43,2,8.42,25.76,Dispute
2026-03-03 15:49:31,2026-03-03 16:20:01,4,5.52,24.66,Credit Card
2026-03-05 10:20:08,2026-03-05 11:09:38,1,24.18,68.24,Cash
2026-03-04 05:55:03,2026-03-04 06:11:20,6,22.43,59.73,No Charge
2026-03-07 03:18:28,2026-03-07 03:54:48,2,2.28,12.12,No Charge
2026-03-02 04:07:53,2026-03-02 04:32:18,2,22.63,-4.74,Credit Card
2026-03-05 06:48:01,2026-03-05 07:46:49,5,2.65,-7.75,Cash
2026-03-05 08:29:19,2026-03-05 09:22:07,3,20.04,61.38,Cash
2026-03-01 20:52:47,2026-03-01 20:59:14,1,20.93,58.77,No Charge
2026-03-04 11:00:24,2026-03-04 11:42:23,2,3.97,12.93,Cash
2026-03-04 08:50:35,2026-03-04 09:15:05,4,-3.15,1.92,Credit Card
2026-03-02 17:51:35,2026-03-02 18:10:01,6,10.34,36.2,Dispute
2026-03-07 03:51:14,2026-03-07 03:55:25,6,14.12,39.24,No Charge
2026-03-07 06:19:48,2026-03-07 06:35:29,5,6.17,23.91,No Charge
2026-03-01 19:21:24,2026-03-01 20:08:01,5,2.26,10.55,Dispute
2026-03-01 15:44:15,2026-03-01 16:16:13,3,20.28,55.65,No Charge
2026-03-04 13:36:08,2026-03-04 14:19:47,4,17.98,54.26,Cash
2026-03-02 19:09:31,2026-03-02 19:17:11,6,1.69,11.59,Dispute
2026-03-02 13:12:59,2026-03-02 13:17:34,4,5.97,26.26,No Charge
2026-03-03 06:45:01,2026-03-03 07:14:46,6,24.39,73.89,Credit Card
2026-03-03 13:59:06,2026-03-03 14:26:17,3,13.23,42.14,Cash
2026-03-06 18:10:49,2026-03-06 18:39:38,5,20.07,58.82,Credit Card
2026-03-03 17:16:14,2026-03-03 18:15:13,4,7.95,23.95,Cash
2026-03-06 07:46:29,2026-03-06 08:26:56,3,15.08,44.77,Credit Card
2026-03-03 21:52:01,2026-03-03 22:01:46,3,11.38,37.08,Credit Card
2026-03-04 00:31:38,2026-03-04 01:15:07,4,24.27,69.72,No Charge
2026-03-05 05:38:24,2026-03-05 05:56:30,5,18.51,55.24,No Charge
2026-03-02 15:44:15,2026-03-02 16:37:32,2,6.34,20.97,Dispute
2026-03-05 14:38:44,2026-03-05 15:19:31,2,19.1,59.52,Credit Card
2026-03-06 04:27:49,2026-03-06 05:01:34,1,5.58,22.26,No Charge
2026-03-04 10:21:57,2026-03-04 11:17:20,1,8.49,29.96,No Charge
2026-03-01 18:51:24,2026-03-01 19:46:28,2,7.13,23.85,Dispute
2026-03-07 02:32:02,2026-03-07 02:53:46,2,10.47,36.89,Cash
2026-03-04 04:17:18,2026-03-04 04:57:57,4,7.85,25.84,Dispute
2026-03-07 01:42:51,2026-03-07 02:31:01,4,18.66,56.75,Dispute
2026-03-03 00:23:13,2026-03-03 00:37:25,1,13.33,42.79,No Charge
2026-03-07 00:19:11,2026-03-07 00:29:28,4,17.96,54.93,Dispute
2026-03-03 17:18:07,2026-03-03 17:27:50,2,5.75,22.12,Credit Card
2026-03-01 17:15:42,2026-03-01 18:15:08,4,20.76,63.05,Cash
2026-03-02 10:34:43,2026-03-02 11:15:01,1,11.84,41.97,Dispute
2026-03-02 06:30:20,2026-03-02 06:40:58,4,22.02,59.25,Dispute
2026-03-01 09:17:35,2026-03-01 09:36:59,1,7.5,21.91,No Charge
2026-03-06 03:07:28,2026-03-06 04:01:02,1,0.67,12.35,Credit Card
2026-03-03 02:51:29,2026-03-03 03:30:52,1,20.17,59.5,Dispute
2026-03-03 16:42:51,2026-03-03 17:38:33,6,6.42,22.71,No Charge
2026-03-04 15:15:20,2026-03-04 15:30:23,2,4.98,20.35,No Charge
2026-03-04 06:39:45,2026-03-04 06:44:07,1,19.06,58.13,No Charge
2026-03-04 00:03:03,2026-03-04 00:26:33,1,20.65,56.9,Cash
2026-03-06 19:51:21,2026-03-06 20:45:59,5,22.54,68.28,Dispute
2026-03-07 18:52:44,2026-03-07 19:32:20,1,23.57,70.02,No Charge
2026-03-03 22:19:25,2026-03-03 22:58:24,2,4.29,19.0,Cash
2026-03-03 04:15:36,2026-03-03 04:20:30,2,19.02,60.31,Credit Card
2026-03-04 09:32:51,2026-03-04 10:09:57,2,22.04,59.91,Dispute
2026-03-03 00:59:13,2026-03-03 01:38:42,2,1.67,15.68,Credit Card
2026-03-01 01:20:32,2026-03-01 01:47:48,3,3.49,18.59,Credit Card
2026-03-01 06:43:36,2026-03-01 07:34:36,4,20.43,56.49,Dispute
2026-03-01 04:21:14,2026-03-01 04:54:18,6,10.54,37.53,No Charge
2026-03-02 16:57:19,2026-03-02 17:34:13,6,4.39,21.87,Dispute
2026-03-06 19:05:40,2026-03-06 19:36:29,6,11.81,38.64,Credit Card
2026-03-05 20:08:13,2026-03-05 20:38:33,5,19.59,60.66,Cash
2026-03-05 05:17:01,2026-03-05 05:21:13,1,22.15,66.12,No Charge
2026-03-04 02:39:12,2026-03-04 03:18:56,2,11.24,-3.52,Credit Card
2026-03-03 21:52:39,2026-03-03 22:28:00,3,4.06,-4.52,No Charge
2026-03-03 23:02:55,2026-03-04 00:02:13,2,7.13,24.6,Credit Card
2026-03-01 13:47:44,2026-03-01 14:16:15,5,8.08,24.86,No Charge
2026-03-01 19:38:01,2026-03-01 20:00:17,1,10.99,37.65,Cash
2026-03-06 02:42:26,2026-03-06 02:57:38,3,24.82,65.7,Credit Card
2026-03-07 14:40:40,2026-03-07 15:19:20,2,12.37,37.71,Credit Card
2026-03-05 02:35:39,2026-03-05 03:18:48,6,24.59,74.06,Dispute
2026-03-01 01:57:52,2026-03-01 02:54:03,1,23.75,64.95,Cash
2026-03-07 22:57:13,2026-03-07 23:48:32,6,24.45,67.97,Dispute
2026-03-07 07:09:10,2026-03-07 08:05:33,5,20.14,58.1,Dispute
2026-03-03 01:49:12,2026-03-03 02:38:31,2,2.01,15.94,Cash
2026-03-03 12:31:13,2026-03-03 13:23:49,5,13.08,41.68,Dispute
2026-03-01 13:54:58,2026-03-01 14:21:51,4,15.9,44.27,Dispute
2026-03-01 19:56:25,2026-03-01 20:09:52,4,15.99,51.07,Cash
2026-03-07 22:23:58,2026-03-07 23:18:38,1,9.2,35.12,Credit Card
2026-03-03 12:15:32,2026-03-03 13:05:24,5,6.41,21.59,Credit Card
2026-03-03 18:52:27,2026-03-03 19:19:18,1,4.05,14.0,No Charge
2026-03-06 13:23:38,2026-03-06 14:23:32,2,5.91,26.68,Dispute
2026-03-06 15:36:27,2026-03-06 15:45:33,3,-0.16,4.78,Dispute
2026-03-01 17:10:59,2026-03-01 17:45:21,6,7.74,24.03,No Charge
2026-03-06 06:35:59,2026-03-06 07:19:46,1,16.7,50.99,Credit Card
2026-03-03 14:12:47,2026-03-03 14:27:08,5,4.08,16.52,No Charge
2026-03-02 22:49:15,2026-03-02 23:39:49,3,7.53,23.74,Dispute
2026-03-04 00:31:46,2026-03-04 01:30:38,5,4.13,14.31,Dispute
2026-03-06 15:30:08,2026-03-06 15:55:57,6,1.39,12.27,Credit Card
2026-03-06 19:21:44,2026-03-06 20:07:29,6,0.98,7.75,Cash
2026-03-05 17:24:42,2026-03-05 17:54:13,4,6.86,27.19,Cash
2026-03-05 06:55:54,2026-03-05 07:36:50,1,9.46,35.86,No Charge
2026-03-06 06:06:32,2026-03-06 07:04:56,1,18.8,51.24,Credit Card
2026-03-07 17:13:41,2026-03-07 17:51:44,1,21.96,61.36,Dispute
2026-03-02 08:22:48,2026-03-02 08:44:33,1,3.26,20.56,No Charge
2026-03-05 08:23:55,2026-03-05 08:52:45,1,23.68,62.71,Credit Card
2026-03-01 00:06:58,2026-03-01 01:00:01,1,10.63,32.81,No Charge
2026-03-04 13:27:44,2026-03-04 14:08:03,5,10.45,37.95,Cash
2026-03-07 15:14:55,2026-03-07 16:14:10,1,9.65,36.63,No Charge
2026-03-04 21:46:43,2026-03-04 21:56:25,4,12.67,41.09,Cash
2026-03-03 05:54:52,2026-03-03 06:07:52,3,8.38,25.16,Dispute
2026-03-05 13:43:51,2026-03-05 13:52:39,2,22.61,64.35,Credit Card
2026-03-01 21:42:51,2026-03-01 22:21:14,2,10.45,37.02,Dispute
2026-03-06 07:41:00,2026-03-06 08:25:21,4,8.93,26.6,Cash
2026-03-01 03:00:47,2026-03-01 03:24:17,4,10.76,35.36,Cash
2026-03-07 04:18:45,2026-03-07 04:53:36,1,21.39,58.17,Dispute
2026-03-06 04:44:24,2026-03-06 05:14:29,3,23.95,67.78,Dispute
2026-03-04 17:11:39,2026-03-04 17:32:41,4,20.07,56.53,Cash
2026-03-05 06:39:44,2026-03-05 07:19:53,6,15.28,45.56,Cash
2026-03-07 05:56:37,2026-03-07 06:05:34,4,21.73,60.99,Cash
2026-03-07 16:40:25,2026-03-07 17:08:27,2,-3.25,-0.05,Credit Card
2026-03-06 02:20:58,2026-03-06 02:57:14,3,8.18,30.24,Dispute
2026-03-07 19:00:30,2026-03-07 19:52:22,4,13.15,41.58,Cash
2026-03-01 13:30:33,2026-03-01 13:51:16,1,16.59,-0.18,Credit Card
2026-03-01 03:51:27,2026-03-01 04:02:49,2,20.37,63.9,Credit Card
2026-03-07 21:44:37,2026-03-07 22:02:16,3,9.4,29.32,No Charge
2026-03-07 16:04:04,2026-03-07 16:26:12,6,1.69,11.66,Cash
2026-03-04 08:45:59,2026-03-04 09:09:04,1,19.34,61.09,No Charge
2026-03-04 15:57:43,2026-03-04 16:31:21,1,12.1,40.66,Cash
2026-03-07 12:23:09,2026-03-07 12:31:03,4,19.99,54.71,Cash
2026-03-03 20:16:40,2026-03-03 20:30:42,3,1.17,13.14,Dispute
2026-03-02 17:33:05,2026-03-02 17:53:00,4,2.33,9.61,Cash
2026-03-07 15:08:31,2026-03-07 16:05:38,3,24.23,68.3,Dispute
2026-03-07 17:06:42,2026-03-07 18:03:29,5,8.84,26.22,Cash
2026-03-04 01:07:56,2026-03-04 01:17:50,3,10.57,38.27,No Charge
2026-03-06 07:48:14,2026-03-06 07:55:21,6,9.64,27.34,Cash
2026-03-03 10:41:42,2026-03-03 11:38:42,6,1.5,9.55,No Charge
2026-03-03 01:15:23,2026-03-03 01:51:39,2,8.06,31.5,Dispute
2026-03-05 07:32:03,2026-03-05 08:30:59,3,24.6,66.65,Dispute
2026-03-06 22:08:16,2026-03-06 22:15:14,1,9.31,34.64,Dispute
2026-03-05 02:03:29,2026-03-05 02:17:56,2,13.15,-4.61,Cash
2026-03-06 01:46:45,2026-03-06 02:14:04,4,14.86,42.78,Dispute
2026-03-04 14:49:03,2026-03-04 15:32:28,3,21.82,64.94,Cash
2026-03-03 10:22:23,2026-03-03 10:32:09,4,11.21,31.93,Dispute
2026-03-06 11:39:00,2026-03-06 12:28:48,3,11.49,32.33,Cash
2026-03-01 15:47:37,2026-03-01 16:31:05,5,21.77,60.95,Cash
2026-03-02 23:23:55,2026-03-02 23:40:25,4,14.8,40.45,Dispute
2026-03-05 04:40:33,2026-03-05 04:58:24,4,23.91,64.68,Credit Card
2026-03-06 12:34:51,2026-03-06 13:22:22,5,6.46,23.32,Credit Card
2026-03-01 22:06:17,2026-03-01 22:15:35,2,9.19,34.36,No Charge
2026-03-06 23:11:49,2026-03-06 23:25:24,4,23.06,67.68,Cash
2026-03-04 08:26:59,2026-03-04 08:32:45,3,4.86,15.39,No Charge
2026-03-06 06:29:07,2026-03-06 07:08:49,5,4.89,22.65,Cash
2026-03-06 21:07:56,2026-03-06 21:50:07,3,17.62,50.43,No Charge
2026-03-05 12:10:17,2026-03-05 12:32:33,3,13.98,44.72,No Charge
2026-03-02 17:29:04,2026-03-02 18:11:25,3,5.08,24.26,No Charge
2026-03-06 10:08:28,2026-03-06 10:49:09,5,-2.76,0.69,Cash
2026-03-04 01:32:36,2026-03-04 02:25:59,4,10.73,30.89,Dispute
2026-03-06 01:32:36,2026-03-06 01:51:57,2,21.78,66.06,Credit Card
2026-03-05 22:06:28,2026-03-05 22:22:00,6,5.04,22.44,Credit Card
2026-03-02 09:13:04,2026-03-02 10:04:09,1,-4.23,-0.44,Credit Card
2026-03-01 14:28:38,2026-03-01 14:48:10,4,15.35,45.73,Credit Card
2026-03-01 04:30:03,2026-03-01 04:42:39,4,2.32,-4.78,Cash
2026-03-05 06:42:55,2026-03-05 07:41:33,1,20.96,57.21,No Charge
2026-03-05 09:15:48,2026-03-05 09:40:05,5,14.23,41.87,Dispute
2026-03-07 11:44:18,2026-03-07 11:50:04,3,11.89,37.41,Cash
2026-03-03 17:11:31,2026-03-03 17:46:04,4,3.74,15.01,Cash
2026-03-01 12:00:31,2026-03-01 13:00:09,6,0.68,7.59,Cash
2026-03-06 00:42:56,2026-03-06 01:19:05,2,2.35,16.34,Dispute
2026-03-04 14:03:51,2026-03-04 14:45:51,4,21.28,-8.54,Credit Card
2026-03-07 18:10:47,2026-03-07 19:03:04,3,5.04,24.27,No Charge
2026-03-06 21:55:29,2026-03-06 22:10:17,1,9.0,-4.58,Cash
2026-03-06 10:47:53,2026-03-06 11:28:13,6,7.37,30.02,No Charge
2026-03-03 06:08:40,2026-03-03 06:56:13,2,16.7,45.53,Credit Card
2026-03-02 00:30:21,2026-03-02 01:29:28,6,1.22,8.78,Credit Card
2026-03-05 03:03:31,2026-03-05 03:37:13,1,9.34,-3.47,Credit Card
2026-03-05 01:08:08,2026-03-05 01:30:31,3,-4.99,-8.13,Cash
2026-03-01 04:54:19,2026-03-01 05:48:36,5,18.96,56.9,No Charge
2026-03-01 10:11:10,2026-03-01 10:20:32,4,14.1,42.05,No Charge
2026-03-04 02:26:56,2026-03-04 02:49:14,4,11.55,39.31,Credit Card
2026-03-06 12:18:17,2026-03-06 12:28:56,2,17.19,55.02,Dispute
2026-03-04 22:24:42,2026-03-04 23:20:29,6,5.84,24.85,Credit Card
2026-03-06 03:15:50,2026-03-06 03:49:37,1,14.3,44.79,Dispute
2026-03-05 19:01:25,2026-03-05 19:15:38,3,7.88,30.58,Dispute
2026-03-06 18:09:15,2026-03-06 18:51:57,5,14.94,50.07,No Charge
2026-03-02 15:06:43,2026-03-02 15:31:24,5,7.77,26.27,Credit Card
2026-03-05 06:58:40,2026-03-05 07:11:39,1,11.98,41.99,Cash
2026-03-05 19:34:21,2026-03-05 19:37:52,2,11.62,38.22,Dispute
2026-03-01 21:10:40,2026-03-01 21:47:26,2,9.21,31.45,No Charge
2026-03-07 19:41:21,2026-03-07 19:46:18,1,6.12,22.91,Cash
2026-03-05 13:27:17,2026-03-05 14:03:11,1,11.58,40.87,Dispute
2026-03-03 19:25:22,2026-03-03 19:45:57,1,9.12,34.21,Credit Card
2026-03-03 15:31:23,2026-03-03 15:49:33,4,12.29,41.57,No Charge
2026-03-01 12:56:45,2026-03-01 13:24:41,4,4.74,15.66,Cash
2026-03-02 15:30:59,2026-03-02 16:13:18,4,11.88,41.33,No Charge
2026-03-02 10:10:19,2026-03-02 10:45:09,4,19.45,56.54,Dispute
2026-03-04 20:21:43,2026-03-04 21:12:07,3,12.41,34.54,Cash
2026-03-03 21:44:46,2026-03-03 22:15:54,2,24.11,64.15,Credit Card
2026-03-03 19:01:53,2026-03-03 19:40:54,6,9.99,37.6,Credit Card
2026-03-05 12:04:52,2026-03-05 12:36:12,6,18.14,52.09,Dispute
2026-03-01 12:50:07,2026-03-01 13:12:44,5,14.59,45.46,No Charge
2026-03-01 13:51:53,2026-03-01 14:28:24,3,-2.12,3.81,Dispute
2026-03-01 02:57:28,2026-03-01 03:26:48,6,19.16,58.26,No Charge
2026-03-02 07:48:45,2026-03-02 08:45:48,3,21.03,57.1,Cash
2026-03-07 05:00:22,2026-03-07 05:33:46,4,7.56,21.91,Cash
2026-03-06 06:47:10,2026-03-06 07:16:30,1,16.13,48.99,Cash
2026-03-02 07:25:09,2026-03-02 07:43:33,6,10.91,37.53,No Charge
2026-03-05 17:52:54,2026-03-05 17:58:15,6,3.24,-5.24,No Charge
2026-03-06 07:54:20,2026-03-06 08:39:54,1,22.54,66.0,Cash
2026-03-05 16:05:25,2026-03-05 16:13:20,6,3.39,16.3,Dispute
2026-03-05 06:03:43,2026-03-05 06:34:42,1,3.04,16.29,Cash
2026-03-05 06:51:54,2026-03-05 07:38:06,4,17.44,47.01,Cash
2026-03-05 19:52:52,2026-03-05 20:35:20,2,9.19,30.62,Dispute
2026-03-07 14:16:01,2026-03-07 14:28:20,3,16.15,52.38,Dispute
2026-03-07 12:47:49,2026-03-07 13:22:11,6,4.16,18.07,Cash
2026-03-07 02:27:43,2026-03-07 03:20:41,3,-4.33,-0.42,No Charge
2026-03-07 10:52:50,2026-03-07 11:11:06,2,-3.56,1.68,No Charge
2026-03-03 21:53:33,2026-03-03 22:03:28,3,10.4,34.59,No Charge
2026-03-06 17:35:43,2026-03-06 18:29:40,6,14.9,-9.97,Dispute
2026-03-06 12:19:58,2026-03-06 13:11:04,2,9.13,28.39,Credit Card
2026-03-01 06:57:02,2026-03-01 07:05:26,1,3.25,14.41,Credit Card
2026-03-06 11:05:04,2026-03-06 11:22:00,1,3.17,-0.37,Credit Card
2026-03-07 22:33:27,2026-03-07 22:42:08,4,22.83,65.23,Credit Card
2026-03-07 22:05:31,2026-03-07 22:14:59,6,14.99,48.57,No Charge
2026-03-07 12:11:46,2026-03-07 12:18:09,6,-0.31,7.77,Cash
2026-03-03 00:54:25,2026-03-03 00:58:46,1,-3.17,1.23,Cash
2026-03-04 17:05:47,2026-03-04 17:43:54,1,17.46,51.66,No Charge
2026-03-05 19:52:09,2026-03-05 20:19:13,1,14.54,45.44,No Charge
2026-03-05 13:16:22,2026-03-05 13:19:57,5,6.92,-2.47,Cash
2026-03-07 20:01:52,2026-03-07 20:13:01,6,20.77,63.25,Dispute
2026-03-04 23:05:07,2026-03-04 23:34:12,3,11.44,41.55,Cash
2026-03-02 01:05:08,2026-03-02 01:18:41,2,5.51,21.34,Cash
2026-03-04 01:36:46,2026-03-04 01:50:27,5,4.8,19.49,Credit Card
2026-03-02 19:11:05,2026-03-02 20:09:27,6,16.0,49.89,Credit Card
2026-03-02 17:52:07,2026-03-02 18:15:28,2,24.29,72.94,Credit Card
2026-03-03 22:31:38,2026-03-03 22:41:06,4,17.43,52.28,Credit Card
2026-03-06 08:01:18,2026-03-06 08:10:05,4,19.47,57.74,Dispute
2026-03-07 21:09:38,2026-03-07 22:01:37,2,7.93,23.63,Cash
2026-03-03 16:19:44,2026-03-03 16:26:39,6,17.39,46.56,Cash
2026-03-05 14:25:28,2026-03-05 15:16:50,3,19.85,58.31,Dispute
2026-03-07 20:15:37,2026-03-07 20:46:38,2,20.84,61.83,Cash
2026-03-04 23:36:43,2026-03-05 00:17:08,5,6.25,28.11,Credit Card
2026-03-04 02:24:23,2026-03-04 03:03:27,5,2.84,16.84,No Charge
2026-03-04 10:51:55,2026-03-04 11:05:07,6,1.66,13.81,Cash
2026-03-06 05:47:22,2026-03-06 06:45:09,1,9.99,34.53,No Charge
2026-03-07 09:57:37,2026-03-07 10:20:00,4,18.7,55.15,Credit Card
2026-03-06 06:29:11,2026-03-06 07:06:13,4,12.97,44.48,Credit Card
2026-03-06 20:42:30,2026-03-06 20:48:02,1,9.49,32.63,Dispute
2026-03-05 03:29:27,2026-03-05 04:28:22,3,18.35,57.82,Cash
2026-03-06 05:36:41,2026-03-06 05:45:19,1,2.3,15.79,No Charge
2026-03-06 06:39:27,2026-03-06 07:20:37,5,20.6,63.69,Cash
2026-03-07 01:11:48,2026-03-07 01:21:32,4,16.01,46.59,Cash
2026-03-01 07:23:28,2026-03-01 07:48:01,3,14.09,47.16,Credit Card
2026-03-05 05:39:51,2026-03-05 06:04:44,1,24.85,73.1,Credit Card
2026-03-07 18:07:23,2026-03-07 18:27:55,2,7.15,30.07,No Charge
2026-03-05 14:31:00,2026-03-05 15:06:22,6,6.94,27.72,Credit Card
2026-03-06 15:53:21,2026-03-06 16:31:42,4,11.42,32.17,Cash
2026-03-06 03:44:33,2026-03-06 03:49:51,2,8.41,28.85,Credit Card
2026-03-01 21:27:01,2026-03-01 22:15:49,1,5.36,22.73,Credit Card
2026-03-01 21:56:18,2026-03-01 21:59:40,1,14.07,44.89,Cash
2026-03-04 20:53:03,2026-03-04 21:10:24,2,23.1,64.61,Credit Card
2026-03-07 16:32:08,2026-03-07 17:30:55,5,12.53,36.51,Dispute
2026-03-04 06:30:46,2026-03-04 07:02:32,1,12.68,44.63,Cash
2026-03-06 02:58:14,2026-03-06 03:34:42,3,6.93,26.91,Credit Card
2026-03-02 03:11:31,2026-03-02 03:30:20,1,7.4,25.76,Dispute
2026-03-02 10:15:41,2026-03-02 10:30:37,6,16.56,45.8,Credit Card
2026-03-05 04:12:12,2026-03-05 04:24:19,2,15.83,-0.21,No Charge
2026-03-04 07:41:48,2026-03-04 07:49:45,2,4.44,17.35,No Charge
2026-03-07 15:01:51,2026-03-07 15:19:14,3,10.54,-9.53,No Charge
2026-03-04 00:32:56,2026-03-04 00:52:48,4,3.19,16.11,Credit Card
2026-03-02 17:53:47,2026-03-02 18:24:08,1,13.89,40.03,Cash
2026-03-02 04:54:17,2026-03-02 05:03:36,3,2.31,13.77,Dispute
2026-03-06 02:20:10,2026-03-06 03:02:14,6,1.27,12.7,Credit Card
2026-03-01 20:09:59,2026-03-01 20:26:33,3,-4.95,-4.35,Credit Card
2026-03-05 04:28:47,2026-03-05 05:05:09,5,17.93,57.2,Cash
2026-03-04 05:33:31,2026-03-04 06:25:21,3,1.66,11.45,No Charge
2026-03-06 18:53:57,2026-03-06 19:35:23,1,-0.25,10.34,Credit Card
2026-03-04 20:24:42,2026-03-04 20:29:38,2,9.22,26.19,Credit Card
2026-03-04 15:34:36,2026-03-04 16:33:55,1,2.19,12.89,Dispute
2026-03-01 21:36:03,2026-03-01 22:25:08,2,5.56,26.48,Cash
2026-03-05 19:03:58,2026-03-05 19:09:02,4,14.19,43.44,Credit Card
2026-03-07 11:04:28,2026-03-07 11:28:39,2,7.42,30.68,No Charge
2026-03-06 16:49:14,2026-03-06 17:45:07,1,10.95,31.13,No Charge
2026-03-02 10:58:18,2026-03-02 11:10:13,6,7.16,25.59,No Charge
2026-03-04 07:52:24,2026-03-04 08:21:24,5,6.79,22.9,Cash
2026-03-01 10:35:01,2026-03-01 11:17:32,5,22.49,68.77,Cash
2026-03-01 17:32:25,2026-03-01 18:32:06,1,17.01,-6.62,No Charge
2026-03-04 07:25:54,2026-03-04 07:44:25,2,19.77,57.45,Credit Card
2026-03-03 10:27:47,2026-03-03 11:00:06,2,10.99,39.98,No Charge
2026-03-04 07:55:24,2026-03-04 08:29:43,5,9.34,27.04,No Charge
2026-03-04 04:24:34,2026-03-04 05:11:19,2,11.24,38.37,No Charge
2026-03-04 14:46:31,2026-03-04 15:31:51,2,16.82,49.34,No Charge
2026-03-04 08:46:39,2026-03-04 09:09:08,2,19.87,59.08,No Charge
2026-03-04 02:14:05,2026-03-04 02:35:09,4,12.02,38.5,Dispute
2026-03-01 23:59:50,2026-03-02 00:29:31,6,20.49,54.62,Credit Card
2026-03-07 01:58:17,2026-03-07 02:34:47,4,9.44,30.0,Cash
2026-03-05 21:37:03,2026-03-05 22:29:35,5,8.64,25.68,Credit Card
2026-03-05 09:16:08,2026-03-05 09:41:16,2,23.68,67.67,Cash
2026-03-06 02:57:21,2026-03-06 03:43:43,6,3.69,12.81,Dispute
2026-03-04 00:37:11,2026-03-04 01:24:22,1,-0.37,6.5,No Charge
2026-03-07 17:19:59,2026-03-07 17:35:35,1,15.57,46.9,Dispute
2026-03-06 06:50:58,2026-03-06 07:02:02,1,20.25,-1.72,Cash
2026-03-04 11:50:46,2026-03-04 12:45:26,5,20.65,59.32,Credit Card
2026-03-02 01:53:39,2026-03-02 02:25:46,6,3.82,19.72,Credit Card
2026-03-07 02:11:30,2026-03-07 02:50:27,2,4.32,-1.97,Dispute
2026-03-06 22:40:51,2026-03-06 22:50:48,5,6.05,20.63,No Charge
2026-03-03 11:06:40,2026-03-03 11:38:25,1,3.76,18.04,Cash
2026-03-07 02:46:10,2026-03-07 02:51:11,4,22.05,58.24,Cash
2026-03-02 10:55:39,2026-03-02 11:08:44,3,8.4,28.69,Cash
2026-03-01 10:45:11,2026-03-01 11:33:49,1,4.57,19.98,Credit Card
2026-03-03 00:15:07,2026-03-03 00:43:11,5,16.26,48.75,Credit Card
2026-03-06 22:25:58,2026-03-06 22:53:37,6,11.6,40.45,No Charge
2026-03-06 07:32:09,2026-03-06 07:45:26,6,2.7,15.96,Credit Card
2026-03-01 09:29:13,2026-03-01 10:22:55,2,24.36,64.08,No Charge
2026-03-06 23:54:26,2026-03-07 00:07:01,3,7.31,28.68,Credit Card
2026-03-03 09:45:32,2026-03-03 10:06:51,5,0.68,11.85,Cash
2026-03-03 18:45:56,2026-03-03 19:33:14,1,22.36,61.53,Cash
2026-03-02 23:18:56,2026-03-03 00:06:48,5,5.05,20.53,Cash
2026-03-03 18:45:51,2026-03-03 19:45:33,2,11.6,33.91,Cash
2026-03-05 20:10:46,2026-03-05 20:47:41,6,7.37,23.1,Dispute
2026-03-01 10:20:48,2026-03-01 10:37:25,3,24.41,66.91,No Charge
2026-03-06 11:53:16,2026-03-06 11:58:24,6,24.43,71.82,No Charge
2026-03-05 23:47:30,2026-03-06 00:28:00,5,8.79,31.88,Dispute
2026-03-04 06:55:32,2026-03-04 07:19:41,3,1.58,13.31,Cash
2026-03-03 15:58:30,2026-03-03 16:10:17,5,6.4,23.67,Cash
2026-03-03 13:45:11,2026-03-03 14:31:27,3,8.31,30.14,No Charge
2026-03-06 20:21:10,2026-03-06 20:31:25,6,1.69,11.35,Credit Card
2026-03-04 12:52:55,2026-03-04 13:03:14,2,13.91,-4.29,Credit Card
2026-03-04 23:19:10,2026-03-04 23:26:12,1,8.44,27.94,Credit Card
2026-03-02 15:00:08,2026-03-02 15:19:40,3,22.12,68.21,No Charge
2026-03-07 22:49:49,2026-03-07 23:42:38,5,13.02,42.44,Dispute
2026-03-01 14:20:06,2026-03-01 15:08:15,3,4.53,21.8,Credit Card
2026-03-01 23:25:20,2026-03-02 00:19:05,1,4.35,14.86,Dispute
2026-03-03 05:04:59,2026-03-03 06:00:26,2,1.94,-3.42,Dispute
2026-03-05 17:35:11,2026-03-05 17:56:19,4,11.03,35.41,Cash
2026-03-07 06:57:35,2026-03-07 07:06:35,6,13.51,43.35,Credit Card
2026-03-02 13:19:29,2026-03-02 13:29:54,6,12.78,42.44,No Charge
2026-03-02 04:12:53,2026-03-02 05:00:20,3,11.64,41.81,Dispute
2026-03-02 06:06:08,2026-03-02 06:54:51,1,18.21,56.52,Cash
2026-03-01 23:52:24,2026-03-02 00:48:34,4,17.8,48.26,No Charge
2026-03-04 19:27:40,2026-03-04 19:54:53,3,6.42,20.95,No Charge
2026-03-05 12:14:50,2026-03-05 12:30:07,4,18.83,53.57,Credit Card
2026-03-04 01:02:07,2026-03-04 01:11:26,1,13.79,38.56,Credit Card
2026-03-02 13:36:12,2026-03-02 14:18:10,3,11.4,-7.8,No Charge
2026-03-05 09:51:53,2026-03-05 10:24:10,3,24.9,73.98,Credit Card
2026-03-06 06:14:48,2026-03-06 06:51:00,6,18.87,55.34,Dispute
2026-03-04 23:47:07,2026-03-05 00:19:47,2,22.17,65.22,Dispute
2026-03-06 20:01:28,2026-03-06 21:00:57,5,8.45,27.34,Dispute
2026-03-02 08:46:50,2026-03-02 09:10:02,1,22.02,64.06,Cash
2026-03-02 07:21:08,2026-03-02 07:43:08,1,1.55,13.62,Credit Card
2026-03-02 04:21:59,2026-03-02 05:15:02,5,9.82,29.13,No Charge
2026-03-02 19:48:47,2026-03-02 20:04:48,6,14.08,44.77,Credit Card
2026-03-02 12:47:34,2026-03-02 13:00:16,3,8.55,30.03,Dispute
2026-03-04 16:10:05,2026-03-04 17:09:11,5,8.21,28.27,No Charge
2026-03-06 20:15:09,2026-03-06 21:02:25,5,7.91,31.25,Credit Card
2026-03-05 16:47:50,2026-03-05 17:27:35,4,14.4,40.68,Credit Card
2026-03-02 07:07:58,2026-03-02 07:26:20,2,13.33,40.3,Cash
2026-03-01 19:55:42,2026-03-01 20:04:34,4,-2.05,1.4,No Charge
2026-03-03 02:41:57,2026-03-03 02:50:45,2,2.67,13.65,No Charge
2026-03-04 00:43:46,2026-03-04 01:43:14,6,4.6,23.76,No Charge
2026-03-07 08:01:18,2026-03-07 08:56:07,1,22.38,62.05,Credit Card
2026-03-01 22:18:08,2026-03-01 22:26:51,1,21.48,61.93,Dispute
2026-03-06 07:58:20,2026-03-06 08:48:58,3,11.41,32.03,Cash
2026-03-06 06:23:09,2026-03-06 06:52:11,2,11.6,35.67,Cash
2026-03-01 21:05:09,2026-03-01 21:30:19,6,1.2,-5.93,No Charge
2026-03-01 08:48:06,2026-03-01 09:31:54,4,13.54,36.91,No Charge
2026-03-05 06:03:23,2026-03-05 06:37:35,3,3.53,15.71,Cash
2026-03-03 16:54:23,2026-03-03 16:58:21,5,19.56,60.59,No Charge
2026-03-03 15:41:29,2026-03-03 16:18:10,1,3.7,21.16,Dispute
2026-03-02 18:20:08,2026-03-02 18:36:34,6,7.0,22.18,Dispute
2026-03-05 23:39:38,2026-03-06 00:21:29,2,11.21,36.04,Cash
2026-03-06 22:12:54,2026-03-06 22:30:59,3,16.88,53.55,Dispute
2026-03-02 13:11:32,2026-03-02 13:50:47,3,4.95,23.59,No Charge
2026-03-04 09:36:57,2026-03-04 10:06:14,4,-3.33,-2.4,No Charge
2026-03-02 08:13:04,2026-03-02 08:23:04,1,16.3,46.84,Cash
2026-03-05 11:19:53,2026-03-05 12:15:28,5,13.18,42.09,Dispute
2026-03-03 14:41:11,2026-03-03 15:19:38,2,18.72,-6.6,Credit Card
2026-03-01 07:05:34,2026-03-01 07:44:10,3,15.58,42.38,No Charge
2026-03-02 09:33:57,2026-03-02 09:57:39,2,12.2,35.19,Credit Card
2026-03-03 02:37:40,2026-03-03 03:00:08,5,7.59,24.14,No Charge
2026-03-04 02:44:12,2026-03-04 03:15:48,3,17.61,47.07,Dispute
2026-03-06 14:20:18,2026-03-06 15:08:52,6,22.71,67.96,No Charge
2026-03-01 10:13:41,2026-03-01 10:39:30,4,24.71,-7.79,Credit Card
2026-03-05 11:25:24,2026-03-05 11:58:49,3,11.65,34.93,Credit Card
2026-03-07 00:48:23,2026-03-07 01:35:00,4,14.72,43.51,No Charge
2026-03-01 04:43:39,2026-03-01 05:06:01,6,17.78,52.01,No Charge
2026-03-01 09:25:41,2026-03-01 10:13:06,2,21.88,62.9,Credit Card
2026-03-04 21:58:51,2026-03-04 22:54:36,4,20.97,64.59,Credit Card
2026-03-02 09:17:45,2026-03-02 09:35:19,3,12.74,37.96,Dispute
2026-03-04 16:58:37,2026-03-04 17:04:01,3,7.0,21.45,Dispute
2026-03-04 22:29:47,2026-03-04 23:08:11,5,13.16,44.98,Credit Card
2026-03-04 08:52:32,2026-03-04 09:37:12,3,0.92,5.53,No Charge
2026-03-07 23:34:53,2026-03-07 23:40:13,6,7.25,27.15,Cash
2026-03-01 21:40:04,2026-03-01 22:20:36,1,8.44,24.19,Dispute
2026-03-06 01:21:22,2026-03-06 02:04:00,6,2.6,17.51,Dispute
2026-03-05 20:14:05,2026-03-05 20:50:58,3,5.16,25.84,Dispute
2026-03-05 23:02:56,2026-03-05 23:47:00,2,8.5,24.5,Credit Card
2026-03-03 20:32:41,2026-03-03 21:09:05,5,7.53,22.84,Credit Card
2026-03-04 15:48:51,2026-03-04 16:23:10,6,17.2,46.8,Credit Card
2026-03-06 06:46:53,2026-03-06 07:28:46,4,17.01,45.76,No Charge
2026-03-07 17:02:58,2026-03-07 17:19:45,1,20.41,54.26,Dispute
2026-03-01 08:17:15,2026-03-01 09:08:46,2,4.13,21.59,Credit Card
2026-03-02 03:33:54,2026-03-02 04:01:23,3,1.39,14.61,Dispute
2026-03-05 17:57:06,2026-03-05 18:07:30,4,20.22,62.01,No Charge
2026-03-07 20:13:30,2026-03-07 20:20:17,4,6.31,21.73,No Charge
2026-03-04 07:39:16,2026-03-04 08:00:44,3,21.63,-3.63,Credit Card
2026-03-01 04:25:39,2026-03-01 04:56:14,4,17.75,49.56,No Charge
2026-03-06 16:40:17,2026-03-06 17:29:26,5,19.57,57.81,Credit Card
2026-03-06 04:07:47,2026-03-06 05:06:53,1,22.01,59.57,Credit Card
2026-03-06 21:30:37,2026-03-06 22:01:10,2,14.66,47.98,Credit Card
2026-03-04 14:28:25,2026-03-04 15:26:30,3,1.89,13.75,Cash
2026-03-07 09:19:38,2026-03-07 09:43:31,6,23.83,66.37,Dispute
2026-03-01 01:45:40,2026-03-01 02:44:55,1,18.98,58.43,Dispute
2026-03-07 22:08:37,2026-03-07 22:57:18,1,3.75,21.89,Cash
2026-03-03 01:49:46,2026-03-03 02:01:31,3,14.82,48.23,No Charge
2026-03-06 05:32:44,2026-03-06 06:11:03,4,15.15,41.73,No Charge
2026-03-06 18:40:39,2026-03-06 18:44:13,6,-4.51,-5.6,Dispute
2026-03-01 23:55:54,2026-03-02 00:21:40,2,19.2,59.52,Cash
2026-03-04 21:11:23,2026-03-04 21:42:49,2,19.95,60.63,Dispute
2026-03-02 11:01:05,2026-03-02 11:09:24,2,19.51,55.07,Dispute
2026-03-05 07:02:26,2026-03-05 07:49:27,5,24.72,70.11,Cash
2026-03-02 04:24:48,2026-03-02 05:06:42,5,14.04,42.47,Credit Card
2026-03-01 23:51:32,2026-03-01 23:56:18,4,10.63,33.58,Credit Card
2026-03-01 08:08:37,2026-03-01 08:17:09,2,16.11,44.75,Dispute
2026-03-06 16:35:42,2026-03-06 17:18:46,4,12.05,38.55,Dispute
2026-03-06 20:32:26,2026-03-06 20:47:59,4,-1.28,4.1,Credit Card
2026-03-04 06:49:05,2026-03-04 07:28:50,5,9.0,28.94,Credit Card
2026-03-05 20:11:48,2026-03-05 21:01:09,2,8.25,32.43,Dispute
2026-03-02 02:25:54,2026-03-02 03:19:12,4,4.8,20.94,Credit Card
2026-03-04 09:41:13,2026-03-04 10:16:49,5,17.78,52.57,No Charge
2026-03-04 10:43:10,2026-03-04 11:43:09,4,13.89,39.41,Cash
2026-03-05 11:12:59,2026-03-05 11:33:38,6,12.85,36.34,Credit Card
2026-03-02 16:52:09,2026-03-02 17:45:03,6,13.97,40.63,Credit Card
2026-03-01 05:51:56,2026-03-01 05:57:55,5,21.91,58.27,Credit Card
2026-03-01 03:01:57,2026-03-01 03:06:11,2,12.93,36.52,Credit Card
2026-03-05 17:49:19,2026-03-05 18:20:24,4,14.7,47.65,Dispute
2026-03-05 19:21:51,2026-03-05 19:36:49,1,14.68,48.61,Dispute
2026-03-07 06:00:21,2026-03-07 06:55:25,2,4.27,16.54,No Charge
2026-03-02 15:46:06,2026-03-02 16:39:53,2,24.26,69.7,No Charge
2026-03-02 12:15:50,2026-03-02 13:01:36,4,23.34,65.72,Dispute
2026-03-05 15:43:57,2026-03-05 16:04:28,6,3.66,21.53,Cash
2026-03-01 19:53:53,2026-03-01 20:43:12,2,7.48,25.26,Credit Card
2026-03-03 08:05:10,2026-03-03 08:11:11,2,12.7,35.23,Credit Card
2026-03-07 13:26:15,2026-03-07 14:22:22,5,18.6,56.87,Credit Card
2026-03-03 21:03:40,2026-03-03 21:49:24,3,24.85,70.06,Cash
2026-03-04 04:54:41,2026-03-04 04:58:57,1,23.72,65.98,Dispute
2026-03-07 07:44:32,2026-03-07 08:35:13,3,2.77,13.85,Dispute
2026-03-04 03:18:03,2026-03-04 04:00:01,5,16.07,49.72,Dispute
2026-03-06 04:40:24,2026-03-06 05:38:58,5,18.55,53.69,No Charge
2026-03-02 13:26:08,2026-03-02 14:16:38,3,14.25,47.34,Cash
2026-03-05 02:27:46,2026-03-05 03:22:41,4,24.75,72.09,Credit Card
2026-03-06 17:29:51,2026-03-06 17:33:48,5,0.71,9.02,No Charge
2026-03-06 08:52:35,2026-03-06 09:39:38,5,15.18,49.26,Dispute
2026-03-06 02:22:54,2026-03-06 02:27:40,2,-3.57,2.62,Cash
2026-03-05 19:14:33,2026-03-05 20:14:11,4,21.65,58.38,Credit Card
2026-03-04 15:22:06,2026-03-04 15:29:20,5,21.87,60.54,Credit Card
2026-03-05 20:49:05,2026-03-05 21:29:01,1,11.72,34.85,Credit Card
2026-03-04 11:27:59,2026-03-04 11:57:44,3,11.76,41.09,No Charge
2026-03-05 05:47:52,2026-03-05 06:25:25,2,4.78,16.34,Credit Card
2026-03-05 05:55:07,2026-03-05 06:14:55,2,3.24,13.94,Credit Card
2026-03-03 17:57:37,2026-03-03 18:20:22,5,1.25,14.23,Cash
2026-03-06 20:04:51,2026-03-06 20:24:48,5,21.91,67.53,Credit Card
2026-03-02 19:21:55,2026-03-02 19:45:14,5,14.23,45.04,Credit Card
2026-03-02 05:08:40,2026-03-02 05:32:27,4,15.83,51.67,Cash
2026-03-07 02:30:11,2026-03-07 03:10:47,4,13.23,38.15,Cash
2026-03-02 14:31:51,2026-03-02 14:51:19,4,20.71,58.67,Dispute
2026-03-02 03:53:19,2026-03-02 04:34:49,2,11.76,35.98,Credit Card
2026-03-06 15:38:30,2026-03-06 16:24:02,6,10.6,34.36,No Charge
2026-03-07 02:52:45,2026-03-07 03:35:54,3,16.11,50.61,Cash
2026-03-06 16:49:45,2026-03-06 17:09:33,2,15.92,52.28,Credit Card
2026-03-01 04:50:38,2026-03-01 05:37:13,4,10.32,35.01,Dispute
2026-03-02 18:43:01,2026-03-02 19:18:31,4,14.66,43.45,No Charge
2026-03-03 02:55:27,2026-03-03 03:29:57,1,12.27,-6.26,Dispute
2026-03-05 16:12:08,2026-03-05 16:33:12,3,6.56,24.21,Credit Card
2026-03-05 02:36:03,2026-03-05 03:08:38,6,6.19,20.07,No Charge
2026-03-06 05:57:55,2026-03-06 06:38:35,5,20.49,56.32,Dispute
2026-03-03 02:23:52,2026-03-03 03:19:27,6,14.8,48.43,Credit Card
2026-03-01 06:26:39,2026-03-01 07:17:38,5,18.12,57.31,Cash
2026-03-03 03:16:16,2026-03-03 03:44:01,1,7.51,-1.37,Cash
2026-03-06 06:30:01,2026-03-06 06:49:33,2,24.7,72.5,Dispute
2026-03-06 12:50:15,2026-03-06 13:08:15,1,23.62,65.27,Dispute
2026-03-03 19:02:34,2026-03-03 19:09:41,1,14.8,42.61,No Charge
2026-03-03 15:29:48,2026-03-03 15:50:20,4,12.39,37.65,Credit Card
2026-03-07 04:13:13,2026-03-07 05:12:08,6,22.59,62.74,Cash
2026-03-01 04:48:55,2026-03-01 05:21:05,5,11.77,40.79,No Charge
2026-03-03 12:32:59,2026-03-03 12:44:50,5,4.68,17.9,No Charge
2026-03-07 18:44:46,2026-03-07 18:50:58,6,21.5,64.29,No Charge
2026-03-04 05:40:07,2026-03-04 06:02:38,5,20.91,62.34,Credit Card
2026-03-07 14:38:58,2026-03-07 14:54:57,3,23.49,-3.37,Cash
2026-03-01 22:59:11,2026-03-01 23:31:53,1,3.59,16.16,No Charge
2026-03-04 17:18:14,2026-03-04 18:07:17,5,22.15,61.09,Dispute
2026-03-02 09:07:58,2026-03-02 09:12:59,1,7.57,31.5,Dispute
2026-03-06 19:59:56,2026-03-06 20:44:39,6,3.41,12.85,No Charge
2026-03-06 14:27:04,2026-03-06 14:44:50,4,14.12,43.53,Dispute
2026-03-07 04:21:27,2026-03-07 05:03:55,5,0.65,10.55,Dispute
2026-03-02 06:41:28,2026-03-02 07:37:48,2,11.98,40.43,Credit Card
2026-03-07 12:26:04,2026-03-07 12:36:57,5,-4.35,-2.85,Cash
2026-03-05 19:49:25,2026-03-05 19:54:42,6,17.38,55.04,Credit Card
2026-03-03 00:58:20,2026-03-03 01:56:02,1,16.58,48.37,Cash
2026-03-02 02:19:06,2026-03-02 03:10:32,1,21.27,63.0,Cash
2026-03-06 20:20:49,2026-03-06 21:09:22,1,8.17,26.38,Cash
2026-03-07 01:26:33,2026-03-07 02:06:18,5,16.93,50.25,Dispute
2026-03-03 11:03:26,2026-03-03 11:41:37,4,1.08,15.09,No Charge
2026-03-01 21:16:05,2026-03-01 21:25:20,1,5.95,24.7,Cash
2026-03-07 12:31:51,2026-03-07 13:02:46,4,7.65,22.26,Credit Card
2026-03-06 18:18:57,2026-03-06 19:13:42,6,3.23,14.66,No Charge
2026-03-07 09:34:02,2026-03-07 10:13:18,4,16.87,51.52,No Charge
2026-03-05 16:19:59,2026-03-05 17:06:46,5,10.53,33.87,No Charge
2026-03-01 13:14:44,2026-03-01 13:41:52,6,17.15,54.63,Dispute
2026-03-02 05:55:30,2026-03-02 06:47:28,4,1.91,10.03,Dispute
2026-03-03 05:50:50,2026-03-03 06:36:25,4,1.24,11.21,Cash
2026-03-02 19:02:48,2026-03-02 19:22:34,2,17.97,56.08,No Charge
2026-03-07 08:59:06,2026-03-07 09:19:04,3,20.2,61.61,No Charge
2026-03-04 11:37:33,2026-03-04 12:12:39,2,4.66,22.78,Cash
2026-03-04 15:42:00,2026-03-04 15:45:03,2,21.04,60.69,Dispute
2026-03-07 22:49:43,2026-03-07 23:44:36,5,10.29,33.1,Dispute
2026-03-06 09:20:31,2026-03-06 09:32:44,5,14.12,41.42,Cash
2026-03-03 00:29:22,2026-03-03 01:13:52,1,0.92,13.63,Cash
2026-03-01 10:31:30,2026-03-01 10:58:26,6,12.07,41.98,Credit Card
2026-03-07 12:18:07,2026-03-07 13:13:35,5,7.52,22.37,Cash
2026-03-05 20:34:16,2026-03-05 21:30:40,6,12.09,34.7,Credit Card
2026-03-07 04:10:35,2026-03-07 04:56:56,4,6.72,22.88,Credit Card
2026-03-05 03:19:20,2026-03-05 04:07:53,6,0.95,6.58,Credit Card
2026-03-07 14:33:36,2026-03-07 15:08:16,4,23.37,62.08,No Charge
2026-03-05 16:45:58,2026-03-05 17:26:41,3,16.18,53.36,Credit Card
2026-03-05 12:06:34,2026-03-05 12:14:11,5,1.96,17.1,Dispute
2026-03-04 14:28:39,2026-03-04 15:02:40,5,13.32,38.47,No Charge
2026-03-07 21:26:34,2026-03-07 21:53:01,3,7.62,23.28,Cash
2026-03-05 10:33:34,2026-03-05 10:48:25,2,3.89,19.83,Cash
2026-03-01 13:02:03,2026-03-01 13:36:01,2,21.88,58.7,Dispute
2026-03-07 23:10:34,2026-03-07 23:43:58,6,-1.61,3.26,Dispute
2026-03-06 01:26:02,2026-03-06 02:14:23,2,18.32,50.4,Credit Card
2026-03-02 23:10:46,2026-03-02 23:48:53,6,13.64,45.69,Credit Card
2026-03-05 00:36:31,2026-03-05 01:26:18,4,4.22,14.22,Dispute
2026-03-02 23:23:41,2026-03-02 23:52:55,6,10.27,34.9,No Charge
2026-03-07 23:09:33,2026-03-07 23:41:06,1,1.24,9.45,No Charge
2026-03-07 09:00:28,2026-03-07 09:30:25,5,8.0,27.22,Cash
2026-03-03 06:34:10,2026-03-03 06:37:20,4,3.59,17.58,Credit Card
2026-03-03 09:14:37,2026-03-03 09:19:40,5,3.15,12.94,Cash
2026-03-04 02:21:03,2026-03-04 02:51:28,5,11.01,32.14,Dispute
2026-03-05 10:08:27,2026-03-05 10:18:59,5,18.95,57.72,Credit Card
2026-03-06 19:54:23,2026-03-06 20:49:54,4,20.39,60.91,Cash
2026-03-03 19:36:26,2026-03-03 19:44:36,5,24.04,64.06,Dispute
2026-03-07 06:02:48,2026-03-07 06:19:19,6,10.8,35.0,No Charge
2026-03-02 11:59:15,2026-03-02 12:17:44,1,5.18,17.56,No Charge
2026-03-05 03:25:48,2026-03-05 03:59:21,1,18.29,51.55,Credit Card
2026-03-05 17:37:35,2026-03-05 18:07:44,5,16.11,51.37,Credit Card
2026-03-03 11:56:08,2026-03-03 12:11:16,2,20.51,58.67,Credit Card
2026-03-03 04:10:37,2026-03-03 04:49:03,2,2.79,18.58,Credit Card
2026-03-02 10:21:35,2026-03-02 10:26:53,1,6.39,-8.8,Cash
2026-03-06 22:18:22,2026-03-06 22:32:40,1,-1.98,-1.34,Credit Card
2026-03-04 04:25:14,2026-03-04 05:01:00,4,22.27,67.03,Cash
2026-03-01 14:47:42,2026-03-01 15:44:07,2,23.79,71.3,Dispute
2026-03-02 04:03:44,2026-03-02 04:23:51,3,23.56,-5.03,Dispute
2026-03-01 07:41:27,2026-03-01 08:00:32,3,18.65,55.0,Cash
2026-03-04 07:45:09,2026-03-04 08:13:44,1,20.23,-0.52,Dispute
2026-03-02 21:30:21,2026-03-02 21:48:29,6,13.03,37.17,Credit Card
2026-03-07 22:20:24,2026-03-07 22:50:36,5,22.78,61.27,Dispute
2026-03-06 14:32:48,2026-03-06 15:28:14,1,11.53,34.45,Credit Card
2026-03-05 19:08:31,2026-03-05 19:55:51,6,19.83,55.78,Credit Card
2026-03-05 06:17:40,2026-03-05 06:33:01,6,17.08,53.82,Credit Card
2026-03-06 04:31:38,2026-03-06 04:41:11,5,2.7,15.71,No Charge
2026-03-03 05:49:41,2026-03-03 06:41:12,1,24.59,72.21,Credit Card
2026-03-07 20:21:30,2026-03-07 21:19:28,3,10.49,29.64,Credit Card
2026-03-04 07:14:47,2026-03-04 07:44:13,2,17.43,53.9,Credit Card
2026-03-06 07:43:48,2026-03-06 07:54:43,4,7.5,24.87,Cash
2026-03-05 14:54:00,2026-03-05 15:21:14,6,13.91,38.44,Dispute
2026-03-05 22:03:54,2026-03-05 22:26:58,6,7.89,30.23,Dispute
2026-03-03 18:56:47,2026-03-03 19:19:22,2,20.77,58.23,Cash
2026-03-02 23:20:20,2026-03-03 00:02:11,1,23.3,70.62,Dispute
2026-03-06 21:33:13,2026-03-06 21:48:34,5,8.47,33.66,Dispute
2026-03-02 10:36:26,2026-03-02 10:51:09,6,10.26,29.92,No Charge
2026-03-03 07:17:11,2026-03-03 07:43:04,3,1.56,12.17,No Charge
2026-03-05 14:36:29,2026-03-05 15:28:47,5,10.82,35.02,Dispute
2026-03-03 14:02:14,2026-03-03 14:20:52,4,2.26,13.85,Dispute
2026-03-02 05:34:18,2026-03-02 06:01:45,5,23.23,64.44,Credit Card
2026-03-07 01:32:01,2026-03-07 02:31:03,5,15.03,44.85,No Charge
2026-03-03 09:14:02,2026-03-03 09:32:46,2,19.83,59.79,No Charge
2026-03-02 11:30:01,2026-03-02 11:34:32,3,21.18,57.19,Credit Card
2026-03-06 15:14:12,2026-03-06 15:48:37,4,23.47,67.82,Dispute
2026-03-03 07:41:52,2026-03-03 07:59:22,3,22.04,61.89,Cash
2026-03-07 21:17:57,2026-03-07 22:05:51,2,8.23,26.64,No Charge
2026-03-05 21:07:41,2026-03-05 21:27:51,3,14.37,40.38,Cash
2026-03-03 15:22:36,2026-03-03 16:05:35,5,13.24,36.25,No Charge
2026-03-04 01:21:41,2026-03-04 01:50:56,5,10.56,29.7,No Charge
2026-03-07 18:15:08,2026-03-07 19:03:28,4,10.89,37.94,No Charge
2026-03-07 04:47:30,2026-03-07 04:53:32,3,3.77,14.96,Dispute
2026-03-05 23:06:16,2026-03-05 23:41:21,2,23.08,65.86,No Charge
2026-03-06 13:27:50,2026-03-06 14:06:49,2,20.96,62.19,Cash
2026-03-04 22:32:09,2026-03-04 23:22:34,1,20.92,62.16,Cash
2026-03-01 02:24:14,2026-03-01 03:05:10,6,7.02,24.91,Cash
2026-03-05 06:29:26,2026-03-05 06:53:04,1,17.02,48.19,Dispute
2026-03-04 21:24:20,2026-03-04 22:21:44,6,8.76,34.54,Credit Card
2026-03-04 19:51:28,2026-03-04 20:24:03,4,14.12,42.68,Dispute
2026-03-06 21:12:40,2026-03-06 21:44:41,1,23.47,65.82,Cash
2026-03-04 12:56:12,2026-03-04 13:45:46,6,21.25,56.76,Credit Card
2026-03-03 00:51:35,2026-03-03 01:36:43,2,13.43,38.44,No Charge
2026-03-01 09:27:22,2026-03-01 09:33:09,2,6.14,24.34,No Charge
2026-03-05 21:07:12,2026-03-05 21:53:06,4,-4.57,-4.14,Dispute
2026-03-03 00:58:33,2026-03-03 01:39:45,1,20.69,63.55,Credit Card
2026-03-07 18:29:35,2026-03-07 19:18:44,1,9.69,32.63,Credit Card
2026-03-07 13:53:19,2026-03-07 14:00:52,6,13.17,40.05,Cash
2026-03-03 18:43:04,2026-03-03 19:21:42,1,1.22,9.46,Cash
2026-03-05 04:12:13,2026-03-05 04:54:20,3,-3.21,-1.01,Cash
2026-03-03 16:59:43,2026-03-03 17:06:14,2,15.91,46.63,No Charge
2026-03-01 18:20:58,2026-03-01 19:10:05,1,21.45,65.4,Dispute
2026-03-04 03:00:22,2026-03-04 03:15:20,1,10.88,30.22,Dispute
2026-03-07 14:47:46,2026-03-07 15:15:58,3,16.83,53.04,Credit Card
2026-03-04 12:18:50,2026-03-04 13:03:34,5,17.15,54.61,Cash
2026-03-03 22:35:43,2026-03-03 23:15:16,4,17.03,53.47,No Charge
2026-03-01 06:14:10,2026-03-01 06:24:52,1,12.58,35.78,No Charge
2026-03-01 07:26:01,2026-03-01 07:43:48,2,10.17,31.27,Cash
2026-03-05 02:17:38,2026-03-05 02:44:57,5,11.18,-0.47,Cash
2026-03-01 17:34:27,2026-03-01 18:22:13,4,20.98,65.35,Credit Card
2026-03-01 18:29:17,2026-03-01 18:37:57,2,21.16,57.72,Cash
2026-03-06 01:29:46,2026-03-06 02:15:06,2,5.1,18.5,No Charge
2026-03-06 07:11:09,2026-03-06 07:33:15,5,9.82,29.0,Cash
2026-03-04 05:39:19,2026-03-04 06:10:32,4,9.52,-1.24,Credit Card
2026-03-05 02:45:18,2026-03-05 03:02:32,2,22.07,63.67,Credit Card
2026-03-07 18:45:28,2026-03-07 19:36:46,6,2.45,14.05,No Charge
2026-03-01 09:55:51,2026-03-01 10:09:40,3,8.85,32.02,Credit Card
2026-03-07 17:21:30,2026-03-07 17:32:56,4,4.7,22.6,Dispute
2026-03-07 22:28:20,2026-03-07 22:45:15,2,24.66,69.74,Cash
2026-03-07 13:14:06,2026-03-07 13:52:07,6,19.4,58.29,No Charge
2026-03-07 16:06:06,2026-03-07 16:46:50,5,10.66,33.78,Dispute
2026-03-01 16:51:19,2026-03-01 17:09:49,6,15.37,48.12,No Charge
2026-03-01 12:12:30,2026-03-01 12:31:07,2,0.69,7.27,No Charge
2026-03-03 14:43:13,2026-03-03 15:25:44,6,24.51,71.4,Dispute
2026-03-06 02:55:14,2026-03-06 03:49:46,2,0.51,6.19,Credit Card
2026-03-03 13:47:31,2026-03-03 14:09:00,2,13.36,41.49,Dispute
2026-03-07 18:16:06,2026-03-07 18:35:30,6,13.6,44.48,Cash
2026-03-04 22:45:32,2026-03-04 23:24:36,6,20.41,61.06,Credit Card
2026-03-03 09:25:47,2026-03-03 09:59:24,6,10.19,36.11,Cash
2026-03-03 03:33:21,2026-03-03 04:02:15,6,10.87,32.08,No Charge
2026-03-07 03:17:51,2026-03-07 04:15:41,1,23.55,-0.55,Dispute
2026-03-03 09:43:35,2026-03-03 10:29:47,2,18.57,54.36,Credit Card
2026-03-01 21:23:17,2026-03-01 22:07:31,1,13.04,39.05,Cash
2026-03-01 09:19:37,2026-03-01 10:04:25,2,8.68,29.47,No Charge
2026-03-06 20:52:35,2026-03-06 21:09:08,6,17.58,47.26,Credit Card
2026-03-03 01:19:01,2026-03-03 02:01:40,4,5.42,-0.92,No Charge
2026-03-01 09:55:57,2026-03-01 10:12:25,3,16.65,-1.09,No Charge
2026-03-05 19:24:00,2026-03-05 19:39:08,5,12.85,38.55,Credit Card
2026-03-06 22:00:19,2026-03-06 22:43:45,2,-0.67,10.23,Cash
2026-03-04 00:50:02,2026-03-04 01:43:54,4,22.9,61.31,Cash
2026-03-05 21:17:25,2026-03-05 21:55:20,5,13.74,45.45,No Charge
2026-03-06 11:04:57,2026-03-06 11:55:31,2,24.05,63.46,Dispute
2026-03-04 18:03:55,2026-03-04 18:13:46,3,23.22,62.99,Dispute
2026-03-04 11:13:53,2026-03-04 12:04:37,1,7.31,25.96,Cash
2026-03-03 12:42:09,2026-03-03 12:57:54,1,11.45,32.09,Credit Card
2026-03-06 11:19:09,2026-03-06 12:11:13,6,3.19,17.63,No Charge
2026-03-06 12:49:31,2026-03-06 13:36:57,1,3.04,13.34,Credit Card
2026-03-04 09:29:35,2026-03-04 10:08:07,1,9.2,29.56,Credit Card
2026-03-04 23:30:21,2026-03-05 00:28:45,3,-0.98,5.23,Credit Card
2026-03-07 10:17:31,2026-03-07 10:51:10,3,0.87,5.64,Dispute
2026-03-06 21:47:36,2026-03-06 21:53:56,4,18.44,54.04,Credit Card
2026-03-02 20:37:39,2026-03-02 21:03:58,5,1.85,8.32,No Charge
2026-03-06 00:04:16,2026-03-06 00:41:04,6,3.82,15.29,Cash
2026-03-04 19:01:58,2026-03-04 19:35:26,1,24.34,68.99,Credit Card
2026-03-02 07:02:13,2026-03-02 07:23:19,2,24.82,65.25,Cash
2026-03-06 03:40:59,2026-03-06 03:53:07,5,0.96,15.24,Credit Card
2026-03-01 23:50:39,2026-03-02 00:19:19,4,15.58,44.49,Cash
2026-03-07 21:10:39,2026-03-07 22:10:37,5,13.45,37.05,Dispute
2026-03-02 21:12:35,2026-03-02 21:28:34,3,20.79,59.17,Cash
2026-03-02 07:34:02,2026-03-02 07:55:01,5,24.93,70.08,Dispute
2026-03-03 20:55:02,2026-03-03 21:14:59,5,8.75,-9.88,Credit Card
2026-03-02 11:19:02,2026-03-02 12:16:35,4,0.55,11.71,Dispute
2026-03-03 19:09:18,2026-03-03 20:02:13,2,18.47,54.61,Credit Card
2026-03-06 19:58:24,2026-03-06 20:23:15,5,12.27,39.42,No Charge
2026-03-04 00:25:44,2026-03-04 00:30:51,3,11.55,-0.17,Dispute
2026-03-03 14:45:29,2026-03-03 15:31:24,5,21.62,64.7,Credit Card
2026-03-01 14:23:32,2026-03-01 14:55:38,2,2.43,13.84,Credit Card
2026-03-02 12:00:09,2026-03-02 12:04:18,1,20.85,63.65,Cash
2026-03-05 23:00:15,2026-03-05 23:21:56,2,22.07,62.47,Dispute
2026-03-03 06:46:24,2026-03-03 07:43:34,1,-1.82,3.27,Cash
2026-03-03 19:58:51,2026-03-03 20:32:30,4,1.68,9.35,Cash
2026-03-01 04:30:34,2026-03-01 05:08:40,1,14.12,42.52,Credit Card
2026-03-07 09:21:08,2026-03-07 09:36:25,3,7.55,28.52,Dispute
2026-03-06 22:14:33,2026-03-06 23:08:38,6,3.88,20.81,Dispute
2026-03-01 19:48:07,2026-03-01 19:58:07,2,-1.6,4.24,Credit Card
2026-03-03 23:16:37,2026-03-03 23:24:08,6,7.01,26.51,Dispute
2026-03-05 10:15:11,2026-03-05 11:14:49,4,13.4,37.51,Credit Card
2026-03-02 13:03:57,2026-03-02 13:57:03,1,20.5,58.9,Cash
2026-03-03 03:52:37,2026-03-03 04:40:49,2,23.51,64.58,Credit Card
2026-03-07 04:07:40,2026-03-07 04:19:29,3,6.8,24.84,Cash
2026-03-06 09:30:22,2026-03-06 09:37:39,1,23.37,64.8,Credit Card
2026-03-04 23:45:09,2026-03-05 00:32:59,6,4.79,22.76,No Charge
2026-03-07 03:55:05,2026-03-07 04:18:39,1,-4.31,-2.57,Dispute
2026-03-01 01:49:04,2026-03-01 02:24:43,3,13.64,41.9,No Charge
2026-03-06 18:06:28,2026-03-06 18:30:47,3,11.73,-1.69,Dispute
2026-03-03 19:49:30,2026-03-03 20:18:52,6,4.87,19.42,No Charge
2026-03-01 23:14:20,2026-03-01 23:22:36,3,19.85,58.98,Cash
2026-03-05 07:31:35,2026-03-05 07:42:26,6,9.86,28.65,Cash
2026-03-06 03:07:53,2026-03-06 03:36:28,3,16.18,44.66,Credit Card
2026-03-06 20:53:05,2026-03-06 21:05:44,6,24.13,72.69,Dispute
2026-03-06 07:28:06,2026-03-06 07:55:31,3,17.32,54.25,Dispute
2026-03-04 20:17:48,2026-03-04 21:12:36,6,8.19,25.2,Dispute
2026-03-07 02:55:33,2026-03-07 03:32:10,4,12.41,38.33,Dispute
2026-03-06 05:41:40,2026-03-06 06:12:01,2,15.29,45.45,Credit Card
2026-03-06 08:50:44,2026-03-06 09:24:12,6,1.63,7.44,No Charge
2026-03-04 13:57:09,2026-03-04 14:04:17,5,24.43,72.07,Credit Card
2026-03-02 23:42:09,2026-03-03 00:32:11,6,6.01,-9.2,No Charge
2026-03-03 00:32:49,2026-03-03 00:36:55,2,20.23,62.09,No Charge
2026-03-03 18:00:39,2026-03-03 18:51:37,2,15.94,43.9,Credit Card
2026-03-03 18:36:31,2026-03-03 19:09:13,3,18.22,49.73,Cash
2026-03-01 15:56:48,2026-03-01 16:22:03,1,11.36,38.16,Dispute
2026-03-04 16:35:36,2026-03-04 17:01:21,6,18.67,-8.27,Credit Card
2026-03-05 21:11:14,2026-03-05 21:37:05,2,9.24,26.84,Credit Card
2026-03-05 10:30:12,2026-03-05 10:47:51,4,23.2,70.39,Credit Card
2026-03-06 22:14:27,2026-03-06 22:35:15,1,2.86,10.62,Credit Card
2026-03-03 18:19:08,2026-03-03 18:36:29,3,11.44,34.32,Dispute
2026-03-04 22:43:31,2026-03-04 23:39:16,1,14.56,-3.09,Cash
2026-03-03 11:29:06,2026-03-03 11:34:44,5,10.88,32.5,Cash
2026-03-04 05:30:35,2026-03-04 06:16:48,6,4.47,-8.31,Dispute
2026-03-07 18:28:55,2026-03-07 18:56:05,4,18.89,50.87,Cash
2026-03-03 12:41:14,2026-03-03 13:22:13,5,8.03,32.7,Dispute
2026-03-01 19:38:28,2026-03-01 20:25:05,5,10.53,35.45,No Charge
2026-03-03 21:24:51,2026-03-03 21:39:43,4,8.54,34.29,Credit Card
2026-03-02 13:10:08,2026-03-02 13:19:51,4,19.93,56.34,Credit Card
2026-03-04 21:51:32,2026-03-04 22:19:55,4,18.5,56.08,Cash
2026-03-03 18:43:53,2026-03-03 19:25:43,1,8.35,25.03,No Charge
2026-03-02 00:32:15,2026-03-02 01:10:32,6,12.99,43.53,No Charge
2026-03-02 23:15:08,2026-03-02 23:57:30,4,15.87,50.8,Cash
2026-03-02 09:05:33,2026-03-02 09:45:50,2,5.27,19.17,Cash
2026-03-06 12:16:50,2026-03-06 13:13:56,2,14.93,43.43,Cash
2026-03-03 08:02:16,2026-03-03 08:43:57,4,18.41,51.24,Cash
2026-03-07 10:19:51,2026-03-07 11:14:42,1,9.09,33.79,No Charge
2026-03-07 18:28:10,2026-03-07 19:18:44,1,17.62,48.01,Credit Card
2026-03-01 13:15:07,2026-03-01 13:25:12,2,9.57,29.19,Dispute
2026-03-01 07:29:03,2026-03-01 08:18:30,1,2.37,14.51,Cash
2026-03-03 01:13:12,2026-03-03 01:39:03,1,13.58,44.14,Credit Card
2026-03-06 18:17:49,2026-03-06 18:28:58,5,9.54,31.25,Credit Card
2026-03-05 18:41:48,2026-03-05 19:10:35,6,3.06,16.06,No Charge
2026-03-04 16:34:25,2026-03-04 16:54:12,5,1.29,6.93,Credit Card
2026-03-03 08:09:02,2026-03-03 08:15:47,6,19.23,59.23,Cash
2026-03-03 10:51:03,2026-03-03 11:46:18,1,12.0,42.41,Dispute
2026-03-03 22:49:53,2026-03-03 23:02:10,3,0.57,13.14,Cash
2026-03-03 17:22:31,2026-03-03 18:16:57,2,8.45,31.37,Dispute
2026-03-03 01:29:04,2026-03-03 01:42:52,3,1.39,10.61,Credit Card
2026-03-02 07:00:24,2026-03-02 07:20:42,2,13.25,38.52,Dispute
2026-03-07 20:10:45,2026-03-07 20:54:28,6,4.45,18.45,Credit Card
2026-03-06 06:23:04,2026-03-06 07:18:46,5,0.85,5.41,Credit Card
2026-03-04 04:25:16,2026-03-04 04:52:54,5,13.63,40.42,Cash
2026-03-03 09:21:06,2026-03-03 10:03:23,1,4.56,14.69,Cash
2026-03-07 06:06:38,2026-03-07 06:57:27,2,1.53,9.24,Dispute
2026-03-06 22:03:01,2026-03-06 22:06:28,1,19.36,60.65,No Charge
2026-03-02 01:37:25,2026-03-02 01:57:16,1,19.58,58.95,Credit Card
2026-03-03 19:19:05,2026-03-03 19:40:23,3,2.86,16.19,Cash
2026-03-04 23:39:46,2026-03-05 00:27:49,5,23.9,66.74,Credit Card
2026-03-07 17:53:47,2026-03-07 18:40:49,1,22.41,-8.36,Cash
2026-03-01 23:07:48,2026-03-01 23:35:41,5,19.74,59.31,Dispute
2026-03-05 15:03:50,2026-03-05 15:37:17,6,3.6,-7.35,No Charge
2026-03-02 10:01:50,2026-03-02 10:49:33,6,2.15,17.49,No Charge
2026-03-02 01:54:21,2026-03-02 02:06:07,4,24.11,70.28,Credit Card
2026-03-03 09:58:53,2026-03-03 10:44:05,6,23.74,71.12,Credit Card
2026-03-02 19:43:29,2026-03-02 19:53:03,6,9.38,28.75,Dispute
2026-03-05 03:22:08,2026-03-05 04:05:15,1,21.86,61.14,Cash
2026-03-01 01:12:14,2026-03-01 01:42:53,1,12.13,33.61,No Charge
2026-03-01 18:58:25,2026-03-01 19:52:43,5,22.59,68.6,Dispute
2026-03-02 18:10:45,2026-03-02 18:30:04,1,21.59,63.76,Dispute
2026-03-05 19:13:40,2026-03-05 19:33:28,3,21.97,62.48,Credit Card
2026-03-07 12:21:09,2026-03-07 12:32:33,1,-2.28,-1.71,Dispute
2026-03-03 14:17:38,2026-03-03 14:49:55,2,11.23,32.69,Dispute
2026-03-01 17:01:48,2026-03-01 17:08:25,6,7.91,27.38,Credit Card
2026-03-04 21:21:24,2026-03-04 21:58:34,5,-4.24,-2.83,No Charge
2026-03-03 09:28:40,2026-03-03 10:24:34,5,11.51,40.87,No Charge
2026-03-07 22:15:51,2026-03-07 22:38:20,4,21.36,58.9,Cash
2026-03-07 10:39:06,2026-03-07 11:07:40,1,18.74,50.81,Cash
2026-03-02 10:40:03,2026-03-02 11:15:23,4,18.58,53.0,Credit Card
2026-03-05 09:32:05,2026-03-05 10:10:40,1,20.65,54.72,No Charge
2026-03-07 12:25:32,2026-03-07 12:34:06,3,6.55,-2.81,Cash
2026-03-05 18:54:47,2026-03-05 19:49:46,3,17.94,50.03,Credit Card
2026-03-06 07:25:06,2026-03-06 07:47:28,4,4.96,16.77,Dispute
2026-03-01 11:31:45,2026-03-01 12:17:41,4,15.11,48.96,Cash
2026-03-02 22:41:30,2026-03-02 23:02:44,3,-0.88,9.74,Credit Card
2026-03-03 01:39:47,2026-03-03 02:30:08,4,17.02,46.02,Cash
2026-03-04 20:32:43,2026-03-04 21:31:38,5,20.83,63.32,No Charge
2026-03-06 07:10:28,2026-03-06 07:16:55,3,24.98,74.05,Credit Card
2026-03-02 19:06:17,2026-03-02 19:33:45,4,1.69,17.07,Credit Card
2026-03-03 19:13:30,2026-03-03 19:33:55,4,15.06,46.25,Credit Card
2026-03-04 20:14:35,2026-03-04 20:43:02,2,18.19,51.29,Cash
2026-03-06 23:38:35,2026-03-06 23:57:09,1,21.28,57.99,Credit Card
2026-03-02 14:24:05,2026-03-02 15:03:39,1,4.91,-3.12,Credit Card
2026-03-07 03:49:59,2026-03-07 04:37:23,1,3.64,17.68,Cash
2026-03-07 19:45:38,2026-03-07 20:13:33,6,18.67,49.86,No Charge
2026-03-07 11:50:41,2026-03-07 12:09:58,3,24.69,74.5,No Charge
2026-03-04 19:53:32,2026-03-04 20:00:35,4,15.67,43.75,Credit Card
2026-03-06 00:51:46,2026-03-06 01:42:26,3,6.59,19.69,No Charge
2026-03-07 11:12:25,2026-03-07 11:52:00,1,24.11,64.77,Dispute
2026-03-04 08:02:00,2026-03-04 08:22:27,1,23.35,67.73,Dispute
2026-03-07 00:37:46,2026-03-07 01:05:35,3,-2.66,-3.49,Dispute
2026-03-03 02:41:49,2026-03-03 03:13:31,5,12.96,37.2,Credit Card
2026-03-05 22:38:22,2026-03-05 22:47:05,3,21.02,57.77,Dispute
2026-03-02 10:04:10,2026-03-02 10:41:31,4,4.01,20.72,Credit Card
2026-03-04 09:30:55,2026-03-04 10:10:56,2,7.58,31.15,Dispute
2026-03-01 06:20:24,2026-03-01 06:34:29,5,13.91,45.88,No Charge
2026-03-03 15:24:04,2026-03-03 15:46:25,2,12.01,36.28,Dispute
2026-03-03 21:00:46,2026-03-03 21:18:38,5,13.63,38.61,Dispute
2026-03-06 07:09:30,2026-03-06 07:19:29,3,19.82,58.25,No Charge
2026-03-02 08:48:53,2026-03-02 09:03:55,4,10.9,34.72,Cash
2026-03-05 16:10:28,2026-03-05 16:30:01,2,1.11,8.9,Credit Card
2026-03-03 14:49:13,2026-03-03 15:31:03,3,3.96,14.41,Dispute
2026-03-05 12:41:32,2026-03-05 13:01:53,4,7.33,25.97,Credit Card
2026-03-02 22:52:10,2026-03-02 22:58:27,5,10.44,32.77,Cash
2026-03-06 17:27:38,2026-03-06 18:13:23,4,4.8,15.31,Cash
2026-03-03 04:49:20,2026-03-03 05:13:46,1,9.5,32.57,Cash
2026-03-02 20:49:15,2026-03-02 21:13:16,2,4.98,24.31,Dispute
2026-03-05 04:41:26,2026-03-05 05:06:29,4,22.82,61.6,No Charge
2026-03-01 09:35:10,2026-03-01 10:35:04,2,11.4,37.07,No Charge
2026-03-03 22:16:50,2026-03-03 23:08:24,4,8.78,30.05,Cash
2026-03-05 09:26:25,2026-03-05 10:25:20,2,17.82,50.3,Dispute
2026-03-02 05:58:07,2026-03-02 06:14:51,6,18.02,56.59,Cash
2026-03-05 03:45:22,2026-03-05 04:27:15,2,12.05,37.29,No Charge
2026-03-01 17:23:06,2026-03-01 18:15:04,3,14.2,41.04,Credit Card
2026-03-01 12:28:38,2026-03-01 12:36:14,2,21.95,65.51,No Charge
2026-03-04 23:11:11,2026-03-04 23:15:49,3,0.66,10.82,Credit Card
2026-03-01 19:10:35,2026-03-01 20:07:39,3,5.56,21.0,Credit Card
2026-03-01 20:25:31,2026-03-01 20:44:02,3,17.24,51.55,Cash
2026-03-01 17:14:59,2026-03-01 17:26:51,4,9.21,28.19,Dispute
2026-03-04 06:38:55,2026-03-04 07:31:34,4,9.45,27.6,Credit Card
2026-03-05 09:38:21,2026-03-05 10:11:39,5,19.02,51.08,Dispute
2026-03-07 07:28:21,2026-03-07 07:38:52,2,15.55,49.6,Cash
2026-03-06 02:57:03,2026-03-06 03:55:14,6,7.48,21.78,No Charge
2026-03-07 12:05:24,2026-03-07 12:51:00,6,9.45,35.63,Dispute
2026-03-05 04:08:42,2026-03-05 04:45:47,2,3.85,21.06,Credit Card
2026-03-05 08:27:41,2026-03-05 09:23:57,5,19.27,53.96,Credit Card
2026-03-02 01:19:23,2026-03-02 01:35:06,2,9.37,30.25,Credit Card
2026-03-04 01:17:34,2026-03-04 02:10:27,3,9.3,29.76,Dispute
2026-03-07 15:32:39,2026-03-07 16:10:47,1,10.83,38.62,Cash
2026-03-03 12:31:04,2026-03-03 12:48:43,6,12.2,-8.34,Dispute
2026-03-04 10:14:10,2026-03-04 10:23:54,5,19.04,57.63,Credit Card
2026-03-05 06:16:27,2026-03-05 06:57:36,4,21.34,62.02,Dispute
2026-03-03 06:13:35,2026-03-03 06:38:31,3,8.66,33.64,No Charge
2026-03-05 09:47:34,2026-03-05 10:41:29,1,9.15,30.15,Credit Card
2026-03-06 12:02:04,2026-03-06 12:54:52,5,24.05,71.45,No Charge
2026-03-02 01:25:29,2026-03-02 01:33:47,6,7.54,29.49,Dispute
2026-03-07 23:18:28,2026-03-07 23:57:38,2,24.77,68.92,No Charge
2026-03-07 17:47:47,2026-03-07 18:44:51,3,6.9,24.01,Credit Card
2026-03-05 23:49:19,2026-03-06 00:39:18,2,13.91,42.42,Dispute
2026-03-01 19:53:00,2026-03-01 20:21:55,6,20.86,61.76,Credit Card
2026-03-05 11:22:16,2026-03-05 11:37:56,4,11.96,37.21,No Charge
2026-03-07 16:29:36,2026-03-07 16:45:41,5,6.46,28.01,Cash
2026-03-02 01:44:38,2026-03-02 02:29:46,5,-2.42,1.52,Cash
2026-03-04 02:08:31,2026-03-04 02:21:09,2,6.24,22.4,Credit Card
2026-03-01 18:57:28,2026-03-01 19:26:42,4,23.45,66.37,No Charge
2026-03-05 15:51:17,2026-03-05 16:08:57,4,12.67,39.97,Dispute
2026-03-01 12:10:14,2026-03-01 13:09:41,4,5.37,19.02,No Charge
2026-03-04 07:26:15,2026-03-04 07:35:44,6,16.52,51.45,Cash
2026-03-01 07:58:58,2026-03-01 08:32:39,5,10.41,33.82,Dispute
2026-03-06 11:12:29,2026-03-06 11:47:36,2,7.63,25.12,Cash
2026-03-01 07:44:25,2026-03-01 08:10:53,5,-4.72,-6.33,Credit Card
2026-03-04 10:21:35,2026-03-04 10:30:13,3,17.26,51.02,Dispute
2026-03-04 08:24:50,2026-03-04 09:03:27,4,13.25,38.14,Cash
2026-03-01 19:43:13,2026-03-01 20:36:59,1,4.48,-8.49,Credit Card
2026-03-05 05:11:43,2026-03-05 05:16:29,5,7.87,25.62,No Charge
2026-03-07 23:15:00,2026-03-07 23:57:02,2,9.19,33.3,Dispute
2026-03-02 05:17:21,2026-03-02 05:35:17,5,13.41,40.48,Dispute
2026-03-02 11:31:23,2026-03-02 12:21:38,1,10.31,33.18,Dispute
2026-03-01 21:59:13,2026-03-01 22:02:18,2,1.41,12.93,Cash
2026-03-03 07:04:04,2026-03-03 07:09:18,1,11.92,-1.33,No Charge
2026-03-04 12:01:33,2026-03-04 12:14:13,6,5.72,24.29,Credit Card
2026-03-02 10:06:09,2026-03-02 10:29:19,3,17.07,52.46,Cash
2026-03-04 11:02:31,2026-03-04 11:11:37,6,3.98,13.23,No Charge
2026-03-01 03:21:59,2026-03-01 03:52:39,2,21.62,61.45,No Charge
2026-03-07 06:54:51,2026-03-07 07:48:18,1,7.82,24.06,Credit Card
2026-03-02 14:14:08,2026-03-02 14:19:17,2,1.41,13.25,Cash
2026-03-06 17:17:53,2026-03-06 17:45:45,6,10.15,34.51,No Charge
2026-03-01 07:43:32,2026-03-01 08:31:01,6,8.68,25.38,Credit Card
2026-03-04 23:33:59,2026-03-04 23:38:33,6,20.85,64.44,Cash
2026-03-01 23:08:00,2026-03-02 00:04:56,3,10.34,28.98,Cash
2026-03-07 04:44:24,2026-03-07 05:03:48,1,0.5,-8.84,No Charge
2026-03-03 04:59:43,2026-03-03 05:30:31,1,9.21,33.09,No Charge
2026-03-05 12:33:47,2026-03-05 13:30:01,5,13.2,-9.29,Dispute
2026-03-03 16:00:11,2026-03-03 16:19:54,6,8.41,28.38,Credit Card
2026-03-07 08:49:24,2026-03-07 09:41:43,3,15.84,46.6,Cash
2026-03-02 23:44:22,2026-03-03 00:02:09,3,8.02,24.43,No Charge
2026-03-04 01:59:56,2026-03-04 02:47:52,6,9.61,28.65,Dispute
2026-03-04 21:54:01,2026-03-04 22:21:32,6,14.86,45.99,Cash
2026-03-05 10:16:52,2026-03-05 10:40:49,1,13.9,39.38,Dispute
2026-03-03 15:39:15,2026-03-03 15:45:42,6,23.66,63.59,No Charge
2026-03-07 20:24:43,2026-03-07 20:52:57,2,23.41,62.35,Credit Card
2026-03-07 03:20:50,2026-03-07 03:26:41,2,10.79,39.94,Dispute
2026-03-03 19:21:55,2026-03-03 19:26:00,6,15.29,49.81,No Charge
2026-03-04 09:01:47,2026-03-04 09:33:19,4,15.18,46.47,Dispute
2026-03-07 19:22:03,2026-03-07 19:42:54,5,24.12,64.14,Cash
2026-03-06 21:01:08,2026-03-06 21:20:36,1,9.89,31.21,Credit Card
2026-03-05 17:53:07,2026-03-05 18:25:39,1,16.93,53.19,Cash
2026-03-07 10:26:10,2026-03-07 11:22:06,4,17.07,51.5,Credit Card
2026-03-05 13:19:43,2026-03-05 13:32:11,6,6.2,22.93,Cash
2026-03-06 09:10:41,2026-03-06 09:41:35,3,12.41,39.52,Dispute
2026-03-02 18:36:50,2026-03-02 19:16:02,5,10.16,28.48,Cash
2026-03-02 05:34:30,2026-03-02 06:01:32,1,12.09,43.05,No Charge
2026-03-04 21:17:18,2026-03-04 21:40:00,3,-2.14,6.63,No Charge
2026-03-05 12:45:18,2026-03-05 12:52:33,2,4.9,24.06,Dispute
2026-03-01 23:43:10,2026-03-01 23:55:30,2,6.71,21.05,Cash
2026-03-07 22:37:47,2026-03-07 23:37:10,2,18.1,54.32,No Charge
2026-03-01 14:52:20,2026-03-01 15:11:10,3,13.98,41.91,No Charge
2026-03-03 05:09:57,2026-03-03 05:31:00,3,25.0,70.22,Dispute
2026-03-03 07:37:26,2026-03-03 08:33:17,5,4.13,20.38,Cash
2026-03-01 20:03:31,2026-03-01 20:18:14,2,21.28,65.2,Cash
2026-03-04 15:57:23,2026-03-04 16:07:47,4,16.4,44.73,Cash
2026-03-07 04:28:26,2026-03-07 05:05:53,2,-4.46,-6.5,No Charge
2026-03-06 03:17:51,2026-03-06 03:34:32,2,21.74,60.92,Credit Card
2026-03-05 04:17:12,2026-03-05 04:55:17,5,18.16,49.65,Cash
2026-03-07 06:50:27,2026-03-07 07:01:37,4,19.19,59.55,Cash
2026-03-07 00:35:27,2026-03-07 00:45:19,2,6.03,-1.92,Cash
2026-03-04 12:38:04,2026-03-04 13:00:09,1,14.74,43.55,Cash
2026-03-04 20:47:24,2026-03-04 21:00:49,5,3.68,18.13,No Charge
2026-03-06 22:30:51,2026-03-06 23:19:05,1,-3.49,-0.54,Credit Card
2026-03-02 12:19:55,2026-03-02 13:14:49,2,18.01,54.45,Credit Card
2026-03-02 19:28:01,2026-03-02 19:48:04,5,7.7,28.57,No Charge
2026-03-06 08:33:51,2026-03-06 09:27:29,4,10.3,28.95,Cash
2026-03-04 21:45:13,2026-03-04 22:10:10,2,14.88,45.07,Credit Card
2026-03-02 09:42:06,2026-03-02 10:13:26,1,2.84,18.74,No Charge
2026-03-07 12:42:53,2026-03-07 13:07:14,6,16.3,47.76,Dispute
2026-03-05 03:17:28,2026-03-05 03:30:11,5,2.11,17.41,Credit Card
2026-03-06 23:52:46,2026-03-07 00:35:09,3,-0.56,8.9,Cash
2026-03-05 11:43:22,2026-03-05 12:30:12,3,3.5,13.46,Cash
2026-03-05 13:01:07,2026-03-05 13:17:15,6,3.49,-4.83,No Charge
2026-03-01 13:35:05,2026-03-01 14:11:12,2,11.32,35.42,Dispute
2026-03-05 03:03:57,2026-03-05 03:45:13,5,10.67,38.73,Dispute
2026-03-03 08:30:03,2026-03-03 08:41:26,4,12.46,34.36,No Charge
2026-03-05 07:12:54,2026-03-05 07:33:20,2,6.36,23.13,Dispute
2026-03-03 13:46:09,2026-03-03 14:34:53,6,20.45,57.72,Credit Card
2026-03-06 12:46:44,2026-03-06 13:22:14,5,2.99,20.3,No Charge
2026-03-03 21:34:35,2026-03-03 21:42:50,2,22.43,69.05,Credit Card
2026-03-05 23:46:21,2026-03-05 23:50:20,6,1.99,-4.33,No Charge
2026-03-07 01:32:37,2026-03-07 01:55:58,2,12.62,43.37,Dispute
2026-03-01 20:51:10,2026-03-01 21:31:13,4,10.38,29.57,Dispute
2026-03-02 17:26:11,2026-03-02 17:43:12,2,14.72,49.49,Cash
2026-03-06 08:42:50,2026-03-06 09:13:17,1,22.18,61.93,Dispute
2026-03-06 13:18:59,2026-03-06 13:30:26,2,15.21,45.15,No Charge
2026-03-04 20:19:48,2026-03-04 20:59:39,2,22.68,67.32,No Charge
2026-03-05 00:28:35,2026-03-05 01:25:25,4,9.71,27.73,Dispute
2026-03-04 18:18:12,2026-03-04 19:14:27,3,6.16,19.25,Dispute
2026-03-05 17:05:38,2026-03-05 17:45:04,5,21.9,63.26,Dispute
2026-03-04 21:59:56,2026-03-04 22:19:07,4,21.68,60.32,Cash
2026-03-02 19:11:55,2026-03-02 19:49:35,3,9.61,30.9,Credit Card
2026-03-03 04:00:50,2026-03-03 04:17:33,5,2.72,16.86,Cash
2026-03-04 11:10:02,2026-03-04 11:41:15,1,10.86,36.5,Credit Card
2026-03-02 05:10:25,2026-03-02 05:33:24,5,6.0,23.29,Dispute
2026-03-02 19:02:24,2026-03-02 19:50:01,4,8.01,-7.07,Cash
2026-03-05 23:45:20,2026-03-06 00:12:29,4,11.9,34.59,Dispute
2026-03-07 16:14:21,2026-03-07 16:58:45,4,-4.08,-1.0,Credit Card
2026-03-01 09:54:12,2026-03-01 10:39:59,2,22.11,66.33,Credit Card
2026-03-05 02:36:29,2026-03-05 02:49:37,6,10.5,38.82,Dispute
2026-03-06 22:27:51,2026-03-06 22:39:26,4,7.96,30.09,No Charge
2026-03-01 13:27:49,2026-03-01 14:11:24,2,15.83,49.73,Dispute
2026-03-06 05:01:44,2026-03-06 05:58:22,5,1.82,16.29,Cash
2026-03-03 03:41:45,2026-03-03 03:49:58,5,10.33,33.38,No Charge
2026-03-06 07:28:35,2026-03-06 08:27:41,3,4.68,16.69,Dispute
2026-03-07 14:22:02,2026-03-07 14:26:40,6,2.08,9.14,No Charge
2026-03-06 11:20:06,2026-03-06 11:57:34,5,7.65,31.99,Cash
2026-03-05 04:34:00,2026-03-05 05:05:55,4,13.13,44.57,No Charge
2026-03-02 08:16:23,2026-03-02 08:38:38,4,11.33,36.17,No Charge
2026-03-02 03:14:51,2026-03-02 03:24:15,1,9.16,35.05,Dispute
2026-03-03 11:38:51,2026-03-03 11:51:12,1,4.07,16.39,Cash
2026-03-03 01:06:24,2026-03-03 01:50:36,3,13.25,40.49,Dispute
2026-03-02 09:53:31,2026-03-02 10:01:32,5,1.32,15.85,Credit Card
2026-03-07 18:58:54,2026-03-07 19:47:59,1,6.34,23.78,Credit Card
2026-03-06 18:50:45,2026-03-06 18:56:36,4,22.69,65.54,No Charge
2026-03-05 19:15:52,2026-03-05 20:10:47,4,16.88,51.13,Credit Card
2026-03-02 06:25:17,2026-03-02 07:22:54,5,3.05,11.58,No Charge
2026-03-05 09:43:59,2026-03-05 10:36:02,2,0.94,13.09,Dispute
2026-03-04 09:49:35,2026-03-04 10:14:18,5,22.98,65.45,Cash
2026-03-02 04:02:04,2026-03-02 04:48:53,3,6.19,20.58,Credit Card
2026-03-02 20:26:00,2026-03-02 20:46:54,4,14.17,38.75,Dispute
2026-03-07 11:34:38,2026-03-07 12:06:16,6,14.18,41.43,Cash
2026-03-02 10:26:21,2026-03-02 10:33:22,3,1.99,12.73,Dispute
2026-03-01 12:11:24,2026-03-01 12:34:06,5,17.39,46.91,Dispute
2026-03-01 17:10:07,2026-03-01 18:05:49,4,13.29,40.87,Credit Card
2026-03-05 07:27:42,2026-03-05 08:09:44,4,24.89,69.93,Dispute
2026-03-02 08:03:03,2026-03-02 08:57:12,3,-2.46,-1.85,No Charge
2026-03-01 12:20:14,2026-03-01 13:12:07,4,17.76,50.35,Dispute
2026-03-05 09:07:38,2026-03-05 10:01:34,6,22.78,60.93,Cash
2026-03-07 17:21:41,2026-03-07 18:01:04,3,9.71,35.71,Cash
2026-03-02 02:18:52,2026-03-02 03:03:00,5,24.04,65.57,No Charge
2026-03-07 20:24:51,2026-03-07 20:49:08,6,0.78,14.61,Dispute
2026-03-04 03:43:39,2026-03-04 04:19:20,3,3.68,14.79,No Charge
2026-03-04 04:21:44,2026-03-04 04:51:55,4,7.4,23.1,No Charge
2026-03-03 01:24:26,2026-03-03 01:43:01,2,20.27,60.71,Dispute
2026-03-07 11:05:11,2026-03-07 11:19:59,1,2.99,18.33,Cash
2026-03-02 18:07:34,2026-03-02 18:31:40,4,9.55,27.85,Dispute
2026-03-05 16:02:46,2026-03-05 16:57:03,3,14.78,41.28,Cash
2026-03-06 13:38:24,2026-03-06 13:45:07,6,18.2,54.62,Cash
2026-03-01 16:43:10,2026-03-01 17:00:45,6,15.69,46.87,No Charge
2026-03-07 21:55:03,2026-03-07 22:29:06,1,2.02,9.89,Dispute
2026-03-03 18:27:05,2026-03-03 19:19:02,3,1.19,9.34,Credit Card
2026-03-07 19:05:03,2026-03-07 19:56:10,6,8.88,29.84,Cash
2026-03-02 08:09:57,2026-03-02 09:07:11,6,20.25,55.32,Cash
2026-03-03 05:38:05,2026-03-03 06:01:30,5,20.39,63.07,No Charge
2026-03-02 22:00:34,2026-03-02 22:08:23,3,10.19,34.39,Credit Card
2026-03-04 23:22:42,2026-03-04 23:31:13,2,7.0,26.93,Dispute
2026-03-07 04:23:08,2026-03-07 04:43:54,2,1.87,17.26,Cash
2026-03-03 19:58:31,2026-03-03 20:39:48,3,-3.05,3.73,Cash
2026-03-01 16:06:24,2026-03-01 16:51:45,1,16.87,52.11,Cash
2026-03-04 02:14:40,2026-03-04 02:50:44,4,9.64,29.17,Credit Card
2026-03-06 10:35:54,2026-03-06 10:50:53,5,22.08,61.53,No Charge
2026-03-04 08:43:02,2026-03-04 09:32:33,3,19.75,57.8,Dispute
2026-03-04 01:23:57,2026-03-04 01:30:43,4,20.05,54.9,Dispute
2026-03-02 01:37:10,2026-03-02 01:42:08,5,19.77,53.7,No Charge
2026-03-04 21:27:13,2026-03-04 21:39:45,1,7.79,23.68,Credit Card
2026-03-01 08:31:00,2026-03-01 09:21:18,5,6.59,-9.92,Cash
2026-03-02 15:12:12,2026-03-02 15:55:11,3,9.11,35.02,No Charge
2026-03-05 23:42:18,2026-03-06 00:41:53,4,16.74,48.61,No Charge
2026-03-04 17:21:08,2026-03-04 18:17:15,1,9.55,26.97,Credit Card
2026-03-07 03:36:00,2026-03-07 04:28:18,5,12.51,35.16,Cash
2026-03-01 03:27:03,2026-03-01 04:23:41,3,18.49,55.73,Cash
2026-03-04 09:25:15,2026-03-04 10:17:14,2,18.78,56.79,Dispute
2026-03-02 01:03:50,2026-03-02 01:35:43,4,24.69,65.8,Credit Card
2026-03-07 00:50:39,2026-03-07 00:58:16,2,8.83,31.33,Cash
2026-03-03 00:46:01,2026-03-03 01:42:02,1,11.44,37.89,No Charge
2026-03-06 16:28:15,2026-03-06 17:04:37,6,19.64,54.0,Cash
2026-03-02 20:28:47,2026-03-02 21:28:18,3,4.55,16.58,No Charge
2026-03-06 22:50:12,2026-03-06 22:54:16,3,17.18,47.17,No Charge
2026-03-03 09:05:08,2026-03-03 09:21:56,2,1.71,12.69,Cash
2026-03-02 12:06:27,2026-03-02 13:05:53,1,1.82,11.7,Dispute
2026-03-05 12:52:04,2026-03-05 13:02:22,6,17.18,46.73,No Charge
2026-03-07 11:49:45,2026-03-07 12:37:23,1,10.18,36.47,No Charge
2026-03-04 10:46:16,2026-03-04 10:54:27,6,6.92,21.41,Credit Card
2026-03-07 21:24:51,2026-03-07 21:52:55,2,13.91,47.41,Cash
2026-03-05 11:44:30,2026-03-05 12:10:32,4,5.01,16.81,Cash
2026-03-03 01:42:45,2026-03-03 02:22:04,6,23.3,64.05,Cash
2026-03-04 14:21:04,2026-03-04 15:14:43,6,23.48,70.98,Dispute
2026-03-02 16:25:02,2026-03-02 16:54:49,1,19.25,52.65,Credit Card
2026-03-06 08:44:34,2026-03-06 09:42:22,6,15.59,49.58,No Charge
2026-03-03 01:08:33,2026-03-03 01:52:07,5,-3.71,2.12,Dispute
2026-03-07 10:20:35,2026-03-07 10:30:15,3,14.16,39.2,Credit Card
2026-03-03 15:55:52,2026-03-03 16:14:35,4,11.5,32.02,Dispute
2026-03-07 06:12:10,2026-03-07 06:43:55,2,18.61,54.13,Cash
2026-03-05 04:45:31,2026-03-05 05:08:01,5,5.87,17.96,No Charge
2026-03-05 20:36:18,2026-03-05 21:21:11,5,5.35,18.86,Dispute
2026-03-05 04:00:36,2026-03-05 04:05:23,2,20.01,61.8,No Charge
2026-03-04 06:30:10,2026-03-04 07:02:37,5,10.07,32.02,No Charge
2026-03-03 00:22:21,2026-03-03 01:08:20,3,19.7,60.83,Credit Card
2026-03-03 05:45:29,2026-03-03 06:06:21,4,23.84,65.97,Dispute
2026-03-05 07:57:13,2026-03-05 08:27:31,6,13.71,39.72,Dispute
2026-03-07 15:22:26,2026-03-07 15:29:10,6,21.86,60.54,Credit Card
2026-03-05 02:04:22,2026-03-05 02:19:10,1,12.35,37.09,Cash
2026-03-06 08:24:06,2026-03-06 08:58:03,2,14.37,47.14,No Charge
2026-03-06 14:05:01,2026-03-06 15:02:46,1,2.11,16.27,Credit Card
2026-03-03 08:34:03,2026-03-03 08:38:40,1,7.5,30.35,Dispute
2026-03-04 22:32:50,2026-03-04 22:56:18,1,7.22,22.37,Dispute
2026-03-03 02:08:23,2026-03-03 02:11:25,3,21.92,59.07,Cash
2026-03-02 21:27:39,2026-03-02 22:09:43,5,21.0,-1.29,Cash
2026-03-07 15:59:51,2026-03-07 16:47:44,4,0.65,8.63,Credit Card
2026-03-06 22:51:57,2026-03-06 23:36:52,5,14.09,47.27,Dispute
2026-03-06 11:10:06,2026-03-06 11:22:24,4,0.97,8.62,Credit Card
2026-03-03 17:39:04,2026-03-03 18:04:50,1,2.54,17.75,No Charge
2026-03-04 15:55:38,2026-03-04 16:13:46,2,10.44,36.85,No Charge
2026-03-05 12:17:39,2026-03-05 12:35:15,5,16.36,44.11,No Charge
2026-03-03 16:18:54,2026-03-03 16:48:05,3,12.72,42.62,Credit Card
2026-03-04 12:55:25,2026-03-04 13:34:55,6,16.22,46.84,Dispute
2026-03-02 08:53:51,2026-03-02 09:43:23,5,13.93,41.18,Credit Card
2026-03-04 07:06:48,2026-03-04 07:22:58,2,22.03,65.68,Cash
2026-03-07 15:40:06,2026-03-07 16:15:21,1,17.76,56.25,Credit Card
2026-03-06 14:53:34,2026-03-06 15:47:18,2,23.54,65.4,Cash
2026-03-07 23:22:04,2026-03-08 00:11:09,1,3.52,21.2,Cash
2026-03-02 13:08:25,2026-03-02 13:24:21,5,3.36,18.62,Cash
2026-03-07 02:58:42,2026-03-07 03:49:38,1,20.58,55.96,Cash
2026-03-07 05:04:43,2026-03-07 05:21:10,6,3.15,16.64,No Charge
2026-03-05 01:48:17,2026-03-05 02:00:29,6,17.92,48.63,Credit Card
2026-03-06 11:08:15,2026-03-06 11:23:15,1,-3.47,1.75,No Charge
2026-03-03 19:11:28,2026-03-03 19:53:18,2,24.62,69.66,No Charge
2026-03-02 12:45:37,2026-03-02 13:20:48,2,6.63,19.88,Cash
2026-03-01 12:26:39,2026-03-01 13:13:34,6,17.88,54.92,Credit Card
2026-03-01 22:20:06,2026-03-01 22:59:02,3,8.59,29.88,Cash
2026-03-07 12:40:23,2026-03-07 13:25:21,2,23.65,67.01,Dispute
2026-03-07 05:35:22,2026-03-07 06:04:56,6,-2.46,5.34,Dispute
2026-03-05 19:39:00,2026-03-05 20:26:57,6,16.94,46.67,No Charge
2026-03-01 14:40:48,2026-03-01 15:03:06,3,8.92,-1.33,No Charge
2026-03-02 19:41:32,2026-03-02 20:35:44,4,-0.3,9.84,Cash
2026-03-02 07:58:23,2026-03-02 08:08:07,1,10.05,30.84,Cash
2026-03-06 17:45:07,2026-03-06 18:20:27,5,14.69,46.29,Credit Card
2026-03-03 20:47:09,2026-03-03 21:32:11,5,15.35,43.61,Dispute
2026-03-01 16:29:08,2026-03-01 16:37:00,1,8.64,30.45,No Charge
2026-03-04 08:12:41,2026-03-04 08:22:23,6,2.56,18.64,Dispute
2026-03-04 06:25:06,2026-03-04 06:59:36,2,17.27,53.01,No Charge
2026-03-03 08:53:23,2026-03-03 09:32:26,6,17.78,51.68,No Charge
2026-03-05 15:42:09,2026-03-05 16:37:46,3,4.21,13.77,Dispute
2026-03-03 10:30:02,2026-03-03 10:50:07,1,4.01,18.1,Cash
2026-03-01 02:44:57,2026-03-01 03:36:53,1,12.12,40.57,Cash
2026-03-07 13:49:19,2026-03-07 14:28:52,6,24.97,68.09,No Charge
2026-03-03 12:34:58,2026-03-03 13:26:56,4,23.57,62.14,No Charge
2026-03-02 16:31:43,2026-03-02 17:26:46,3,6.38,26.17,Dispute
2026-03-07 02:47:45,2026-03-07 02:51:06,2,15.02,-9.94,Dispute
2026-03-02 02:29:16,2026-03-02 03:03:51,5,3.9,19.79,Dispute
2026-03-05 11:48:31,2026-03-05 12:28:57,2,16.02,44.93,No Charge
2026-03-05 05:26:39,2026-03-05 05:39:28,3,21.27,65.42,No Charge
2026-03-03 14:24:25,2026-03-03 14:28:47,6,9.49,26.78,No Charge
2026-03-02 05:54:31,2026-03-02 06:41:50,6,2.34,16.37,No Charge
2026-03-02 21:53:49,2026-03-02 22:20:40,3,10.52,37.1,Cash
2026-03-07 22:34:53,2026-03-07 23:15:50,1,24.13,68.52,Cash
2026-03-06 20:54:09,2026-03-06 21:24:44,1,6.68,21.9,No Charge
2026-03-04 11:19:08,2026-03-04 11:32:44,4,15.15,46.3,Credit Card
2026-03-06 13:06:43,2026-03-06 13:54:28,4,21.55,61.08,Dispute
2026-03-04 02:05:27,2026-03-04 03:02:50,1,22.44,69.05,No Charge
2026-03-07 18:44:48,2026-03-07 18:47:58,3,15.65,43.06,Cash
2026-03-01 08:13:28,2026-03-01 09:10:19,2,13.75,37.82,Credit Card
2026-03-03 02:00:21,2026-03-03 02:34:29,4,11.76,-6.21,No Charge
2026-03-01 07:45:45,2026-03-01 08:03:39,6,3.61,20.53,Cash
2026-03-01 14:41:20,2026-03-01 15:12:02,4,21.04,58.76,Cash
2026-03-06 04:37:01,2026-03-06 04:47:20,3,11.84,38.93,No Charge
2026-03-03 16:24:47,2026-03-03 16:45:46,2,7.53,30.62,No Charge
2026-03-07 16:26:47,2026-03-07 17:18:58,3,22.06,59.52,Cash
2026-03-05 10:35:59,2026-03-05 11:01:28,5,2.25,16.08,Credit Card
2026-03-02 20:12:42,2026-03-02 20:20:30,5,19.11,51.27,Cash
2026-03-04 01:34:56,2026-03-04 02:11:34,5,4.54,17.98,Cash
2026-03-03 23:19:13,2026-03-03 23:57:40,6,6.55,23.92,Dispute
2026-03-06 08:36:53,2026-03-06 09:10:18,5,15.23,47.17,Credit Card
2026-03-02 03:32:20,2026-03-02 04:07:16,2,18.68,58.06,No Charge
2026-03-02 04:16:19,2026-03-02 04:37:52,2,7.28,30.3,Credit Card
2026-03-05 23:21:20,2026-03-06 00:03:06,2,14.32,39.69,Cash
2026-03-05 22:33:11,2026-03-05 23:09:15,3,22.8,63.21,Credit Card
2026-03-07 16:16:07,2026-03-07 16:44:09,6,0.85,8.6,No Charge
2026-03-07 11:22:26,2026-03-07 12:12:35,2,13.22,38.92,Cash
2026-03-07 06:00:44,2026-03-07 06:56:05,2,20.86,59.22,Dispute
2026-03-02 16:59:21,2026-03-02 17:13:03,3,19.01,55.58,No Charge
2026-03-01 03:07:26,2026-03-01 03:48:52,3,12.05,35.23,Credit Card
2026-03-06 13:31:05,2026-03-06 13:38:32,3,12.64,38.12,Credit Card
2026-03-07 10:52:45,2026-03-07 11:15:46,2,24.21,-4.05,No Charge
2026-03-07 14:21:21,2026-03-07 15:07:28,3,8.73,34.15,Dispute
2026-03-04 14:05:52,2026-03-04 14:42:40,6,20.63,57.01,Dispute
2026-03-07 20:41:22,2026-03-07 21:35:05,6,15.11,44.33,Dispute
2026-03-05 12:01:21,2026-03-05 12:13:56,2,9.84,31.45,Cash
2026-03-02 13:32:30,2026-03-02 14:32:24,1,18.75,57.69,Cash
2026-03-04 22:28:54,2026-03-04 23:27:22,6,18.65,52.71,Credit Card
2026-03-05 03:07:10,2026-03-05 03:22:01,5,12.24,35.09,Credit Card
2026-03-04 15:26:48,2026-03-04 15:48:41,3,24.61,70.95,Credit Card
2026-03-04 22:23:06,2026-03-04 22:29:14,1,22.0,66.1,Cash
2026-03-03 04:42:26,2026-03-03 05:17:46,3,1.81,7.83,No Charge
2026-03-03 19:13:49,2026-03-03 19:56:36,1,21.22,64.22,No Charge
2026-03-01 20:42:38,2026-03-01 20:59:44,4,0.65,10.62,No Charge
2026-03-06 20:33:18,2026-03-06 20:45:31,6,12.29,37.92,Cash
2026-03-05 06:27:04,2026-03-05 06:31:30,6,10.14,36.38,No Charge
2026-03-02 19:54:37,2026-03-02 20:46:40,2,-0.82,9.34,Credit Card
2026-03-07 14:28:19,2026-03-07 14:39:31,2,19.95,56.11,No Charge
2026-03-03 07:04:00,2026-03-03 07:08:03,3,3.48,12.81,Credit Card
2026-03-05 05:09:28,2026-03-05 05:19:58,1,23.42,61.91,No Charge
2026-03-03 14:08:06,2026-03-03 14:57:25,1,14.37,-4.48,Credit Card
2026-03-07 17:15:53,2026-03-07 17:20:51,5,-4.04,1.08,Cash
2026-03-06 17:10:34,2026-03-06 17:37:52,5,9.86,-2.23,No Charge
2026-03-07 22:12:36,2026-03-07 23:09:57,1,14.31,39.29,Dispute
2026-03-01 17:02:29,2026-03-01 17:55:42,4,24.1,64.71,Credit Card
2026-03-05 07:36:47,2026-03-05 08:04:38,1,4.42,17.12,No Charge
2026-03-07 19:06:26,2026-03-07 19:47:22,5,7.01,20.75,Dispute
2026-03-02 12:46:29,2026-03-02 13:01:58,4,10.23,31.26,Dispute
2026-03-03 15:13:53,2026-03-03 15:43:33,1,10.06,35.47,Credit Card
2026-03-05 02:37:46,2026-03-05 02:58:59,6,5.52,21.91,Credit Card
2026-03-06 06:58:19,2026-03-06 07:25:11,5,21.62,65.66,No Charge
2026-03-03 10:29:52,2026-03-03 10:35:17,3,4.13,16.26,No Charge
2026-03-05 22:01:00,2026-03-05 22:15:27,1,8.88,34.72,Cash
2026-03-04 21:02:35,2026-03-04 21:29:53,6,22.38,59.82,Cash
2026-03-02 19:34:50,2026-03-02 20:01:52,1,14.83,46.14,Dispute
2026-03-06 06:21:46,2026-03-06 07:10:33,4,21.21,61.89,Cash
2026-03-04 10:35:45,2026-03-04 11:33:11,2,18.71,51.82,Cash
2026-03-02 10:10:08,2026-03-02 10:19:38,1,6.91,23.93,Cash
2026-03-03 14:02:53,2026-03-03 14:13:38,5,12.2,33.54,No Charge
2026-03-01 22:28:52,2026-03-01 23:27:03,2,21.88,67.21,Dispute
2026-03-06 23:16:47,2026-03-07 00:10:43,2,23.36,65.54,No Charge
2026-03-02 07:23:51,2026-03-02 08:05:30,6,20.66,57.9,No Charge
2026-03-04 10:31:03,2026-03-04 10:43:52,2,12.98,45.03,Dispute
2026-03-07 10:06:32,2026-03-07 10:44:49,6,18.23,48.95,Credit Card
2026-03-07 01:31:59,2026-03-07 01:36:48,6,11.0,37.85,No Charge
2026-03-02 03:37:23,2026-03-02 04:11:29,2,3.32,19.15,No Charge
2026-03-06 01:23:21,2026-03-06 02:19:40,4,19.7,-7.75,Credit Card
2026-03-03 08:29:49,2026-03-03 09:16:23,3,4.11,14.26,Credit Card
2026-03-04 06:11:37,2026-03-04 06:21:12,2,-0.88,-4.16,Cash
2026-03-06 05:08:41,2026-03-06 06:04:36,2,6.79,20.33,Credit Card
2026-03-07 00:30:03,2026-03-07 01:29:24,6,19.24,57.79,No Charge
2026-03-07 02:18:30,2026-03-07 03:11:32,3,10.69,31.76,Credit Card
2026-03-07 00:20:14,2026-03-07 00:51:30,2,12.03,38.49,Cash
2026-03-05 08:49:43,2026-03-05 09:19:04,3,-4.49,-0.31,No Charge
2026-03-07 11:31:27,2026-03-07 12:20:38,5,11.1,32.62,No Charge
2026-03-04 14:38:34,2026-03-04 15:34:36,5,24.53,73.76,No Charge
2026-03-04 12:17:27,2026-03-04 13:13:29,4,14.13,40.41,Cash
2026-03-06 09:52:17,2026-03-06 10:08:06,1,18.21,54.36,Dispute
2026-03-01 07:24:01,2026-03-01 07:57:43,1,1.31,13.34,No Charge
2026-03-02 06:03:18,2026-03-02 06:52:42,6,13.16,45.86,Credit Card
2026-03-01 17:52:24,2026-03-01 18:34:03,6,5.74,19.34,Dispute
2026-03-06 08:56:04,2026-03-06 09:27:21,4,23.12,65.63,Dispute
2026-03-01 13:12:46,2026-03-01 13:58:44,4,7.82,23.54,Dispute
2026-03-02 20:39:46,2026-03-02 21:27:57,3,6.81,22.08,Cash
2026-03-07 12:59:50,2026-03-07 13:08:04,6,21.43,65.83,Credit Card
2026-03-03 03:38:48,2026-03-03 04:35:54,4,8.36,33.19,Credit Card
2026-03-01 18:26:02,2026-03-01 18:52:39,4,9.43,35.24,No Charge
2026-03-05 11:29:31,2026-03-05 12:27:30,5,10.62,37.78,Credit Card
2026-03-06 08:32:07,2026-03-06 09:12:32,6,13.94,-5.15,No Charge
2026-03-03 07:34:27,2026-03-03 07:54:35,4,9.38,31.23,Cash
2026-03-06 19:45:05,2026-03-06 19:57:41,6,23.07,69.3,Dispute
2026-03-06 06:11:47,2026-03-06 06:42:01,2,4.75,22.37,No Charge
2026-03-02 10:52:06,2026-03-02 11:51:41,1,10.23,29.9,No Charge
2026-03-03 07:02:54,2026-03-03 07:42:19,4,10.74,-5.49,Credit Card
2026-03-01 14:49:13,2026-03-01 15:42:53,5,10.64,36.56,Credit Card
2026-03-02 04:10:11,2026-03-02 04:48:57,4,11.99,35.37,Dispute
2026-03-04 22:14:01,2026-03-04 23:02:37,6,6.38,23.41,Credit Card
2026-03-07 20:47:45,2026-03-07 21:09:58,2,4.86,16.83,Dispute
2026-03-03 00:08:59,2026-03-03 00:16:11,6,18.79,59.58,Cash
2026-03-04 18:07:46,2026-03-04 18:46:22,5,23.46,68.19,No Charge
2026-03-03 04:36:35,2026-03-03 05:25:33,5,5.01,22.64,No Charge
2026-03-01 16:42:33,2026-03-01 16:50:47,4,2.06,11.14,Cash
2026-03-07 03:33:16,2026-03-07 04:02:17,4,21.65,61.31,Cash
2026-03-05 04:18:13,2026-03-05 05:00:38,5,12.49,35.63,Dispute
2026-03-02 02:44:30,2026-03-02 03:31:06,2,9.28,27.99,Credit Card
2026-03-04 14:24:01,2026-03-04 15:06:14,4,15.29,44.15,Cash
2026-03-06 22:24:29,2026-03-06 22:51:43,1,11.37,39.67,Cash
2026-03-01 01:27:16,2026-03-01 01:38:46,3,14.77,49.1,No Charge
2026-03-05 03:26:44,2026-03-05 04:07:25,3,16.03,49.47,Dispute
2026-03-06 03:39:28,2026-03-06 04:31:02,3,1.05,7.92,Dispute
2026-03-06 06:56:41,2026-03-06 07:19:27,1,7.68,30.35,Dispute
2026-03-05 10:43:05,2026-03-05 11:11:04,5,17.34,46.68,Cash
2026-03-02 07:12:13,2026-03-02 07:49:48,1,17.97,-0.27,No Charge
2026-03-02 09:29:31,2026-03-02 09:52:03,3,20.55,56.2,Credit Card
2026-03-03 15:57:00,2026-03-03 16:49:48,1,1.05,13.35,Dispute
2026-03-05 20:41:26,2026-03-05 21:07:12,4,1.74,16.06,Credit Card
2026-03-03 03:17:37,2026-03-03 04:05:55,5,21.34,60.64,Credit Card
2026-03-04 09:32:15,2026-03-04 10:30:35,2,4.34,21.64,Credit Card
2026-03-04 23:27:30,2026-03-05 00:15:47,5,8.73,27.27,Dispute
2026-03-06 16:30:46,2026-03-06 16:48:23,2,20.78,64.17,Credit Card
2026-03-07 08:02:44,2026-03-07 08:42:41,6,20.68,60.46,Cash
2026-03-02 11:37:50,2026-03-02 12:10:00,3,8.14,24.02,Dispute
2026-03-06 04:07:14,2026-03-06 05:00:33,4,22.45,64.49,No Charge
2026-03-01 23:18:06,2026-03-01 23:39:53,5,16.16,53.28,Credit Card
2026-03-03 12:41:15,2026-03-03 13:08:09,4,20.9,63.99,Cash
2026-03-01 20:45:01,2026-03-01 21:30:47,3,0.96,11.49,Cash
2026-03-04 23:38:03,2026-03-05 00:27:24,4,12.47,39.52,Dispute
2026-03-02 06:09:44,2026-03-02 06:56:29,1,22.86,68.98,Credit Card
2026-03-07 05:02:24,2026-03-07 05:42:00,2,3.36,19.85,Credit Card
2026-03-05 02:10:11,2026-03-05 03:07:50,6,18.4,54.06,No Charge
2026-03-07 03:48:28,2026-03-07 04:00:52,3,21.07,61.3,Dispute
2026-03-03 11:01:13,2026-03-03 11:30:47,2,6.33,25.69,No Charge
2026-03-04 16:09:30,2026-03-04 16:26:03,4,18.94,56.79,No Charge
2026-03-05 16:08:40,2026-03-05 16:19:46,4,8.36,28.06,No Charge
2026-03-02 19:32:38,2026-03-02 20:28:14,2,16.48,45.58,Cash
2026-03-02 15:42:35,2026-03-02 16:35:30,2,12.94,39.77,Credit Card
2026-03-01 13:36:29,2026-03-01 13:52:59,3,0.97,5.67,No Charge
2026-03-02 09:29:06,2026-03-02 09:58:20,2,2.66,11.49,Credit Card
2026-03-03 12:18:14,2026-03-03 12:33:16,4,11.31,40.35,Cash
2026-03-02 04:27:43,2026-03-02 04:57:09,2,24.35,70.83,Cash
2026-03-04 05:35:51,2026-03-04 06:01:44,6,10.2,31.11,No Charge
2026-03-04 23:51:35,2026-03-05 00:16:16,6,18.75,54.69,Cash
2026-03-01 12:52:01,2026-03-01 13:04:15,3,2.12,12.79,No Charge
2026-03-05 01:27:51,2026-03-05 01:44:23,4,12.61,35.95,No Charge
2026-03-06 01:52:35,2026-03-06 02:44:29,5,9.87,27.93,Cash
2026-03-06 12:02:28,2026-03-06 12:13:39,3,5.31,19.5,Credit Card
2026-03-03 09:19:32,2026-03-03 10:18:13,3,16.28,53.13,No Charge
2026-03-06 08:21:36,2026-03-06 08:32:33,5,23.32,62.41,Cash
2026-03-04 12:49:59,2026-03-04 13:25:44,6,11.56,36.17,Credit Card
2026-03-04 15:43:12,2026-03-04 16:12:32,3,10.95,39.56,No Charge
2026-03-05 16:38:57,2026-03-05 17:18:57,4,6.92,23.38,Cash
2026-03-06 15:11:35,2026-03-06 15:27:05,5,18.21,49.5,Credit Card
2026-03-06 15:31:26,2026-03-06 15:39:27,1,6.51,25.0,Credit Card
2026-03-02 18:17:43,2026-03-02 18:32:09,3,-1.91,4.91,Dispute
2026-03-01 17:55:33,2026-03-01 17:58:48,6,5.9,24.36,Credit Card
2026-03-02 10:57:06,2026-03-02 11:48:45,3,-3.04,3.4,No Charge
2026-03-04 06:57:18,2026-03-04 07:38:53,1,5.16,22.21,Cash
2026-03-03 19:05:45,2026-03-03 19:41:12,5,22.78,64.16,No Charge
2026-03-01 22:25:59,2026-03-01 22:52:09,3,18.23,56.57,Credit Card
2026-03-04 19:52:24,2026-03-04 20:33:01,3,16.55,51.34,No Charge
2026-03-06 01:02:38,2026-03-06 01:06:49,5,14.8,47.92,Dispute
2026-03-01 12:38:41,2026-03-01 13:23:25,1,0.68,11.34,Dispute
2026-03-01 01:16:26,2026-03-01 01:32:52,5,8.63,31.85,No Charge
2026-03-02 07:17:17,2026-03-02 07:31:46,1,21.17,63.95,Credit Card
2026-03-07 12:16:43,2026-03-07 12:30:28,2,12.15,41.08,Dispute
2026-03-06 10:04:22,2026-03-06 10:16:34,1,2.18,12.53,No Charge
2026-03-06 03:15:35,2026-03-06 03:47:10,6,8.2,25.33,No Charge
2026-03-01 18:21:01,2026-03-01 19:11:42,5,14.53,43.29,No Charge
2026-03-06 09:56:45,2026-03-06 10:53:11,3,23.62,67.35,Cash
2026-03-02 18:39:10,2026-03-02 19:20:26,2,11.0,34.64,No Charge
2026-03-03 07:05:03,2026-03-03 07:13:58,4,12.14,36.84,Credit Card
2026-03-03 05:34:33,2026-03-03 05:51:40,1,10.3,35.99,No Charge
2026-03-02 05:04:47,2026-03-02 05:11:19,5,8.58,27.23,Cash
2026-03-01 03:26:52,2026-03-01 04:09:45,5,18.86,50.48,Dispute
2026-03-04 06:00:20,2026-03-04 06:42:53,1,11.7,33.69,Dispute
2026-03-07 17:07:45,2026-03-07 17:44:50,5,23.08,70.43,Cash
2026-03-04 14:00:55,2026-03-04 14:07:45,4,11.04,39.7,Cash
2026-03-01 00:52:26,2026-03-01 01:21:40,2,19.93,58.66,Credit Card
2026-03-06 15:56:13,2026-03-06 16:03:22,6,20.11,61.69,Cash
2026-03-03 10:14:06,2026-03-03 11:11:44,4,12.72,36.35,Credit Card
2026-03-06 05:07:04,2026-03-06 05:54:51,2,19.61,61.88,Cash
2026-03-05 07:28:32,2026-03-05 07:58:59,3,24.69,67.97,No Charge
2026-03-07 08:18:50,2026-03-07 09:01:59,6,-1.25,3.31,Cash
2026-03-07 22:37:36,2026-03-07 23:00:55,5,12.04,41.27,Dispute
2026-03-02 11:05:04,2026-03-02 11:23:38,3,8.27,31.57,Cash
2026-03-04 21:12:45,2026-03-04 21:52:47,1,12.85,43.64,No Charge
2026-03-06 07:24:28,2026-03-06 08:21:08,4,10.86,36.45,No Charge
2026-03-01 01:21:02,2026-03-01 01:56:39,4,4.4,22.53,Cash
2026-03-01 04:43:12,2026-03-01 04:59:24,4,13.48,41.36,No Charge
2026-03-06 01:22:52,2026-03-06 01:32:43,5,9.53,33.73,Credit Card
2026-03-03 09:27:09,2026-03-03 10:05:25,4,8.55,31.33,No Charge
2026-03-03 15:49:59,2026-03-03 16:37:13,6,15.53,49.8,Dispute
2026-03-03 20:26:35,2026-03-03 20:57:53,4,2.86,11.07,Cash
2026-03-07 18:15:44,2026-03-07 18:44:24,2,6.95,27.93,Cash
2026-03-04 02:50:59,2026-03-04 03:50:55,1,7.8,24.28,Cash
2026-03-02 01:05:10,2026-03-02 01:09:22,2,10.53,35.45,Credit Card
2026-03-02 16:12:19,2026-03-02 17:08:33,4,16.67,53.85,Cash
2026-03-04 10:17:59,2026-03-04 10:52:18,6,13.24,42.78,Credit Card
2026-03-05 16:29:48,2026-03-05 17:22:14,5,-0.45,5.33,Credit Card
2026-03-06 21:01:59,2026-03-06 21:20:25,4,2.34,16.28,Cash
2026-03-05 06:28:42,2026-03-05 07:11:03,5,14.99,41.22,No Charge
2026-03-04 23:07:03,2026-03-05 00:01:05,6,2.79,14.74,Credit Card
2026-03-03 09:20:55,2026-03-03 09:29:59,4,0.67,7.35,No Charge
2026-03-07 16:22:39,2026-03-07 16:47:14,2,14.86,49.66,Dispute
2026-03-01 03:28:24,2026-03-01 04:07:10,2,2.16,11.71,Credit Card
2026-03-03 03:46:21,2026-03-03 04:28:07,2,8.11,31.1,No Charge
2026-03-07 08:50:53,2026-03-07 09:50:03,2,23.26,61.27,Credit Card
2026-03-03 04:33:27,2026-03-03 04:47:39,4,5.11,21.65,Dispute
2026-03-06 00:44:18,2026-03-06 01:34:36,5,11.05,39.84,Credit Card
2026-03-03 19:26:55,2026-03-03 19:54:20,4,15.84,43.76,No Charge
2026-03-05 15:29:04,2026-03-05 16:18:58,3,11.55,34.25,Cash
2026-03-03 09:47:01,2026-03-03 10:41:52,5,10.05,31.76,Cash
2026-03-03 10:37:50,2026-03-03 11:08:34,5,23.39,65.32,No Charge
2026-03-04 09:15:24,2026-03-04 09:43:49,2,19.6,58.41,Cash
2026-03-03 01:04:50,2026-03-03 01:15:10,4,7.44,24.48,Dispute
2026-03-07 09:58:43,2026-03-07 10:47:59,6,-0.23,2.61,No Charge
2026-03-01 07:25:22,2026-03-01 07:32:20,4,11.74,39.7,Cash
2026-03-07 00:36:02,2026-03-07 00:56:09,2,13.62,42.79,Credit Card
2026-03-06 18:50:51,2026-03-06 19:20:36,1,4.68,24.16,No Charge
2026-03-03 09:25:26,2026-03-03 09:44:51,4,7.53,-1.04,Dispute
2026-03-03 06:09:21,2026-03-03 06:31:31,2,19.82,55.47,No Charge
2026-03-04 08:34:00,2026-03-04 08:54:41,2,13.71,39.54,Cash
2026-03-03 23:16:41,2026-03-04 00:08:43,5,9.75,35.65,Credit Card
2026-03-05 13:21:16,2026-03-05 13:29:14,6,17.84,55.21,Cash
2026-03-04 10:14:37,2026-03-04 10:26:43,4,21.98,64.96,No Charge
2026-03-03 13:47:22,2026-03-03 14:21:50,1,19.25,58.97,Dispute
2026-03-02 01:55:09,2026-03-02 02:08:46,3,12.35,35.29,Credit Card
2026-03-01 07:53:11,2026-03-01 08:35:37,3,17.92,49.91,Credit Card
2026-03-02 05:05:35,2026-03-02 05:41:57,2,21.36,65.59,No Charge
2026-03-07 01:03:53,2026-03-07 01:30:01,5,4.48,21.79,Cash
2026-03-04 04:24:56,2026-03-04 04:49:49,1,4.51,16.68,Cash
2026-03-01 14:28:59,2026-03-01 14:52:04,2,10.61,39.36,Dispute
2026-03-06 09:55:29,2026-03-06 10:18:26,5,5.14,19.54,No Charge
2026-03-05 07:42:24,2026-03-05 07:51:46,4,6.4,25.86,Credit Card
2026-03-07 11:08:36,2026-03-07 11:18:56,5,4.32,21.14,Cash
2026-03-02 12:06:35,2026-03-02 12:56:30,2,7.68,31.65,Cash
2026-03-05 08:50:53,2026-03-05 09:01:12,6,-3.02,5.37,No Charge
2026-03-07 16:16:28,2026-03-07 16:28:20,4,20.13,56.3,Cash
2026-03-06 05:37:40,2026-03-06 05:47:48,5,18.37,49.87,No Charge
2026-03-01 04:20:47,2026-03-01 05:11:44,1,14.27,40.42,Dispute
2026-03-07 07:45:58,2026-03-07 08:23:41,5,7.06,24.09,Cash
2026-03-03 20:30:09,2026-03-03 21:23:38,2,23.27,61.62,Cash
2026-03-05 01:11:21,2026-03-05 01:56:26,6,17.52,56.58,Credit Card
2026-03-04 02:36:43,2026-03-04 03:31:59,1,19.43,61.38,Dispute
2026-03-04 18:40:57,2026-03-04 19:38:26,4,11.19,32.69,No Charge
2026-03-03 19:27:33,2026-03-03 20:06:44,4,18.7,50.17,Cash
2026-03-06 12:13:29,2026-03-06 12:58:38,4,14.28,43.6,No Charge
2026-03-05 17:35:57,2026-03-05 18:20:44,4,4.01,20.99,Credit Card
2026-03-02 07:17:12,2026-03-02 07:21:30,1,12.61,40.38,No Charge
2026-03-02 19:21:04,2026-03-02 19:44:54,4,13.17,42.49,Dispute
2026-03-01 05:28:44,2026-03-01 05:54:15,6,-4.87,-1.11,Dispute
2026-03-04 11:04:04,2026-03-04 11:59:29,6,-4.98,-6.33,Dispute
2026-03-06 18:16:57,2026-03-06 18:29:44,2,21.03,58.69,Cash
2026-03-02 18:40:10,2026-03-02 19:39:48,4,16.7,47.33,Dispute
2026-03-07 16:44:17,2026-03-07 16:54:58,1,23.17,69.22,Cash
2026-03-06 05:00:37,2026-03-06 05:59:24,4,8.97,26.17,Credit Card
2026-03-07 00:40:49,2026-03-07 01:29:23,4,3.38,18.41,Cash
2026-03-04 09:19:46,2026-03-04 10:15:30,2,15.09,49.26,Cash
2026-03-01 11:43:45,2026-03-01 12:00:25,1,10.58,35.41,Cash
2026-03-02 09:27:01,2026-03-02 09:31:38,1,19.15,56.53,Dispute
2026-03-04 23:15:45,2026-03-05 00:07:03,2,11.78,33.9,Cash
2026-03-03 00:29:53,2026-03-03 01:24:29,1,-1.63,1.16,No Charge
2026-03-05 03:33:59,2026-03-05 03:53:27,3,3.87,16.99,No Charge
2026-03-02 22:08:32,2026-03-02 22:38:23,1,17.45,55.26,No Charge
2026-03-06 17:52:48,2026-03-06 18:24:36,5,8.17,26.1,Credit Card
2026-03-05 08:38:44,2026-03-05 09:16:09,2,24.45,66.29,Dispute
2026-03-04 15:57:22,2026-03-04 16:22:48,2,9.97,29.53,No Charge
2026-03-05 23:58:51,2026-03-06 00:38:52,4,23.99,69.54,No Charge
2026-03-05 10:35:12,2026-03-05 11:12:46,5,21.58,63.93,No Charge
2026-03-04 07:33:56,2026-03-04 08:18:31,4,3.37,18.04,Credit Card
2026-03-03 13:38:55,2026-03-03 14:06:55,5,24.8,71.3,Credit Card
2026-03-03 02:46:04,2026-03-03 03:12:42,5,6.55,23.73,Cash
2026-03-01 23:04:51,2026-03-01 23:10:42,1,10.64,37.84,Cash
2026-03-02 03:52:40,2026-03-02 04:22:08,2,4.76,17.97,Dispute
2026-03-03 01:37:49,2026-03-03 02:05:25,5,6.07,20.2,Cash
2026-03-05 18:22:11,2026-03-05 18:59:01,4,15.4,45.19,Credit Card
2026-03-04 06:30:15,2026-03-04 07:00:56,6,15.29,46.91,Dispute
2026-03-07 16:10:14,2026-03-07 16:18:39,3,21.81,67.03,Cash
2026-03-06 20:40:36,2026-03-06 21:31:25,2,19.83,-0.28,Cash
2026-03-01 11:45:45,2026-03-01 12:39:28,5,-1.97,6.83,Dispute
2026-03-01 10:55:42,2026-03-01 11:01:38,6,8.41,29.62,Credit Card
2026-03-02 04:34:30,2026-03-02 04:46:34,1,20.81,64.62,Cash
2026-03-02 21:18:43,2026-03-02 21:35:20,5,-0.3,3.97,Dispute
2026-03-06 16:09:30,2026-03-06 16:32:10,1,21.24,65.6,Credit Card
2026-03-03 09:03:05,2026-03-03 09:29:44,1,2.03,12.01,Dispute
2026-03-06 21:09:16,2026-03-06 21:47:04,1,6.83,26.14,No Charge
2026-03-03 14:46:26,2026-03-03 15:29:27,6,23.67,63.04,Credit Card
2026-03-02 12:39:16,2026-03-02 13:10:09,4,15.62,49.66,Cash
2026-03-04 10:16:11,2026-03-04 11:03:19,3,20.27,54.94,Dispute
2026-03-07 19:24:45,2026-03-07 20:18:52,3,18.34,57.25,No Charge
2026-03-02 03:00:41,2026-03-02 03:26:27,3,16.54,-8.49,Dispute
2026-03-01 18:32:20,2026-03-01 18:38:28,6,11.23,40.34,No Charge
2026-03-02 04:37:53,2026-03-02 05:02:15,3,20.74,59.51,Credit Card
2026-03-01 00:03:37,2026-03-01 00:36:10,6,5.6,-5.72,Cash
2026-03-05 05:02:08,2026-03-05 05:27:47,1,23.58,65.91,Cash
2026-03-04 00:26:46,2026-03-04 00:51:57,3,24.58,67.8,Credit Card
2026-03-01 05:07:44,2026-03-01 05:19:02,6,0.79,7.88,Dispute
2026-03-02 02:32:17,2026-03-02 03:24:14,4,20.12,56.38,Dispute
2026-03-05 23:11:03,2026-03-05 23:17:14,3,7.34,25.02,Dispute
2026-03-07 11:36:30,2026-03-07 12:26:39,6,5.95,22.06,Cash
2026-03-03 05:09:46,2026-03-03 05:32:10,3,8.99,29.79,Credit Card
2026-03-01 12:42:42,2026-03-01 12:48:33,3,0.81,6.96,No Charge
2026-03-02 03:57:59,2026-03-02 04:31:56,4,22.14,64.73,Cash
2026-03-05 17:18:16,2026-03-05 17:38:14,4,11.16,38.21,Dispute
2026-03-06 05:03:22,2026-03-06 05:45:22,6,13.37,38.92,Credit Card
2026-03-04 13:23:14,2026-03-04 14:07:10,4,7.66,26.79,Credit Card
2026-03-04 22:49:37,2026-03-04 23:05:48,4,20.22,59.05,No Charge
2026-03-05 19:59:52,2026-03-05 20:24:40,5,9.48,27.1,Credit Card
2026-03-06 18:46:20,2026-03-06 19:21:42,5,5.36,17.57,Cash
2026-03-05 21:47:02,2026-03-05 21:52:57,6,12.97,36.65,Cash
2026-03-01 20:12:25,2026-03-01 20:49:46,1,3.93,18.4,Cash
2026-03-03 08:04:17,2026-03-03 08:37:51,5,4.38,15.21,No Charge
2026-03-02 00:29:24,2026-03-02 01:11:30,2,5.51,17.15,Credit Card
2026-03-06 01:49:11,2026-03-06 02:11:17,6,3.88,13.42,No Charge
2026-03-03 06:48:16,2026-03-03 07:06:59,6,6.65,21.78,Dispute
2026-03-01 19:16:04,2026-03-01 19:30:36,5,11.06,40.26,Cash
2026-03-01 00:54:24,2026-03-01 01:44:53,5,21.49,-2.28,Cash
2026-03-03 01:14:58,2026-03-03 01:30:12,2,1.81,9.11,No Charge
2026-03-03 18:47:58,2026-03-03 19:41:40,6,10.37,35.62,Credit Card
2026-03-03 10:39:11,2026-03-03 11:01:19,6,21.14,65.5,No Charge
2026-03-05 06:34:07,2026-03-05 06:49:16,4,11.4,35.88,Credit Card
2026-03-01 16:47:18,2026-03-01 17:03:41,4,5.61,20.12,Cash
2026-03-05 20:29:44,2026-03-05 20:38:23,3,12.34,38.9,No Charge
2026-03-03 21:07:49,2026-03-03 21:23:56,2,12.28,43.39,Cash
2026-03-01 04:09:05,2026-03-01 04:56:04,2,24.32,67.87,No Charge
2026-03-03 07:06:55,2026-03-03 07:35:33,3,14.66,46.15,No Charge
2026-03-01 09:35:40,2026-03-01 10:20:39,6,13.75,42.51,Credit Card
2026-03-01 03:34:05,2026-03-01 04:17:13,5,21.71,63.47,Credit Card
2026-03-02 19:35:06,2026-03-02 20:30:09,2,19.07,59.84,No Charge
2026-03-07 04:05:01,2026-03-07 04:35:41,4,11.62,41.89,Dispute
2026-03-01 15:39:13,2026-03-01 16:01:49,2,1.6,12.29,Dispute
2026-03-06 01:12:42,2026-03-06 01:58:35,1,12.18,42.57,Cash
2026-03-07 09:51:30,2026-03-07 09:59:00,4,14.41,39.42,No Charge
2026-03-06 15:12:29,2026-03-06 15:33:46,5,13.39,45.42,Cash
2026-03-03 23:40:49,2026-03-04 00:23:28,2,3.71,21.59,Cash
2026-03-04 12:57:01,2026-03-04 13:21:41,3,15.37,42.71,Credit Card
2026-03-07 16:43:28,2026-03-07 17:03:57,6,11.51,36.46,No Charge
2026-03-07 12:04:35,2026-03-07 12:53:02,4,24.59,65.3,Credit Card
2026-03-07 17:20:32,2026-03-07 18:15:01,3,4.4,19.71,No Charge
2026-03-04 09:13:07,2026-03-04 09:37:47,2,7.66,27.59,Credit Card
2026-03-02 15:33:01,2026-03-02 16:00:28,3,15.21,44.05,No Charge
2026-03-06 18:49:14,2026-03-06 19:04:38,3,7.5,28.56,Credit Card
2026-03-05 01:05:05,2026-03-05 02:02:04,4,20.22,60.03,Cash
2026-03-07 00:57:26,2026-03-07 01:19:47,1,10.83,30.25,No Charge
2026-03-04 15:50:22,2026-03-04 16:48:26,5,10.41,38.39,Credit Card
2026-03-02 12:39:26,2026-03-02 13:06:37,3,17.09,51.06,No Charge
2026-03-05 18:38:18,2026-03-05 19:07:18,5,12.94,38.29,Credit Card
2026-03-03 07:27:28,2026-03-03 07:59:03,5,-1.54,2.82,Credit Card
2026-03-01 11:42:24,2026-03-01 12:38:24,2,4.31,15.32,Dispute
2026-03-04 05:13:15,2026-03-04 05:22:10,1,5.58,26.54,Cash
2026-03-03 01:07:19,2026-03-03 01:28:40,6,5.08,25.16,Credit Card
2026-03-02 03:31:17,2026-03-02 04:15:34,3,15.45,50.89,Dispute
2026-03-06 04:07:44,2026-03-06 04:39:05,5,8.65,28.13,Credit Card
2026-03-04 11:09:17,2026-03-04 11:46:14,5,3.27,19.31,No Charge
2026-03-02 02:07:23,2026-03-02 02:56:33,1,21.0,57.94,Dispute
2026-03-04 09:23:00,2026-03-04 10:15:16,3,15.92,50.2,Cash
2026-03-06 20:28:25,2026-03-06 21:07:28,4,-2.37,4.73,Cash
2026-03-06 14:15:45,2026-03-06 14:19:31,2,3.77,12.72,Dispute
2026-03-07 14:18:58,2026-03-07 15:10:13,3,18.15,49.26,Dispute
2026-03-05 10:15:52,2026-03-05 11:10:45,5,1.57,9.33,No Charge
2026-03-04 07:41:58,2026-03-04 08:18:08,2,24.32,69.13,Dispute
2026-03-05 05:53:41,2026-03-05 06:35:57,4,22.29,67.87,Dispute
2026-03-07 06:24:35,2026-03-07 07:06:36,3,16.82,45.46,Credit Card
2026-03-05 11:27:44,2026-03-05 12:04:48,5,1.69,12.62,Cash
2026-03-06 06:08:27,2026-03-06 06:20:03,1,3.97,20.7,Dispute
2026-03-04 15:18:10,2026-03-04 15:49:57,6,22.94,-3.69,Credit Card
2026-03-03 04:17:00,2026-03-03 04:47:52,1,17.55,48.56,Credit Card
2026-03-03 19:02:07,2026-03-03 19:22:43,1,21.39,65.12,Cash
2026-03-02 23:02:18,2026-03-02 23:45:12,2,18.51,52.39,No Charge
2026-03-06 02:00:07,2026-03-06 02:24:21,4,-2.65,4.38,Credit Card
2026-03-07 10:05:07,2026-03-07 10:38:00,4,-4.82,-0.36,Dispute
2026-03-05 22:35:24,2026-03-05 23:08:54,3,16.17,47.74,Dispute
2026-03-02 12:25:15,2026-03-02 12:40:15,1,2.39,17.87,No Charge
2026-03-07 09:42:10,2026-03-07 10:31:56,6,6.07,23.22,Credit Card
2026-03-05 06:20:10,2026-03-05 07:02:38,3,8.83,28.51,Credit Card
2026-03-06 12:20:51,2026-03-06 13:20:20,2,21.24,56.94,Credit Card
2026-03-01 16:57:02,2026-03-01 17:05:01,6,1.96,8.55,Cash
2026-03-03 09:14:57,2026-03-03 09:36:12,2,5.6,20.07,No Charge
2026-03-01 03:42:41,2026-03-01 04:14:40,3,5.58,25.96,Dispute
2026-03-06 20:57:38,2026-03-06 21:40:00,2,-4.46,-5.71,Cash
2026-03-07 17:04:20,2026-03-07 17:07:28,2,16.28,51.26,No Charge
2026-03-01 09:51:52,2026-03-01 10:12:20,6,15.04,47.93,No Charge
2026-03-04 07:17:19,2026-03-04 07:58:58,4,23.47,69.82,Credit Card
2026-03-04 20:43:57,2026-03-04 21:34:10,1,17.19,46.56,No Charge
2026-03-02 07:09:26,2026-03-02 08:08:18,3,23.18,64.92,Cash
2026-03-03 04:07:01,2026-03-03 04:34:23,3,2.43,15.49,Cash
2026-03-02 08:15:05,2026-03-02 09:10:18,5,7.67,25.42,Cash
2026-03-01 15:33:50,2026-03-01 15:46:30,6,18.49,57.48,Dispute
2026-03-03 00:06:33,2026-03-03 00:44:53,6,22.14,-7.78,Credit Card
2026-03-06 08:04:03,2026-03-06 08:50:25,2,15.29,47.7,Credit Card
2026-03-06 14:32:29,2026-03-06 14:40:35,3,19.12,56.75,Cash
2026-03-07 09:21:07,2026-03-07 10:09:35,3,17.86,55.76,No Charge
2026-03-05 02:22:32,2026-03-05 03:02:17,6,7.26,22.51,Cash
2026-03-04 20:44:37,2026-03-04 21:20:29,5,5.63,18.18,No Charge
2026-03-04 03:20:24,2026-03-04 03:46:52,3,1.09,-9.83,Cash
2026-03-07 03:52:07,2026-03-07 04:35:33,6,-2.21,4.44,Cash
2026-03-05 20:28:31,2026-03-05 21:03:21,5,14.25,42.61,Dispute
2026-03-02 17:07:42,2026-03-02 18:00:27,1,16.74,45.2,No Charge
2026-03-07 01:09:08,2026-03-07 02:03:31,1,24.85,70.46,No Charge
2026-03-01 08:49:01,2026-03-01 09:02:50,5,19.02,59.05,Dispute
2026-03-02 18:14:23,2026-03-02 18:51:19,5,19.24,59.86,Dispute
2026-03-07 08:24:35,2026-03-07 08:47:44,4,4.19,18.96,Credit Card
2026-03-04 14:03:28,2026-03-04 14:37:59,6,23.01,65.36,No Charge
2026-03-03 05:04:09,2026-03-03 05:30:38,2,11.85,39.58,No Charge
2026-03-06 00:17:23,2026-03-06 00:35:36,1,18.0,51.9,Cash
2026-03-05 01:27:40,2026-03-05 02:01:10,3,-0.03,4.9,Cash
2026-03-04 21:30:36,2026-03-04 21:55:35,5,13.49,46.66,No Charge
2026-03-05 09:14:48,2026-03-05 09:52:53,6,3.37,15.37,Dispute
2026-03-01 04:59:26,2026-03-01 05:14:44,6,12.32,-7.47,Credit Card
2026-03-03 19:19:01,2026-03-03 19:52:04,4,11.6,35.98,No Charge
2026-03-03 14:11:54,2026-03-03 14:32:09,4,14.68,41.95,No Charge
2026-03-01 14:50:50,2026-03-01 15:44:47,1,19.02,58.17,Dispute
2026-03-05 08:29:05,2026-03-05 09:27:13,5,22.26,61.73,Cash
2026-03-03 14:09:05,2026-03-03 15:02:35,6,17.61,47.72,Dispute
2026-03-06 18:50:49,2026-03-06 19:34:45,3,12.61,39.66,Cash
2026-03-07 21:16:04,2026-03-07 21:36:44,3,16.72,44.98,No Charge
2026-03-07 01:02:37,2026-03-07 01:58:33,2,-2.57,5.59,Cash
2026-03-03 03:59:05,2026-03-03 04:25:48,6,11.43,33.96,No Charge
2026-03-06 04:01:26,2026-03-06 04:05:35,5,11.53,33.44,Credit Card
2026-03-02 03:38:50,2026-03-02 04:30:16,3,3.03,20.43,Dispute
2026-03-04 16:55:56,2026-03-04 17:07:43,2,11.72,41.35,Cash
2026-03-01 23:54:10,2026-03-02 00:28:34,2,22.78,62.59,Credit Card
2026-03-07 21:31:17,2026-03-07 22:26:19,5,22.78,61.64,Credit Card
2026-03-02 08:11:31,2026-03-02 09:06:53,3,19.49,59.44,Credit Card
2026-03-04 16:28:07,2026-03-04 17:15:02,4,15.39,47.21,Dispute
2026-03-06 14:58:55,2026-03-06 15:08:36,5,17.01,50.28,Cash
2026-03-07 07:44:01,2026-03-07 08:37:59,6,7.52,30.0,Credit Card
2026-03-01 02:38:46,2026-03-01 03:25:04,6,19.83,56.44,No Charge
2026-03-03 15:49:13,2026-03-03 16:11:48,1,8.91,32.96,Cash
2026-03-04 16:47:14,2026-03-04 17:16:01,6,10.56,32.91,Dispute
2026-03-04 04:47:24,2026-03-04 05:02:04,2,24.38,68.58,Cash
2026-03-05 13:41:17,2026-03-05 14:08:07,5,17.87,49.67,No Charge
2026-03-03 01:53:40,2026-03-03 02:26:47,6,24.54,71.28,Cash
2026-03-03 10:01:33,2026-03-03 10:12:42,6,12.57,42.52,Cash
2026-03-01 07:06:02,2026-03-01 07:53:10,4,19.47,51.76,Credit Card
2026-03-01 19:43:32,2026-03-01 20:05:07,5,19.37,53.24,No Charge
2026-03-07 13:07:03,2026-03-07 13:15:54,5,13.64,45.09,Cash
2026-03-03 18:26:02,2026-03-03 19:02:41,2,11.25,38.31,Dispute
2026-03-04 22:21:16,2026-03-04 22:38:15,3,3.73,16.09,Credit Card
2026-03-01 19:46:55,2026-03-01 20:03:00,5,16.01,51.31,No Charge
2026-03-04 11:44:54,2026-03-04 12:14:12,1,19.32,59.64,Cash
2026-03-05 23:35:12,2026-03-06 00:25:27,5,17.72,52.6,Dispute
2026-03-07 10:11:33,2026-03-07 10:30:52,2,18.88,53.29,No Charge
2026-03-04 09:49:30,2026-03-04 09:56:50,6,2.25,13.31,Dispute
2026-03-04 05:19:50,2026-03-04 05:51:26,2,19.64,56.38,No Charge
2026-03-01 03:33:41,2026-03-01 03:56:23,6,17.97,50.68,No Charge
2026-03-04 22:37:00,2026-03-04 22:55:35,4,10.89,30.5,Credit Card
2026-03-01 14:00:29,2026-03-01 14:42:00,3,11.22,37.63,No Charge
2026-03-01 03:18:33,2026-03-01 03:51:22,1,22.7,63.67,Dispute
2026-03-01 17:53:27,2026-03-01 18:12:22,2,16.06,51.9,Cash
2026-03-05 02:52:13,2026-03-05 02:58:53,5,4.1,22.15,Dispute
2026-03-01 23:41:49,2026-03-01 23:48:21,1,24.71,74.68,Credit Card
2026-03-03 23:36:05,2026-03-04 00:16:23,1,15.28,41.8,Dispute
2026-03-01 18:35:40,2026-03-01 19:20:38,4,17.75,49.58,Cash
2026-03-06 20:35:22,2026-03-06 20:43:10,2,6.25,21.93,Cash
2026-03-01 00:06:50,2026-03-01 01:06:09,6,21.47,63.08,Cash
2026-03-07 22:45:51,2026-03-07 22:56:41,1,8.32,30.13,Dispute
2026-03-07 18:13:33,2026-03-07 19:07:53,6,2.8,12.59,Credit Card
2026-03-06 11:02:48,2026-03-06 11:21:38,2,-1.65,7.02,Dispute
2026-03-06 05:28:51,2026-03-06 05:44:53,5,19.01,52.27,Credit Card
2026-03-05 03:19:19,2026-03-05 04:10:39,4,18.83,52.5,Credit Card
2026-03-04 05:49:28,2026-03-04 06:29:46,6,24.99,68.19,Dispute
2026-03-01 11:57:58,2026-03-01 12:04:28,3,18.68,-2.17,Dispute
2026-03-06 17:18:15,2026-03-06 17:48:59,3,14.35,45.3,Cash
2026-03-02 06:55:51,2026-03-02 07:16:52,1,22.26,66.54,Dispute
2026-03-01 04:03:16,2026-03-01 04:07:25,4,13.08,41.23,No Charge
2026-03-06 07:31:53,2026-03-06 08:20:46,4,17.73,-2.42,No Charge
2026-03-03 02:22:14,2026-03-03 02:52:44,3,24.62,71.96,No Charge
2026-03-06 04:45:20,2026-03-06 05:02:31,1,2.12,8.85,Dispute
2026-03-01 14:19:43,2026-03-01 15:07:50,3,2.02,9.4,Credit Card
2026-03-06 01:00:34,2026-03-06 01:10:56,1,15.98,51.43,Dispute
2026-03-05 15:05:43,2026-03-05 15:17:26,2,24.38,71.18,No Charge
2026-03-06 21:56:28,2026-03-06 22:17:03,4,8.11,25.76,Dispute
2026-03-02 02:38:34,2026-03-02 02:50:05,1,9.9,29.81,Credit Card
2026-03-04 15:22:00,2026-03-04 16:02:18,6,24.19,73.34,Credit Card
2026-03-02 05:00:33,2026-03-02 05:48:57,6,9.66,27.93,Cash
2026-03-05 07:57:16,2026-03-05 08:34:31,1,2.48,13.69,No Charge
2026-03-01 21:23:39,2026-03-01 22:01:57,2,9.93,29.71,Cash
2026-03-04 07:13:32,2026-03-04 07:43:03,5,9.6,-5.5,Dispute
2026-03-05 09:38:38,2026-03-05 10:27:56,4,16.06,43.67,Cash
2026-03-05 00:14:17,2026-03-05 01:05:49,2,11.21,31.41,No Charge
2026-03-06 11:11:42,2026-03-06 11:49:58,6,0.75,6.9,Credit Card
2026-03-04 18:58:42,2026-03-04 19:50:27,4,18.39,58.1,Cash
2026-03-07 09:43:12,2026-03-07 10:29:57,5,3.68,15.29,Credit Card
2026-03-04 19:45:28,2026-03-04 20:19:40,1,8.68,27.07,Dispute
2026-03-07 13:21:41,2026-03-07 14:06:07,5,22.26,67.8,Dispute
2026-03-03 22:22:27,2026-03-03 22:44:52,1,4.2,21.29,Dispute
2026-03-03 07:15:35,2026-03-03 07:37:54,3,12.59,42.86,No Charge
2026-03-02 16:18:05,2026-03-02 16:57:11,6,17.07,51.0,Credit Card
2026-03-02 00:02:18,2026-03-02 00:56:01,5,22.19,66.85,Dispute
2026-03-05 15:34:56,2026-03-05 16:29:16,3,3.59,18.88,Credit Card
2026-03-06 14:23:04,2026-03-06 15:02:31,4,9.06,32.89,Cash
2026-03-03 09:29:22,2026-03-03 09:34:44,1,10.9,35.75,Dispute
2026-03-03 08:31:11,2026-03-03 09:12:47,6,11.55,40.32,Cash
2026-03-04 16:39:42,2026-03-04 17:24:03,4,14.96,49.73,Dispute
2026-03-04 20:14:12,2026-03-04 20:45:01,5,2.31,13.26,Cash
2026-03-06 18:12:33,2026-03-06 19:09:13,1,10.34,29.55,Dispute
2026-03-03 09:35:10,2026-03-03 10:22:46,2,6.6,26.03,Credit Card
2026-03-03 10:46:27,2026-03-03 11:14:21,5,11.37,40.85,Dispute
2026-03-07 06:46:39,2026-03-07 07:23:37,3,11.66,37.72,Cash
2026-03-01 02:42:05,2026-03-01 02:59:25,4,6.36,22.78,Cash
2026-03-01 15:37:31,2026-03-01 16:29:49,4,21.5,63.36,Cash
2026-03-05 07:18:04,2026-03-05 08:05:54,4,23.1,64.85,Cash
2026-03-07 20:30:23,2026-03-07 21:10:11,1,11.51,33.27,Credit Card
2026-03-01 07:33:10,2026-03-01 08:14:21,1,14.04,43.35,No Charge
2026-03-05 12:35:15,2026-03-05 12:59:58,5,8.19,-8.58,Dispute
2026-03-01 08:47:16,2026-03-01 09:38:54,4,12.42,37.04,Credit Card
2026-03-04 01:52:06,2026-03-04 02:13:42,1,10.02,29.84,Dispute
2026-03-07 02:47:03,2026-03-07 03:17:13,3,24.11,64.41,No Charge
2026-03-02 11:37:10,2026-03-02 11:41:04,6,23.56,64.05,No Charge
2026-03-02 00:46:03,2026-03-02 01:25:59,1,22.21,58.53,Credit Card
2026-03-07 18:59:42,2026-03-07 19:50:43,1,13.96,39.19,Credit Card
2026-03-01 14:19:04,2026-03-01 14:40:47,4,23.74,69.16,No Charge
2026-03-05 17:35:42,2026-03-05 17:59:10,4,7.54,22.83,No Charge
2026-03-07 11:12:40,2026-03-07 11:41:23,2,18.95,58.97,Cash
2026-03-01 10:01:15,2026-03-01 10:55:08,4,21.51,66.53,Credit Card
2026-03-03 15:43:38,2026-03-03 15:56:35,6,-3.71,-4.61,No Charge
2026-03-02 09:21:02,2026-03-02 09:45:32,3,3.82,14.69,Cash
2026-03-06 19:24:09,2026-03-06 19:48:48,3,14.75,41.05,Dispute
2026-03-06 11:49:19,2026-03-06 11:54:48,4,7.05,-6.57,Credit Card
2026-03-01 23:25:14,2026-03-02 00:07:02,1,10.43,38.41,Dispute
2026-03-03 18:05:24,2026-03-03 18:34:47,6,13.4,41.65,No Charge
2026-03-05 16:58:50,2026-03-05 17:46:25,2,1.28,13.56,Cash
2026-03-05 01:59:34,2026-03-05 02:21:33,5,23.95,66.16,Credit Card
2026-03-06 06:53:36,2026-03-06 07:01:23,2,16.46,51.58,Dispute
2026-03-02 13:14:27,2026-03-02 13:27:41,5,23.53,62.9,No Charge
2026-03-04 20:00:49,2026-03-04 20:54:16,1,16.0,47.75,Dispute
2026-03-07 10:00:33,2026-03-07 10:44:11,3,-4.08,-5.32,Dispute
2026-03-06 03:23:53,2026-03-06 03:56:45,4,14.94,48.54,Credit Card
2026-03-05 02:11:22,2026-03-05 02:40:20,5,5.45,20.21,Credit Card
2026-03-03 20:13:35,2026-03-03 20:36:55,4,9.05,27.95,Credit Card
2026-03-05 20:47:49,2026-03-05 21:07:57,3,2.65,15.9,Cash
2026-03-03 16:06:14,2026-03-03 16:58:18,3,13.69,46.9,Dispute
2026-03-06 20:33:24,2026-03-06 20:45:12,3,10.41,29.05,Credit Card
2026-03-02 08:15:05,2026-03-02 08:19:31,4,20.27,60.71,Cash
2026-03-01 08:52:53,2026-03-01 09:13:04,6,19.98,59.91,Credit Card
2026-03-01 06:46:41,2026-03-01 07:37:29,4,18.41,49.63,No Charge
2026-03-03 09:53:20,2026-03-03 10:47:07,1,11.24,40.84,No Charge
2026-03-04 20:48:49,2026-03-04 20:57:21,4,8.66,25.15,Dispute
2026-03-01 02:25:13,2026-03-01 02:38:45,2,14.3,48.09,No Charge
2026-03-06 10:35:23,2026-03-06 11:08:03,2,22.02,62.44,Credit Card
2026-03-06 10:50:10,2026-03-06 11:35:44,4,3.57,21.1,Cash
2026-03-07 02:34:20,2026-03-07 03:13:25,4,4.4,-8.87,Cash
2026-03-03 04:12:34,2026-03-03 04:34:43,2,3.92,-5.4,Credit Card
2026-03-04 07:21:52,2026-03-04 08:08:14,4,6.85,25.23,Cash
2026-03-02 14:10:36,2026-03-02 14:40:05,5,10.98,32.26,Cash
2026-03-05 03:45:24,2026-03-05 04:22:13,4,-4.25,-0.98,Cash
2026-03-05 13:07:09,2026-03-05 13:15:59,3,9.88,-4.14,Dispute
2026-03-05 16:12:39,2026-03-05 17:04:12,2,16.38,52.26,Credit Card
2026-03-06 15:21:45,2026-03-06 16:09:21,6,12.64,36.88,Cash
2026-03-04 20:21:31,2026-03-04 20:39:35,6,8.47,29.88,Credit Card
2026-03-06 17:07:53,2026-03-06 17:51:33,3,23.14,65.26,No Charge
2026-03-06 22:17:04,2026-03-06 23:10:45,3,20.73,60.35,Dispute
2026-03-02 01:51:15,2026-03-02 01:56:11,2,1.81,14.9,No Charge
2026-03-05 07:35:33,2026-03-05 08:16:08,6,13.31,40.49,Credit Card
2026-03-05 23:29:38,2026-03-06 00:24:58,5,19.37,56.71,Dispute
2026-03-03 20:18:50,2026-03-03 20:35:10,4,10.46,32.33,Cash
2026-03-03 17:01:49,2026-03-03 17:43:30,4,13.1,37.73,Credit Card
2026-03-04 20:14:29,2026-03-04 20:38:14,4,-1.75,2.72,Cash
2026-03-05 13:49:11,2026-03-05 14:16:07,5,10.77,30.76,Dispute
2026-03-01 03:58:32,2026-03-01 04:45:51,3,20.8,62.02,Credit Card
2026-03-03 19:37:39,2026-03-03 20:11:17,6,13.16,39.47,Dispute
2026-03-03 12:18:40,2026-03-03 12:33:06,6,16.66,53.53,Cash
2026-03-01 18:05:34,2026-03-01 18:25:39,3,1.57,11.71,Cash
2026-03-05 11:13:39,2026-03-05 11:45:32,1,1.66,16.66,No Charge
2026-03-04 16:47:37,2026-03-04 17:18:51,3,10.75,36.64,Credit Card
2026-03-03 16:43:10,2026-03-03 17:13:42,4,2.05,13.24,Dispute
2026-03-04 02:51:18,2026-03-04 03:35:22,1,8.1,32.23,Dispute
2026-03-05 22:48:08,2026-03-05 23:28:18,3,21.04,60.08,Cash
2026-03-02 22:38:06,2026-03-02 23:33:03,6,16.32,49.14,Credit Card
2026-03-04 07:41:58,2026-03-04 08:30:41,6,0.93,14.74,No Charge
2026-03-06 14:40:32,2026-03-06 15:10:08,1,16.78,49.99,No Charge
2026-03-03 12:46:28,2026-03-03 12:50:54,1,0.64,9.22,Credit Card
2026-03-04 07:00:53,2026-03-04 07:20:15,1,20.2,54.82,No Charge
2026-03-05 12:51:02,2026-03-05 13:02:22,3,19.17,58.12,Cash
2026-03-05 14:01:00,2026-03-05 14:51:28,1,19.47,57.19,No Charge
2026-03-01 06:32:51,2026-03-01 06:57:13,1,14.03,42.53,Credit Card
2026-03-07 17:13:53,2026-03-07 17:49:23,2,5.79,20.73,Cash
2026-03-05 23:49:43,2026-03-06 00:37:31,6,17.52,52.96,No Charge
2026-03-04 13:21:47,2026-03-04 14:14:00,2,-1.08,8.64,Cash
2026-03-05 07:31:12,2026-03-05 08:13:46,2,21.47,-8.66,No Charge
2026-03-03 12:05:31,2026-03-03 13:03:43,4,20.46,60.19,Cash
2026-03-07 23:28:55,2026-03-08 00:00:34,1,21.48,-8.68,Cash
2026-03-07 01:39:15,2026-03-07 01:44:51,4,0.62,13.16,No Charge
2026-03-01 14:37:43,2026-03-01 15:25:32,2,19.97,53.84,Dispute
2026-03-05 06:02:56,2026-03-05 06:29:50,6,21.19,56.56,Credit Card
2026-03-04 12:57:17,2026-03-04 13:22:54,5,11.98,37.04,Dispute
2026-03-05 16:02:34,2026-03-05 16:49:00,5,6.94,22.4,Credit Card
2026-03-01 16:37:32,2026-03-01 17:24:13,4,23.49,64.56,Cash
2026-03-06 10:33:40,2026-03-06 11:31:04,4,4.37,14.61,No Charge
2026-03-06 04:14:59,2026-03-06 04:49:55,6,5.39,20.31,Cash
2026-03-05 13:56:17,2026-03-05 14:14:03,6,7.38,21.89,Dispute
2026-03-03 21:25:28,2026-03-03 22:16:10,4,23.72,68.94,Cash
2026-03-06 07:21:34,2026-03-06 07:38:33,1,4.51,23.2,Credit Card
2026-03-03 21:46:10,2026-03-03 22:05:40,3,23.92,63.18,Cash
2026-03-07 16:19:27,2026-03-07 16:23:26,3,23.73,65.45,No Charge
2026-03-07 08:30:11,2026-03-07 08:48:49,3,22.67,64.08,Dispute
2026-03-07 00:44:31,2026-03-07 01:42:00,5,13.42,38.15,Dispute
2026-03-05 13:30:03,2026-03-05 14:15:07,3,17.52,55.07,Dispute
2026-03-05 18:50:14,2026-03-05 19:23:29,2,21.36,61.6,No Charge
2026-03-01 06:00:48,2026-03-01 06:55:58,6,24.49,65.5,No Charge
2026-03-04 21:57:25,2026-03-04 22:12:33,1,3.18,15.6,Dispute
2026-03-06 13:56:48,2026-03-06 14:49:31,1,22.9,68.08,Credit Card
2026-03-02 19:18:50,2026-03-02 19:58:55,5,13.83,43.08,Credit Card
2026-03-01 07:46:40,2026-03-01 08:21:26,2,21.48,58.76,No Charge
2026-03-05 01:26:33,2026-03-05 02:12:24,6,-1.89,4.36,Credit Card
2026-03-07 20:59:22,2026-03-07 21:36:13,1,15.44,42.74,Dispute
2026-03-06 06:13:54,2026-03-06 06:48:00,5,2.34,12.31,Credit Card
2026-03-01 07:16:05,2026-03-01 07:58:09,1,6.52,21.09,Cash
2026-03-01 14:03:37,2026-03-01 14:40:07,5,24.23,70.54,Credit Card
2026-03-04 20:18:51,2026-03-04 20:56:28,1,16.97,46.7,Dispute
2026-03-02 13:58:55,2026-03-02 14:28:40,3,19.36,61.3,Credit Card
2026-03-03 11:06:19,2026-03-03 11:12:34,2,11.58,39.53,Dispute
2026-03-04 05:43:18,2026-03-04 06:37:11,6,5.71,20.8,Cash
2026-03-01 10:03:08,2026-03-01 10:23:29,5,24.87,69.71,Dispute
2026-03-05 11:13:46,2026-03-05 12:06:10,2,19.04,53.92,No Charge
2026-03-01 00:15:27,2026-03-01 00:45:46,1,4.11,14.04,Credit Card
2026-03-02 11:31:47,2026-03-02 11:57:06,4,19.59,57.52,No Charge
2026-03-07 10:59:58,2026-03-07 11:48:51,5,12.54,40.39,Cash
2026-03-03 18:55:57,2026-03-03 19:27:14,6,8.59,-6.26,Dispute
2026-03-05 21:33:18,2026-03-05 22:21:59,6,3.18,18.63,Cash
2026-03-01 19:05:31,2026-03-01 19:42:16,2,6.7,-6.24,Dispute
2026-03-05 16:17:35,2026-03-05 16:59:20,6,13.03,-6.78,No Charge
2026-03-04 09:05:41,2026-03-04 09:28:37,2,15.7,50.22,No Charge
2026-03-04 09:19:35,2026-03-04 09:36:02,4,7.39,27.85,No Charge
2026-03-02 17:51:38,2026-03-02 18:36:20,4,10.11,28.99,Dispute
2026-03-01 13:21:10,2026-03-01 13:33:10,2,9.37,30.91,No Charge
2026-03-02 04:41:17,2026-03-02 05:02:01,6,23.98,65.15,Dispute
2026-03-03 02:06:19,2026-03-03 02:48:09,5,3.3,20.12,No Charge
2026-03-05 09:15:31,2026-03-05 10:07:18,2,20.51,-2.28,Credit Card
2026-03-03 22:59:15,2026-03-03 23:59:02,5,7.32,27.22,Credit Card
2026-03-05 15:17:55,2026-03-05 15:48:18,3,6.15,21.43,Dispute
2026-03-03 08:54:13,2026-03-03 09:21:34,3,-4.99,-1.69,No Charge
2026-03-01 22:42:06,2026-03-01 22:57:12,4,13.26,43.51,Credit Card
2026-03-05 14:25:46,2026-03-05 14:46:28,5,23.74,70.36,Dispute
2026-03-05 09:37:26,2026-03-05 09:57:07,2,23.32,64.88,Cash
2026-03-02 08:03:15,2026-03-02 08:23:13,5,21.06,58.31,No Charge
2026-03-03 09:14:17,2026-03-03 09:58:45,4,3.06,15.72,Dispute
2026-03-06 06:05:25,2026-03-06 06:30:51,1,5.22,-1.74,Credit Card
2026-03-07 19:58:55,2026-03-07 20:24:34,3,8.88,26.7,Credit Card
2026-03-02 15:07:26,2026-03-02 15:32:23,6,13.95,40.76,No Charge
2026-03-06 01:02:51,2026-03-06 01:39:05,2,18.76,57.34,Credit Card
2026-03-06 05:23:29,2026-03-06 06:23:26,3,6.77,28.75,Credit Card
2026-03-01 04:55:51,2026-03-01 05:48:56,4,13.82,45.7,Dispute
2026-03-05 01:52:18,2026-03-05 02:24:37,4,9.23,33.56,Dispute
2026-03-04 00:28:00,2026-03-04 00:33:42,3,16.21,50.32,No Charge
2026-03-01 03:31:37,2026-03-01 04:10:54,3,10.86,34.34,Dispute
2026-03-07 15:51:11,2026-03-07 16:25:40,5,7.72,24.52,Dispute
2026-03-05 09:08:34,2026-03-05 09:25:07,5,20.32,62.56,Dispute
2026-03-07 15:11:58,2026-03-07 15:22:42,4,3.69,16.15,No Charge
2026-03-05 15:52:52,2026-03-05 16:34:01,2,6.64,23.2,Dispute
2026-03-05 23:21:24,2026-03-06 00:13:14,3,24.88,72.68,Credit Card
2026-03-05 19:27:39,2026-03-05 19:45:08,4,18.47,55.32,Credit Card
2026-03-06 06:48:53,2026-03-06 07:39:25,2,18.34,55.73,Cash
2026-03-06 14:02:17,2026-03-06 14:18:15,5,9.45,30.68,Dispute
2026-03-04 19:52:28,2026-03-04 20:06:09,3,6.46,28.56,Cash
2026-03-05 04:10:55,2026-03-05 05:04:08,2,9.14,28.04,Cash
2026-03-05 23:10:16,2026-03-05 23:50:20,2,13.46,39.01,Credit Card
2026-03-07 13:35:19,2026-03-07 13:40:34,5,-0.01,5.06,Credit Card
2026-03-02 21:22:12,2026-03-02 22:01:40,1,5.59,19.58,Cash
2026-03-06 22:36:26,2026-03-06 23:10:52,1,2.09,11.66,Cash
2026-03-06 11:55:03,2026-03-06 12:02:49,5,14.6,41.63,Credit Card
2026-03-01 12:01:03,2026-03-01 12:46:24,2,4.18,19.37,Cash
2026-03-01 09:04:03,2026-03-01 09:46:16,3,5.63,22.84,Cash
2026-03-04 05:06:20,2026-03-04 05:46:41,4,16.55,44.56,No Charge
2026-03-06 09:36:31,2026-03-06 10:08:55,6,8.24,25.89,Credit Card
2026-03-06 11:50:40,2026-03-06 11:58:13,4,7.08,23.45,Dispute
2026-03-07 07:32:06,2026-03-07 07:44:42,5,2.35,13.18,Dispute
2026-03-05 13:32:42,2026-03-05 13:37:18,6,17.58,50.39,Dispute
2026-03-03 12:16:58,2026-03-03 12:46:08,5,7.29,25.77,Cash
2026-03-07 17:45:22,2026-03-07 17:58:59,5,22.34,62.47,Dispute
2026-03-01 19:53:21,2026-03-01 20:13:42,1,6.97,26.61,No Charge
2026-03-06 12:58:20,2026-03-06 13:29:45,3,14.5,44.1,Cash
2026-03-07 20:24:59,2026-03-07 20:30:40,2,16.55,49.88,Credit Card
2026-03-01 05:39:40,2026-03-01 06:24:11,3,8.95,34.37,Credit Card
2026-03-02 21:24:08,2026-03-02 22:21:49,1,22.91,67.64,Cash
2026-03-05 10:48:56,2026-03-05 11:12:28,1,15.7,52.07,Dispute
2026-03-02 12:14:59,2026-03-02 13:08:23,6,14.67,47.39,Cash
2026-03-03 23:34:57,2026-03-04 00:10:38,1,17.21,-1.57,Credit Card
2026-03-07 01:45:57,2026-03-07 02:36:15,4,17.58,48.64,Credit Card
2026-03-05 08:17:42,2026-03-05 08:37:33,3,20.17,60.13,Credit Card
2026-03-01 00:49:48,2026-03-01 01:45:31,3,2.6,15.36,No Charge
2026-03-07 17:34:02,2026-03-07 18:04:13,1,16.49,50.13,No Charge
2026-03-04 23:45:50,2026-03-04 23:56:39,2,23.23,68.89,Dispute
2026-03-06 11:58:39,2026-03-06 12:53:48,2,6.1,25.87,No Charge
2026-03-06 06:32:37,2026-03-06 07:32:18,5,0.95,7.26,Cash
2026-03-03 19:08:01,2026-03-03 19:53:02,1,21.27,64.01,No Charge
2026-03-05 15:44:45,2026-03-05 16:13:37,2,22.82,67.91,No Charge
2026-03-01 14:25:58,2026-03-01 14:50:06,2,24.02,67.74,Dispute
2026-03-06 05:04:08,2026-03-06 05:54:43,6,13.89,43.8,Credit Card
2026-03-05 10:44:56,2026-03-05 10:59:30,6,21.62,66.89,Dispute
2026-03-03 19:17:35,2026-03-03 19:52:11,3,14.45,46.16,Dispute
2026-03-01 11:55:58,2026-03-01 12:09:03,2,7.2,30.13,No Charge
2026-03-06 20:46:21,2026-03-06 21:43:54,4,10.83,32.55,Dispute
2026-03-05 03:46:04,2026-03-05 04:04:10,3,14.66,48.77,Credit Card
2026-03-02 15:18:17,2026-03-02 15:30:55,2,3.98,18.01,Dispute
2026-03-01 18:53:17,2026-03-01 19:40:40,3,16.0,51.76,Credit Card
2026-03-03 06:00:30,2026-03-03 06:17:32,5,15.24,48.65,Cash
2026-03-07 00:14:55,2026-03-07 00:21:58,6,22.42,62.49,Cash
2026-03-02 13:54:06,2026-03-02 14:15:59,4,6.43,21.42,Dispute
2026-03-07 14:58:55,2026-03-07 15:06:07,3,13.51,39.06,Credit Card
2026-03-05 21:49:23,2026-03-05 22:18:49,6,7.79,29.78,Dispute
2026-03-05 06:29:14,2026-03-05 07:06:41,4,7.52,24.64,No Charge
2026-03-03 16:13:46,2026-03-03 17:06:23,2,1.41,-1.92,Credit Card
2026-03-06 04:48:51,2026-03-06 04:52:00,6,11.23,40.71,Dispute
2026-03-02 15:41:09,2026-03-02 16:02:03,3,4.54,19.58,No Charge
2026-03-04 04:57:55,2026-03-04 05:13:59,5,16.58,54.12,Credit Card
2026-03-05 07:07:58,2026-03-05 07:46:48,2,12.45,42.28,Credit Card
2026-03-04 12:48:10,2026-03-04 12:56:44,3,10.92,34.47,Cash
2026-03-03 04:05:25,2026-03-03 04:56:37,1,3.55,15.18,Dispute
2026-03-06 05:00:55,2026-03-06 05:04:55,4,2.22,9.2,Dispute
2026-03-03 02:44:32,2026-03-03 03:42:57,3,19.26,57.0,Credit Card
2026-03-06 03:26:40,2026-03-06 04:24:14,2,17.01,-5.97,Credit Card
2026-03-06 03:39:52,2026-03-06 04:16:01,5,1.15,12.5,Dispute
2026-03-07 22:26:31,2026-03-07 23:09:03,5,5.99,23.32,Credit Card
2026-03-05 11:18:24,2026-03-05 11:31:42,6,19.84,61.7,Dispute
2026-03-04 16:16:09,2026-03-04 16:49:56,1,11.75,37.86,Credit Card
2026-03-06 17:59:09,2026-03-06 18:06:07,4,21.31,56.35,Cash
2026-03-07 02:57:29,2026-03-07 03:36:06,6,15.04,46.45,Cash
2026-03-04 14:05:33,2026-03-04 14:11:07,2,21.93,62.65,No Charge
2026-03-06 18:18:28,2026-03-06 19:17:15,1,24.06,69.42,No Charge
2026-03-03 04:49:53,2026-03-03 05:10:15,5,13.06,44.93,Credit Card
2026-03-07 03:19:20,2026-03-07 03:22:55,5,10.28,37.32,Cash
2026-03-01 20:18:28,2026-03-01 20:55:29,3,7.1,29.08,Cash
2026-03-04 10:53:11,2026-03-04 11:36:09,3,4.01,13.15,Dispute
2026-03-01 09:44:38,2026-03-01 10:02:41,3,20.86,55.96,Cash
2026-03-03 04:17:30,2026-03-03 04:33:46,3,20.39,60.66,Cash
2026-03-05 02:26:04,2026-03-05 02:46:57,3,6.23,-5.19,Cash
2026-03-03 19:40:45,2026-03-03 19:46:37,2,6.55,20.78,Dispute
2026-03-01 09:37:19,2026-03-01 10:12:34,3,3.23,14.13,Credit Card
2026-03-05 15:42:11,2026-03-05 15:50:42,5,0.61,7.68,Cash
2026-03-04 14:34:04,2026-03-04 15:02:10,5,8.46,26.39,Cash
2026-03-07 10:54:16,2026-03-07 10:58:35,1,4.46,20.61,No Charge
2026-03-03 02:25:57,2026-03-03 02:57:23,5,13.21,37.13,Credit Card
2026-03-04 23:14:23,2026-03-04 23:40:26,3,6.63,27.41,Dispute
2026-03-07 18:08:45,2026-03-07 18:35:10,2,23.98,66.01,Cash
2026-03-07 08:54:22,2026-03-07 09:17:39,6,12.13,40.89,Dispute
2026-03-06 04:34:57,2026-03-06 04:59:31,5,2.78,14.58,Credit Card
2026-03-06 04:51:50,2026-03-06 05:36:32,1,21.69,61.66,Credit Card
2026-03-01 05:21:25,2026-03-01 06:13:01,5,5.93,23.93,No Charge
2026-03-05 23:40:27,2026-03-06 00:35:51,5,23.68,67.57,Dispute
2026-03-02 17:45:58,2026-03-02 18:00:36,1,18.36,54.11,No Charge
2026-03-07 18:05:29,2026-03-07 18:29:17,1,7.14,23.67,No Charge
2026-03-04 22:48:54,2026-03-04 23:25:45,4,1.95,11.45,Dispute
2026-03-03 05:22:24,2026-03-03 06:00:09,1,-0.09,9.97,Dispute
2026-03-02 01:27:05,2026-03-02 01:43:47,4,-2.25,4.06,No Charge
2026-03-06 23:11:57,2026-03-07 00:03:28,1,2.57,13.8,No Charge
2026-03-01 12:41:55,2026-03-01 13:29:43,5,18.87,57.97,Dispute
2026-03-02 11:54:59,2026-03-02 12:54:16,1,15.76,48.87,No Charge
2026-03-03 00:39:00,2026-03-03 00:46:18,3,10.89,34.68,Cash
2026-03-04 01:20:43,2026-03-04 01:43:14,3,2.59,12.81,No Charge
2026-03-05 03:35:18,2026-03-05 03:45:34,4,21.44,-1.64,No Charge
2026-03-05 20:32:36,2026-03-05 21:08:43,5,13.02,39.41,Dispute
2026-03-02 05:52:19,2026-03-02 06:44:50,1,13.41,39.2,Dispute
2026-03-01 02:30:02,2026-03-01 02:38:34,6,22.45,68.17,Credit Card
2026-03-05 01:34:38,2026-03-05 02:12:27,6,1.82,11.72,Dispute
2026-03-01 21:25:58,2026-03-01 21:38:45,3,13.44,40.92,No Charge
2026-03-07 22:19:13,2026-03-07 22:46:31,5,2.88,13.0,Credit Card
2026-03-07 10:42:19,2026-03-07 11:33:35,1,0.97,7.93,Cash
2026-03-03 23:32:10,2026-03-03 23:37:30,6,21.73,63.56,Credit Card
2026-03-06 06:48:58,2026-03-06 07:48:49,2,23.78,68.75,Dispute
2026-03-04 09:48:47,2026-03-04 10:10:34,5,4.37,15.49,Cash
2026-03-05 07:15:32,2026-03-05 07:18:39,6,24.71,72.01,Credit Card
2026-03-03 05:59:00,2026-03-03 06:55:37,5,23.33,66.73,Dispute
2026-03-01 19:21:12,2026-03-01 19:57:29,1,14.53,45.85,Credit Card
2026-03-06 05:52:27,2026-03-06 06:04:02,2,16.89,46.91,No Charge
2026-03-07 00:55:29,2026-03-07 01:25:32,4,10.21,34.97,Cash
2026-03-07 01:33:20,2026-03-07 01:37:00,1,14.97,48.19,Credit Card
2026-03-01 15:15:39,2026-03-01 16:14:53,6,19.58,59.44,No Charge
2026-03-04 10:50:53,2026-03-04 11:02:55,1,8.77,29.73,Cash
2026-03-02 04:19:57,2026-03-02 04:34:40,5,13.63,45.84,Cash
2026-03-03 01:21:47,2026-03-03 01:50:23,4,20.84,64.96,Cash
2026-03-05 11:27:59,2026-03-05 12:10:10,5,11.55,35.53,Cash
2026-03-05 18:08:51,2026-03-05 18:16:20,6,21.44,62.08,Dispute
2026-03-04 13:59:31,2026-03-04 14:32:17,2,18.6,56.12,Cash
2026-03-03 20:17:53,2026-03-03 20:24:09,1,22.19,63.36,Cash
2026-03-06 21:26:48,2026-03-06 21:37:25,4,19.29,56.86,Dispute
2026-03-06 11:06:35,2026-03-06 12:06:31,6,3.83,21.74,No Charge
2026-03-06 07:42:49,2026-03-06 08:29:17,4,22.84,63.59,No Charge
2026-03-06 10:57:11,2026-03-06 11:13:35,6,-0.59,5.75,Credit Card
2026-03-04 16:03:34,2026-03-04 16:30:41,5,18.18,56.71,No Charge
2026-03-02 07:15:39,2026-03-02 07:58:55,4,0.53,8.92,Credit Card
2026-03-05 18:22:30,2026-03-05 18:43:42,4,13.39,37.17,Cash
2026-03-02 20:19:50,2026-03-02 20:59:57,2,4.13,16.01,Dispute
2026-03-06 05:05:09,2026-03-06 05:41:26,6,15.77,47.3,No Charge
2026-03-07 00:33:42,2026-03-07 01:03:00,4,-2.96,4.19,Dispute
2026-03-01 16:34:08,2026-03-01 17:17:54,6,1.5,8.17,Dispute
2026-03-04 01:48:45,2026-03-04 02:32:39,3,2.0,13.42,Cash
2026-03-04 15:48:22,2026-03-04 16:27:33,1,14.88,42.51,Dispute
2026-03-01 08:42:01,2026-03-01 08:52:54,4,0.9,6.42,Dispute
2026-03-07 07:48:50,2026-03-07 07:55:20,6,-1.0,3.12,Dispute
2026-03-06 00:55:42,2026-03-06 01:26:30,1,6.78,24.75,Dispute
2026-03-01 10:44:33,2026-03-01 11:34:04,5,8.24,25.16,Cash
2026-03-07 19:03:01,2026-03-07 19:28:55,6,3.34,16.37,Credit Card
2026-03-02 01:22:14,2026-03-02 02:11:37,1,-3.58,0.82,Credit Card
2026-03-02 07:25:14,2026-03-02 07:37:48,3,1.43,10.6,Credit Card
2026-03-01 11:01:01,2026-03-01 11:07:17,4,7.83,-7.62,Credit Card
2026-03-01 21:59:28,2026-03-01 22:51:45,6,22.16,60.57,Dispute
2026-03-02 21:13:45,2026-03-02 21:53:10,6,10.1,37.08,Cash
2026-03-04 16:32:29,2026-03-04 16:40:23,1,24.14,-3.94,Cash
2026-03-07 16:16:22,2026-03-07 16:31:34,5,-0.62,3.84,Dispute
2026-03-06 17:51:29,2026-03-06 18:28:11,4,16.26,49.97,No Charge
2026-03-01 20:23:53,2026-03-01 20:58:28,3,5.24,23.76,Dispute
2026-03-07 22:16:16,2026-03-07 23:07:08,2,17.7,50.15,Dispute
